-- phpMyAdmin SQL Dump
-- version 4.2.11
-- http://www.phpmyadmin.net
--
-- Servidor: 127.0.0.1
-- Tiempo de generación: 18-04-2019 a las 17:17:14
-- Versión del servidor: 5.6.21
-- Versión de PHP: 5.6.3

SET SQL_MODE = "NO_AUTO_VALUE_ON_ZERO";
SET time_zone = "+00:00";


/*!40101 SET @OLD_CHARACTER_SET_CLIENT=@@CHARACTER_SET_CLIENT */;
/*!40101 SET @OLD_CHARACTER_SET_RESULTS=@@CHARACTER_SET_RESULTS */;
/*!40101 SET @OLD_COLLATION_CONNECTION=@@COLLATION_CONNECTION */;
/*!40101 SET NAMES utf8 */;

--
-- Base de datos: `pokemon`
--

-- --------------------------------------------------------

--
-- Estructura de tabla para la tabla `ataques`
--

CREATE TABLE IF NOT EXISTS `ataques` (
  `clave` int(4) NOT NULL DEFAULT '0',
  `tipo` varchar(30) DEFAULT NULL,
  `nombre` varchar(30) DEFAULT NULL,
  `impactar` int(2) DEFAULT NULL,
  `daño` int(2) DEFAULT NULL,
  `requisitos` int(2) DEFAULT NULL,
  `notas` varchar(100) DEFAULT NULL
) ENGINE=InnoDB DEFAULT CHARSET=latin1;

--
-- Volcado de datos para la tabla `ataques`
--

INSERT INTO `ataques` (`clave`, `tipo`, `nombre`, `impactar`, `daño`, `requisitos`, `notas`) VALUES
(1, 'agua', 'Burbuja', 2, 2, 2, ''),
(2, 'agua', 'Hidrobomba', 5, 8, 7, ''),
(3, 'agua', 'Pistola agua', 3, 3, 3, ''),
(4, 'agua', 'Rayo burbuja', 3, 4, 5, ''),
(5, 'agua', 'Refugio', 0, 0, 2, '+1 a la defensa.'),
(6, 'bicho', 'Chupavidas', 4, 4, 5, 'Recupera la mitad del daño.'),
(7, 'bicho', 'Disparo demora', 3, 0, 2, '-1 velocidad del rival.'),
(8, 'bicho', 'Doble ataque', 3, 2, 3, 'Puede impactar 2 veces por turno. Si sale un 6 al impactar envenena.'),
(9, 'bicho', 'Pin Misil', 2, 2, 2, ''),
(10, 'eléctrico', 'Impactrueno', 2, 2, 2, 'Si sale un 6 al impactar paraliza.'),
(11, 'eléctrico', 'Onda trueno', 3, 0, 3, 'paraliza al rival.'),
(12, 'eléctrico', 'Pueño trueno', 3, 4, 5, 'Si sale un 6 al impactar paraliza.'),
(13, 'eléctrico', 'Rayo', 4, 5, 6, 'Si sale un 6 al impactar paraliza.'),
(14, 'eléctrico', 'Trueno', 5, 8, 7, 'Si sale un 6 al impactar paraliza.'),
(15, 'fantasma', 'Lengüetazo', 3, 2, 2, 'Si sale un 5 o + al impactar paraliza.'),
(16, 'fantasma', 'Rayo Confuso', 3, 0, 3, 'Confunde al rival.'),
(17, 'fantasma', 'Tinieblas', 1, 0, 3, 'Daño = a nivel. Afecta a normal y psíquico.'),
(18, 'fuego', 'Ascuas', 2, 2, 2, 'Si sale un 6 al impactar quema.'),
(19, 'fuego', 'Giro fuego', 3, 3, 3, 'Si sale un 6 al impactar quema.'),
(20, 'fuego', 'Lanzallamas', 3, 4, 5, 'Si sale un 6 al impactar quema.'),
(21, 'fuego', 'Llamarada', 5, 8, 7, 'Si sale un 6 al impactar quema.'),
(22, 'fuego', 'Puño fuego', 3, 4, 5, 'Si sale un 6 al impactar quema.'),
(23, 'hielo', 'Niebla', 0, 0, 2, 'Niebla restaura todos los cambios pos y neg en las stats de pokemon en combate.'),
(24, 'hielo', 'Puño hielo', 3, 4, 5, ''),
(25, 'hielo', 'Rayo aurora', 3, 3, 3, ''),
(26, 'hielo', 'Rayo hielo', 3, 4, 5, 'Si sale un 6 al impactar y se hace crítico, congela.'),
(27, 'hielo', 'Ventisca', 5, 8, 7, 'Si sale un 6 al impactar y se hace crítico, congela.'),
(28, 'lucha', 'Doble patada', 3, 2, 2, 'Puede impactar 2 veces.'),
(29, 'lucha', 'Movimiento sísmico', 1, 0, 2, 'Daño = a nivel, afecta a fantasma'),
(30, 'lucha', 'Patada baja', 4, 3, 3, 'Si ataca primero y sale un 6 al impactar, el rival retrocede.'),
(31, 'lucha', 'Patada salto alta', 5, 8, 7, ''),
(32, 'lucha', 'Sumisión', 4, 4, 5, 'Si ataca primero y sale un 6 al impactar, el rival retrocede.'),
(33, 'normal', 'Arañazo', 2, 2, 0, ''),
(34, 'normal', 'Ataque arena', 3, 0, 0, '+1 a la dificultad del rival para impactar.'),
(35, 'normal', 'Ataque rápido', 2, 2, 2, 'Si se decide utilizar este ataque se ataca primero.'),
(36, 'normal', 'Autodestrucción', 1, 15, 3, 'Atacante debilitado tras su uso,solo para: voltorb + ev, geodude + ev, koffing +ev.'),
(37, 'normal', 'Cabezazo', 4, 9, 6, 'Ataque de 2 turnos, el primero se prepara el segundo ataca.'),
(38, 'normal', 'Canto', 4, 0, 3, 'Duerme al rival, solo para: clefairy + ev, Jigglypuff + ev, Chansey y Lapras.'),
(39, 'normal', 'Cornada', 3, 4, 5, ''),
(40, 'normal', 'Corte', 3, 3, 3, ''),
(41, 'normal', 'Cuchillada', 3, 4, 5, '+1 al ataque solo durante este ataque, no se acumula.'),
(42, 'normal', 'Danza espada', 0, 0, 2, '+2 al daño acumulable.'),
(43, 'normal', 'Derribo', 4, 7, 5, 'El atacante recibe su nivel en daño al hacer el ataque.'),
(44, 'normal', 'Doble filo', 3, 8, 7, 'El atacante recibe su nivel en daño al hacer el ataque.'),
(45, 'normal', 'Foco Energia', 0, 0, 3, '+1 al ataque acumulable.'),
(46, 'normal', 'Golpe cuerpo', 3, 4, 6, 'Si sale un 6, paraliza.'),
(47, 'normal', 'Hipercolmillo', 4, 4, 5, 'Si ataca primero y en impactar sale un 6, el rival retrocede.'),
(48, 'normal', 'Hiperrayo', 4, 10, 7, 'Ataque de 2 turnos, el primero realiza el ataque y al segundo se recupera.'),
(49, 'normal', 'Chirrido', 4, 0, 3, '-1 defensa al rival.'),
(50, 'normal', 'Mordisco', 3, 3, 3, 'Si ataca primero y en impactar sale un 6, el rival retrocede'),
(51, 'normal', 'Perforador', 6, 99, 6, 'No afecta a pokemon con velocidad superior al atacante'),
(52, 'normal', 'Placaje', 2, 2, 0, ''),
(53, 'normal', 'Rapidez', 0, 3, 3, 'Afecta a Excavar y a Vuelo'),
(54, 'normal', 'Recuperación', 0, 0, 5, ' Recupera la mitad de sus ps redondeando hacia arriba'),
(55, 'normal', 'Rizo defensa', 0, 0, 3, '+1 a la defensa'),
(56, 'normal', 'Salpicadura', 0, 0, 0, 'No ocurre nada'),
(57, 'normal', 'Supersónico', 4, 0, 3, 'Confunde al rival'),
(58, 'normal', 'Tornado', 2, 2, 0, ''),
(59, 'normal', 'Transformación', 0, 0, 0, ' El pokémon pasa a ser una copia del enemigo.'),
(60, 'planta', 'Látigo cepa', 2, 2, 2, ''),
(61, 'planta', 'Hoja afilada', 3, 3, 3, ''),
(62, 'planta', 'Rayo solar', 3, 8, 7, ' Ataque de 2 turnos, el primero se prepara y al segundo se realiza el ataque.'),
(63, 'planta', 'Megaagotar', 3, 3, 5, ' Recupera la mitad del daño realizado.'),
(64, 'planta', 'Somnífero', 4, 0, 3, 'Duerme al rival'),
(65, 'planta', 'Paralizador', 3, 0, 3, 'Paraliza al rival'),
(66, 'psíquico', 'Psicorrayo', 3, 4, 5, 'Si sale un 6, confunde al rival.'),
(67, 'psíquico', 'Come sueños', 3, 8, 6, ' Solo se puede realizar el ataque si el rival está dormido. Recupera la mitad del daño causado.'),
(68, 'psíquico', 'Confusión', 3, 3, 3, 'Si sale un 6, confunde al rival.'),
(69, 'psíquico', 'Hipnosis', 4, 0, 3, 'Duerme al al rival.'),
(70, 'psíquico', 'Descanso', 0, 0, 4, 'Recuperas toda la vida, pero duermes durante 2 turnos.'),
(71, 'psíquico', 'Psíquico', 3, 6, 7, 'Si sale 6 en impacto y se realiza ataque crítico, baja en 1 la defensa del rival.'),
(72, 'psíquico', 'Teletransporte', 0, 0, 2, 'Huyes del combate apareciendo en la última ciudad visitada'),
(73, 'roca', 'Avalancha', 3, 3, 3, ''),
(74, 'roca', 'Lanzarrocas', 3, 4, 5, ''),
(75, 'tierra', 'Excavar', 3, 5, 5, '2 turnos, el primero excava, es invulnerable menos por terremoto (doble de daño) y el segundo ataca.'),
(76, 'tierra', 'Fisura', 6, 99, 6, ' Golpe fulminante, pero no afecta a Pokémon cuya velocidad sea superior a la del usuario.'),
(77, 'tierra', 'Terremoto', 3, 8, 8, ''),
(78, 'veneno', 'Picotazo venenoso', 2, 1, 2, 'Con 5 o + en el impacto, envenena al rival'),
(79, 'veneno', 'Tóxico', 4, 0, 3, 'Envenena al rival'),
(80, 'veneno', 'Polución', 3, 2, 3, 'Con 5 o + en el impacto, envenena al rival'),
(81, 'veneno', 'Ácido', 3, 3, 4, 'Si sale 6 en impacto y se realiza ataque crítico, baja en 1 la defensa del rival.'),
(82, 'volador', 'Ataque ala', 3, 3, 3, ''),
(83, 'volador', 'Picotazo', 2, 2, 2, ''),
(84, 'volador', 'Vuelo', 3, 4, 5, 'En 2 turnos, el 1º vuela, se vuelve invulnerable menos por transformación y rapidez y el 2º ataca.'),
(85, 'volador', 'Pico taladro', 3, 4, 5, ''),
(86, 'volador', 'Ataque aéreo', 4, 10, 7, 'Ataque de 2 turnos, el primero lo prepara y al segundo realiza el ataque.'),
(87, 'dragón', 'Furia dragón', 3, 7, 3, 'Siempre quita 7 independientemente de modificadores.');

-- --------------------------------------------------------

--
-- Estructura de tabla para la tabla `pokedex`
--

CREATE TABLE IF NOT EXISTS `pokedex` (
  `clave` int(4) NOT NULL DEFAULT '0',
  `numero` int(3) DEFAULT NULL,
  `nombre` varchar(30) DEFAULT NULL,
  `nivel` int(2) DEFAULT NULL,
  `ps` int(2) DEFAULT NULL,
  `ataque` int(2) DEFAULT NULL,
  `defensa` int(2) DEFAULT NULL,
  `velocidad` int(2) DEFAULT NULL,
  `tipo1` varchar(30) DEFAULT NULL,
  `tipo2` varchar(30) DEFAULT NULL,
  `notas` varchar(100) DEFAULT NULL
) ENGINE=InnoDB DEFAULT CHARSET=latin1;

--
-- Volcado de datos para la tabla `pokedex`
--

INSERT INTO `pokedex` (`clave`, `numero`, `nombre`, `nivel`, `ps`, `ataque`, `defensa`, `velocidad`, `tipo1`, `tipo2`, `notas`) VALUES
(1, 1, 'Bulbasaur', 1, 10, 3, 4, 1, 'planta', 'veneno', ''),
(2, 1, 'Bulbasaur', 2, 12, 3, 4, 1, 'planta', 'veneno', ''),
(3, 2, 'Ivysaur', 3, 15, 4, 5, 2, 'planta', 'veneno', ''),
(4, 2, 'Ivysaur', 4, 17, 4, 5, 3, 'planta', 'veneno', ''),
(5, 3, 'Venusaur', 5, 20, 5, 5, 4, 'planta', 'veneno', ''),
(6, 3, 'Venusaur', 6, 23, 5, 6, 4, 'planta', 'veneno', ''),
(7, 3, 'Venusaur', 7, 26, 6, 6, 4, 'planta', 'veneno', ''),
(8, 3, 'Venusaur', 8, 30, 6, 6, 5, 'planta', 'veneno', ''),
(9, 3, 'Venusaur', 9, 34, 6, 7, 5, 'planta', 'veneno', ''),
(10, 3, 'Venusaur', 10, 35, 6, 8, 5, 'planta', 'veneno', ''),
(11, 4, 'Charmander', 1, 9, 4, 3, 2, 'fuego', '', ''),
(12, 4, 'Charmander', 2, 12, 4, 3, 3, 'fuego', '', ''),
(13, 5, 'Charmeleon', 3, 15, 4, 3, 3, 'fuego', '', ''),
(14, 5, 'Charmeleon', 4, 18, 5, 4, 3, 'fuego', '', ''),
(15, 6, 'Charizard', 5, 21, 5, 5, 3, 'fuego', 'volador', ''),
(16, 6, 'Charizard', 6, 24, 6, 5, 3, 'fuego', 'volador', ''),
(17, 6, 'Charizard', 7, 28, 6, 5, 4, 'fuego', 'volador', ''),
(18, 6, 'Charizard', 8, 30, 7, 6, 5, 'fuego', 'volador', ''),
(19, 6, 'Charizard', 9, 33, 7, 6, 6, 'fuego', 'volador', ''),
(20, 6, 'Charizard', 10, 36, 8, 6, 7, 'fuego', 'volador', ''),
(21, 7, 'Squirtle', 1, 10, 3, 4, 2, 'agua', '', ''),
(22, 7, 'Squirtle', 2, 12, 4, 4, 2, 'agua', '', ''),
(23, 8, 'Wartortle', 3, 15, 4, 5, 3, 'agua', '', ''),
(24, 8, 'Wartortle', 4, 18, 4, 5, 4, 'agua', '', ''),
(25, 9, 'Blastoise', 5, 21, 4, 5, 5, 'agua', '', ''),
(26, 9, 'Blastoise', 6, 24, 5, 5, 5, 'agua', '', ''),
(27, 9, 'Blastoise', 7, 27, 5, 6, 5, 'agua', '', ''),
(28, 9, 'Blastoise', 8, 30, 6, 6, 5, 'agua', '', ''),
(29, 9, 'Blastoise', 9, 33, 6, 7, 5, 'agua', '', ''),
(30, 9, 'Blastoise', 10, 36, 7, 8, 5, 'agua', '', ''),
(31, 10, 'Caterpie', 1, 7, 2, 2, 2, 'bicho', '', ''),
(32, 11, 'Metapod', 2, 10, 2, 3, 3, 'bicho', '', ''),
(33, 12, 'Butterfree', 3, 13, 3, 3, 4, 'bicho', 'volador', ''),
(34, 12, 'Butterfree', 4, 15, 4, 3, 4, 'bicho', 'volador', ''),
(35, 12, 'Butterfree', 5, 17, 4, 3, 5, 'bicho', 'volador', ''),
(36, 12, 'Butterfree', 6, 19, 5, 3, 5, 'bicho', 'volador', ''),
(37, 12, 'Butterfree', 7, 21, 5, 4, 5, 'bicho', 'volador', ''),
(38, 12, 'Butterfree', 8, 23, 6, 4, 5, 'bicho', 'volador', ''),
(39, 12, 'Butterfree', 9, 25, 6, 4, 6, 'bicho', 'volador', ''),
(40, 12, 'Butterfree', 10, 27, 6, 5, 7, 'bicho', 'volador', ''),
(41, 13, 'Weedle', 1, 7, 2, 2, 2, 'bicho', 'veneno', ''),
(42, 14, 'Kakuna', 2, 10, 2, 3, 3, 'bicho', 'veneno', ''),
(43, 15, 'Beedrill', 3, 13, 3, 3, 3, 'bicho', 'veneno', ''),
(44, 15, 'Beedrill', 4, 15, 4, 3, 3, 'bicho', 'veneno', ''),
(45, 15, 'Beedrill', 5, 17, 4, 3, 4, 'bicho', 'veneno', ''),
(46, 15, 'Beedrill', 6, 19, 5, 3, 4, 'bicho', 'veneno', ''),
(47, 15, 'Beedrill', 7, 21, 5, 3, 5, 'bicho', 'veneno', ''),
(48, 15, 'Beedrill', 8, 23, 6, 3, 6, 'bicho', 'veneno', ''),
(49, 15, 'Beedrill', 9, 25, 6, 4, 6, 'bicho', 'veneno', ''),
(50, 15, 'Beedrill', 10, 27, 6, 4, 7, 'bicho', 'veneno', ''),
(51, 16, 'Pidgey', 1, 8, 3, 2, 2, 'normal', 'volador', ''),
(52, 16, 'Pidgey', 2, 10, 3, 2, 3, 'normal', 'volador', ''),
(53, 17, 'Pidgeotto', 3, 13, 3, 3, 4, 'normal', 'volador', ''),
(54, 17, 'Pidgeotto', 4, 15, 4, 3, 4, 'normal', 'volador', ''),
(55, 18, 'Pidgeot', 5, 17, 4, 3, 4, 'normal', 'volador', ''),
(56, 18, 'Pidgeot', 6, 19, 4, 4, 4, 'normal', 'volador', ''),
(57, 18, 'Pidgeot', 7, 21, 5, 4, 4, 'normal', 'volador', ''),
(58, 18, 'Pidgeot', 8, 22, 5, 4, 5, 'normal', 'volador', ''),
(59, 18, 'Pidgeot', 9, 24, 6, 4, 6, 'normal', 'volador', ''),
(60, 18, 'Pidgeot', 10, 26, 7, 4, 7, 'normal', 'volador', ''),
(61, 19, 'Rattata', 1, 6, 2, 2, 3, 'normal', '', ''),
(62, 19, 'Rattata', 2, 8, 3, 2, 3, 'normal', '', ''),
(63, 20, 'Raticate', 3, 11, 4, 2, 3, 'normal', '', ''),
(64, 20, 'Raticate', 4, 13, 4, 3, 3, 'normal', '', ''),
(65, 20, 'Raticate', 5, 14, 4, 4, 3, 'normal', '', ''),
(66, 20, 'Raticate', 6, 16, 4, 4, 4, 'normal', '', ''),
(67, 20, 'Raticate', 7, 18, 5, 4, 4, 'normal', '', ''),
(68, 20, 'Raticate', 8, 19, 5, 4, 5, 'normal', '', ''),
(69, 20, 'Raticate', 9, 21, 6, 4, 5, 'normal', '', ''),
(70, 20, 'Raticate', 10, 23, 6, 4, 6, 'normal', '', ''),
(71, 21, 'Spearow', 1, 8, 3, 2, 2, 'normal', 'volador', ''),
(72, 21, 'Spearow', 2, 10, 3, 2, 3, 'normal', 'volador', ''),
(73, 22, 'Fearow', 3, 13, 4, 2, 4, 'normal', 'volador', ''),
(74, 22, 'Fearow', 3, 15, 5, 3, 4, 'normal', 'volador', ''),
(75, 22, 'Fearow', 3, 17, 5, 4, 4, 'normal', 'volador', ''),
(76, 22, 'Fearow', 3, 19, 6, 4, 4, 'normal', 'volador', ''),
(77, 22, 'Fearow', 7, 21, 6, 4, 5, 'normal', 'volador', ''),
(78, 22, 'Fearow', 8, 23, 6, 5, 6, 'normal', 'volador', ''),
(79, 22, 'Fearow', 9, 25, 7, 5, 6, 'normal', 'volador', ''),
(80, 22, 'Fearow', 10, 27, 7, 5, 7, 'normal', 'volador', ''),
(81, 23, 'Ekans', 1, 9, 3, 2, 2, 'veneno', '', ''),
(82, 23, 'Ekans', 2, 11, 3, 2, 3, 'veneno', '', ''),
(83, 24, 'Arbok', 3, 14, 4, 2, 3, 'veneno', '', ''),
(84, 24, 'Arbok', 4, 16, 4, 2, 4, 'veneno', '', ''),
(85, 24, 'Arbok', 5, 18, 4, 3, 4, 'veneno', '', ''),
(86, 24, 'Arbok', 6, 20, 5, 3, 4, 'veneno', '', ''),
(87, 24, 'Arbok', 7, 23, 5, 3, 5, 'veneno', '', ''),
(88, 24, 'Arbok', 8, 25, 5, 4, 5, 'veneno', '', ''),
(89, 24, 'Arbok', 9, 26, 6, 4, 5, 'veneno', '', ''),
(90, 24, 'Arbok', 10, 28, 6, 4, 6, 'veneno', '', ''),
(91, 25, 'Pickachu', 1, 8, 2, 1, 4, 'eléctrico', '', ''),
(92, 25, 'Pickachu', 2, 10, 3, 1, 4, 'eléctrico', '', ''),
(93, 25, 'Pickachu', 3, 12, 3, 2, 4, 'eléctrico', '', 'Necesita piedra trueno para pasar de nivel y evolucionar'),
(94, 26, 'Raichu', 4, 14, 4, 2, 4, 'eléctrico', '', ''),
(95, 26, 'Raichu', 5, 16, 4, 2, 5, 'eléctrico', '', ''),
(96, 26, 'Raichu', 6, 17, 4, 3, 5, 'eléctrico', '', ''),
(97, 26, 'Raichu', 7, 19, 4, 3, 6, 'eléctrico', '', ''),
(98, 26, 'Raichu', 8, 21, 5, 3, 6, 'eléctrico', '', ''),
(99, 26, 'Raichu', 9, 23, 5, 3, 7, 'eléctrico', '', ''),
(100, 26, 'Raichu', 10, 25, 6, 3, 7, 'eléctrico', '', ''),
(101, 27, 'Sandshrew', 1, 10, 3, 2, 1, 'tierra', '', ''),
(102, 27, 'Sandshrew', 2, 11, 3, 3, 1, 'tierra', '', ''),
(103, 28, 'Sandslash', 3, 14, 3, 3, 1, 'tierra', '', ''),
(104, 28, 'Sandslash', 4, 16, 4, 3, 2, 'tierra', '', ''),
(105, 28, 'Sandslash', 5, 18, 4, 3, 3, 'tierra', '', ''),
(106, 28, 'Sandslash', 6, 20, 4, 4, 3, 'tierra', '', ''),
(107, 28, 'Sandslash', 7, 22, 5, 4, 3, 'tierra', '', ''),
(108, 28, 'Sandslash', 8, 24, 5, 5, 3, 'tierra', '', ''),
(109, 28, 'Sandslash', 9, 26, 6, 6, 4, 'tierra', '', ''),
(110, 28, 'Sandslash', 10, 28, 7, 7, 4, 'tierra', '', ''),
(111, 29, 'Nidoran F', 1, 10, 3, 3, 1, 'veneno', '', ''),
(112, 29, 'Nidoran F', 2, 12, 3, 4, 2, 'veneno', '', ''),
(113, 30, 'Nidorina', 3, 15, 3, 4, 3, 'veneno', '', ''),
(114, 30, 'Nidorina', 4, 17, 4, 4, 3, 'veneno', '', ''),
(115, 30, 'Nidorina', 5, 19, 5, 4, 3, 'veneno', '', 'Necesita piedra lunar para pasar de nivel y evolucionar.'),
(116, 31, 'Nidoqueen', 6, 22, 6, 5, 4, 'veneno', 'tierra', ''),
(117, 31, 'Nidoqueen', 7, 25, 6, 6, 4, 'veneno', 'tierra', ''),
(118, 31, 'Nidoqueen', 8, 28, 6, 7, 4, 'veneno', 'tierra', ''),
(119, 31, 'Nidoqueen', 9, 30, 6, 7, 5, 'veneno', 'tierra', ''),
(120, 31, 'Nidoqueen', 10, 33, 6, 7, 6, 'veneno', 'tierra', ''),
(121, 32, 'NidoranM', 1, 10, 3, 3, 2, 'veneno', '', ''),
(122, 32, 'NidoranM', 2, 12, 4, 3, 2, 'veneno', '', ''),
(123, 33, 'Nidorino', 3, 14, 5, 3, 2, 'veneno', '', ''),
(124, 33, 'Nidorino', 4, 16, 5, 4, 2, 'veneno', '', ''),
(125, 33, 'Nidorino', 5, 18, 5, 4, 3, 'veneno', '', 'Necesita piedra lunar para pasar de nivel y evolucionar.'),
(126, 34, 'Nidoking', 6, 20, 6, 4, 4, 'veneno', 'tierra', ''),
(127, 34, 'Nidoking', 7, 22, 7, 4, 4, 'veneno', 'tierra', ''),
(128, 34, 'Nidoking', 8, 24, 7, 4, 5, 'veneno', 'tierra', ''),
(129, 34, 'Nidoking', 9, 26, 8, 4, 6, 'veneno', 'tierra', ''),
(130, 34, 'Nidoking', 10, 28, 8, 5, 6, 'veneno', 'tierra', ''),
(131, 35, 'Clefairy', 1, 10, 2, 3, 2, 'hada', '', ''),
(132, 35, 'Clefairy', 2, 13, 2, 4, 2, 'hada', '', ''),
(133, 35, 'Clefairy', 3, 16, 2, 4, 3, 'hada', '', 'Necesita piedra lunar para pasar de nivel y evolucionar.'),
(134, 36, 'Clefable', 4, 19, 3, 5, 4, 'hada', '', ''),
(135, 36, 'Clefable', 5, 23, 3, 6, 4, 'hada', '', ''),
(136, 36, 'Clefable', 6, 26, 4, 6, 4, 'hada', '', ''),
(137, 36, 'Clefable', 7, 29, 5, 6, 4, 'hada', '', ''),
(138, 36, 'Clefable', 8, 32, 5, 6, 5, 'hada', '', ''),
(139, 36, 'Clefable', 9, 35, 5, 7, 5, 'hada', '', ''),
(140, 36, 'Clefable', 10, 39, 5, 7, 6, 'hada', '', ''),
(141, 37, 'Vulpix', 1, 10, 2, 3, 3, 'fuego', '', ''),
(142, 37, 'Vulpix', 2, 12, 2, 4, 3, 'fuego', '', ''),
(143, 37, 'Vulpix', 3, 15, 2, 4, 4, 'fuego', '', 'Necesita piedra fuego para pasar de nivel y evolucionar.'),
(144, 38, 'Ninetales', 4, 17, 3, 5, 4, 'fuego', '', ''),
(145, 38, 'Ninetales', 5, 19, 3, 5, 5, 'fuego', '', ''),
(146, 38, 'Ninetales', 6, 22, 4, 5, 5, 'fuego', '', ''),
(147, 38, 'Ninetales', 7, 25, 4, 6, 5, 'fuego', '', ''),
(148, 38, 'Ninetales', 8, 26, 4, 6, 6, 'fuego', '', ''),
(149, 38, 'Ninetales', 9, 28, 5, 6, 6, 'fuego', '', ''),
(150, 38, 'Ninetales', 10, 30, 6, 7, 7, 'fuego', '', ''),
(151, 39, 'Jigglypuff', 1, 15, 2, 2, 2, 'normal', 'hada', ''),
(152, 39, 'Jigglypuff', 2, 20, 3, 2, 2, 'normal', 'hada', ''),
(153, 39, 'Jigglypuff', 3, 25, 3, 3, 2, 'normal', 'hada', 'Necesita piedra lunar para pasar de nivel y evolucionar.'),
(154, 40, 'Wigglytuff', 4, 28, 3, 3, 3, 'normal', 'hada', ''),
(155, 40, 'Wigglytuff', 5, 31, 4, 3, 3, 'normal', 'hada', ''),
(156, 40, 'Wigglytuff', 6, 35, 4, 4, 4, 'normal', 'hada', ''),
(157, 40, 'Wigglytuff', 7, 38, 5, 4, 4, 'normal', 'hada', ''),
(158, 40, 'Wigglytuff', 8, 41, 5, 5, 4, 'normal', 'hada', ''),
(159, 40, 'Wigglytuff', 9, 46, 5, 5, 5, 'normal', 'hada', ''),
(160, 40, 'Wigglytuff', 10, 50, 6, 3, 3, 'normal', 'hada', ''),
(161, 41, 'Zubat', 1, 8, 2, 2, 3, 'veneno', 'volador', ''),
(162, 41, 'Zubat', 2, 10, 2, 3, 3, 'veneno', 'volador', ''),
(163, 42, 'Golbat', 3, 12, 3, 3, 4, 'veneno', 'volador', ''),
(164, 42, 'Golbat', 4, 15, 3, 3, 5, 'veneno', 'volador', ''),
(165, 42, 'Golbat', 5, 17, 3, 4, 5, 'veneno', 'volador', ''),
(166, 42, 'Golbat', 6, 19, 5, 4, 4, 'veneno', 'volador', ''),
(167, 42, 'Golbat', 7, 21, 5, 5, 5, 'veneno', 'volador', ''),
(168, 42, 'Golbat', 8, 22, 5, 5, 6, 'veneno', 'volador', ''),
(169, 42, 'Golbat', 9, 24, 6, 5, 6, 'veneno', 'volador', ''),
(170, 42, 'Golbat', 10, 26, 6, 6, 7, 'veneno', 'volador', ''),
(171, 43, 'Oddish', 1, 10, 3, 3, 1, 'planta', 'veneno', ''),
(172, 43, 'Oddish', 2, 13, 3, 3, 2, 'planta', 'veneno', ''),
(173, 44, 'Gloom', 3, 16, 4, 3, 2, 'planta', 'veneno', ''),
(174, 44, 'Gloom', 4, 19, 4, 4, 2, 'planta', 'veneno', ''),
(175, 44, 'Gloom', 5, 22, 5, 4, 2, 'planta', 'veneno', 'Necesita piedra hoja para pasar de nivel y evolucionar'),
(176, 45, 'Vileplume', 6, 25, 5, 5, 3, 'planta', 'veneno', ''),
(177, 45, 'Vileplume', 7, 28, 6, 5, 3, 'planta', 'veneno', ''),
(178, 45, 'Vileplume', 8, 31, 6, 5, 4, 'planta', 'veneno', ''),
(179, 45, 'Vileplume', 9, 33, 7, 6, 4, 'planta', 'veneno', ''),
(180, 45, 'Vileplume', 10, 35, 7, 7, 4, 'planta', 'veneno', ''),
(181, 46, 'Paras', 1, 10, 3, 3, 1, 'bicho', 'planta', ''),
(182, 46, 'Paras', 2, 13, 4, 3, 1, 'bicho', 'planta', ''),
(183, 46, 'Parasect', 3, 16, 4, 3, 2, 'bicho', 'planta', ''),
(184, 46, 'Parasect', 4, 18, 4, 4, 2, 'bicho', 'planta', ''),
(185, 46, 'Parasect', 5, 20, 4, 5, 2, 'bicho', 'planta', ''),
(186, 47, 'Parasect', 6, 22, 5, 5, 3, 'bicho', 'planta', ''),
(187, 47, 'Parasect', 7, 24, 6, 5, 3, 'bicho', 'planta', ''),
(188, 47, 'Parasect', 8, 27, 6, 6, 3, 'bicho', 'planta', ''),
(189, 47, 'Parasect', 9, 30, 7, 6, 3, 'bicho', 'planta', ''),
(190, 47, 'Parasect', 10, 32, 7, 6, 4, 'bicho', 'planta', ''),
(191, 48, 'Venonat', 1, 10, 3, 1, 3, 'bicho', 'veneno', ''),
(192, 48, 'Venonat', 2, 13, 3, 1, 4, 'bicho', 'veneno', ''),
(193, 48, 'Venonat', 3, 16, 3, 2, 4, 'bicho', 'veneno', ''),
(194, 49, 'Venomoth', 4, 19, 3, 2, 5, 'bicho', 'veneno', ''),
(195, 49, 'Venomoth', 5, 22, 3, 2, 6, 'bicho', 'veneno', ''),
(196, 49, 'Venomoth', 6, 24, 4, 3, 6, 'bicho', 'veneno', ''),
(197, 49, 'Venomoth', 7, 26, 5, 3, 6, 'bicho', 'veneno', ''),
(198, 49, 'Venomoth', 8, 28, 6, 4, 7, 'bicho', 'veneno', ''),
(199, 49, 'Venomoth', 9, 31, 6, 5, 7, 'bicho', 'veneno', ''),
(200, 49, 'Venomoth', 10, 34, 7, 5, 7, 'bicho', 'veneno', ''),
(201, 50, 'Diglett', 1, 7, 3, 1, 3, 'tierra', '', ''),
(202, 50, 'Diglett', 2, 9, 4, 1, 3, 'tierra', '', ''),
(203, 50, 'Diglett', 3, 12, 4, 2, 3, 'tierra', '', ''),
(204, 51, 'Dugtrio', 4, 15, 4, 2, 4, 'tierra', '', ''),
(205, 51, 'Dugtrio', 5, 17, 5, 3, 5, 'tierra', '', ''),
(206, 51, 'Dugtrio', 6, 19, 5, 3, 6, 'tierra', '', ''),
(207, 51, 'Dugtrio', 7, 21, 5, 4, 7, 'tierra', '', ''),
(208, 51, 'Dugtrio', 8, 23, 6, 4, 7, 'tierra', '', ''),
(209, 51, 'Dugtrio', 9, 25, 6, 4, 8, 'tierra', '', ''),
(210, 51, 'Dugtrio', 10, 27, 7, 4, 8, 'tierra', '', ''),
(211, 52, 'Meowth', 1, 10, 2, 1, 3, 'normal', '', ''),
(212, 52, 'Meowth', 2, 13, 2, 2, 4, 'normal', '', ''),
(213, 52, 'Meowth', 3, 16, 3, 3, 4, 'normal', '', ''),
(214, 53, 'Persian', 4, 19, 4, 4, 4, 'normal', '', ''),
(215, 53, 'Persian', 5, 21, 4, 5, 4, 'normal', '', ''),
(216, 53, 'Persian', 6, 25, 4, 5, 5, 'normal', '', ''),
(217, 53, 'Persian', 7, 26, 4, 5, 6, 'normal', '', ''),
(218, 53, 'Persian', 8, 28, 5, 5, 6, 'normal', '', ''),
(219, 53, 'Persian', 9, 30, 5, 5, 7, 'normal', '', ''),
(220, 53, 'Persian', 10, 33, 6, 5, 8, 'normal', '', ''),
(221, 54, 'Psyduck', 1, 10, 3, 3, 2, 'agua', '', ''),
(222, 54, 'Psyduck', 2, 13, 3, 4, 3, 'agua', '', ''),
(223, 54, 'Psyduck', 3, 16, 4, 4, 3, 'agua', '', ''),
(224, 55, 'Golduck', 4, 19, 5, 4, 4, 'agua', '', ''),
(225, 55, 'Golduck', 5, 22, 5, 5, 4, 'agua', '', ''),
(226, 55, 'Golduck', 6, 25, 5, 5, 5, 'agua', '', ''),
(227, 55, 'Golduck', 7, 28, 6, 5, 5, 'agua', '', ''),
(228, 55, 'Golduck', 8, 30, 6, 6, 5, 'agua', '', ''),
(229, 55, 'Golduck', 9, 33, 6, 6, 6, 'agua', '', ''),
(230, 55, 'Golduck', 10, 36, 7, 6, 6, 'agua', '', ''),
(231, 56, 'Mankey', 1, 10, 4, 1, 2, 'lucha', '', ''),
(232, 56, 'Mankey', 2, 12, 4, 1, 3, 'lucha', '', ''),
(233, 56, 'Mankey', 3, 13, 4, 1, 4, 'lucha', '', ''),
(234, 57, 'Primeape', 4, 16, 5, 2, 4, 'lucha', '', ''),
(235, 57, 'Primeape', 5, 19, 5, 3, 4, 'lucha', '', ''),
(236, 57, 'Primeape', 6, 21, 5, 4, 4, 'lucha', '', ''),
(237, 57, 'Primeape', 7, 24, 5, 5, 5, 'lucha', '', ''),
(238, 57, 'Primeape', 8, 27, 6, 5, 5, 'lucha', '', ''),
(239, 57, 'Primeape', 9, 30, 6, 5, 6, 'lucha', '', ''),
(240, 57, 'Primeape', 10, 33, 7, 5, 7, 'lucha', '', ''),
(241, 58, 'Growlithe', 1, 12, 3, 2, 3, 'fuego', '', ''),
(242, 58, 'Growlithe', 2, 15, 3, 2, 4, 'fuego', '', ''),
(243, 58, 'Growlithe', 3, 18, 4, 2, 4, 'fuego', '', 'Necesita piedra fuego para pasar de nivel y evolucionar.'),
(244, 59, 'Arcanine', 4, 21, 5, 3, 5, 'fuego', '', ''),
(245, 59, 'Arcanine', 5, 24, 5, 4, 5, 'fuego', '', ''),
(246, 59, 'Arcanine', 6, 27, 6, 4, 5, 'fuego', '', ''),
(247, 59, 'Arcanine', 7, 30, 6, 4, 6, 'fuego', '', ''),
(248, 59, 'Arcanine', 8, 33, 7, 5, 6, 'fuego', '', ''),
(249, 59, 'Arcanine', 9, 36, 7, 6, 6, 'fuego', '', ''),
(250, 59, 'Arcanine', 10, 38, 8, 6, 7, 'fuego', '', ''),
(251, 60, 'Poliwag', 1, 13, 3, 3, 2, 'agua', '', ''),
(252, 60, 'Poliwag', 2, 17, 4, 3, 2, 'agua', '', ''),
(253, 61, 'Poliwhirl', 3, 20, 4, 4, 2, 'agua', '', ''),
(254, 61, 'Poliwhirl', 4, 23, 4, 4, 3, 'agua', '', ''),
(255, 61, 'Poliwhirl', 5, 26, 5, 5, 3, 'agua', '', 'Necesita piedra agua para pasar de nivel y evolucionar.'),
(256, 62, 'Poliwrath', 6, 29, 5, 5, 4, 'agua', 'lucha', ''),
(257, 62, 'Poliwrath', 7, 32, 6, 5, 4, 'agua', 'lucha', ''),
(258, 62, 'Poliwrath', 8, 34, 6, 6, 5, 'agua', 'lucha', ''),
(259, 62, 'Poliwrath', 9, 36, 6, 7, 6, 'agua', 'lucha', ''),
(260, 62, 'Poliwrath', 10, 38, 7, 8, 6, 'agua', 'lucha', ''),
(261, 63, 'Abra', 1, 8, 4, 2, 3, 'psíquico', '', ''),
(262, 63, 'Abra', 2, 10, 4, 3, 4, 'psíquico', '', ''),
(263, 64, 'Kadabra', 3, 13, 4, 4, 4, 'psíquico', '', ''),
(264, 64, 'Kadabra', 4, 15, 5, 4, 4, 'psíquico', '', ' Solo puede pasar de nivel y evolucionar con intercambio.'),
(265, 65, 'Alakazam', 5, 19, 5, 4, 5, 'psíquico', '', ''),
(266, 65, 'Alakazam', 6, 21, 5, 5, 5, 'psíquico', '', ''),
(267, 65, 'Alakazam', 7, 24, 6, 6, 5, 'psíquico', '', ''),
(268, 65, 'Alakazam', 8, 27, 7, 6, 6, 'psíquico', '', ''),
(269, 65, 'Alakazam', 9, 29, 8, 6, 7, 'psíquico', '', ''),
(270, 65, 'Alakazam', 10, 31, 9, 6, 7, 'psíquico', '', ''),
(271, 66, 'Machop', 1, 10, 3, 3, 2, 'lucha', '', ''),
(272, 66, 'Machop', 2, 14, 4, 4, 2, 'lucha', '', ''),
(273, 66, 'Machop', 3, 18, 5, 4, 3, 'lucha', '', ''),
(274, 67, 'Machoke', 4, 22, 5, 5, 4, 'lucha', '', ''),
(275, 67, 'Machoke', 5, 25, 6, 5, 5, 'lucha', '', ' Solo puede pasar de nivel y evolucionar con intercambio.'),
(276, 68, 'Machamp', 6, 27, 6, 6, 5, 'lucha', '', ''),
(277, 68, 'Machamp', 7, 29, 6, 6, 6, 'lucha', '', ''),
(278, 68, 'Machamp', 8, 32, 7, 6, 6, 'lucha', '', ''),
(279, 68, 'Machamp', 9, 35, 7, 7, 6, 'lucha', '', ''),
(280, 68, 'Machamp', 10, 38, 8, 7, 6, 'lucha', '', ''),
(281, 69, 'Bellsprout', 1, 9, 3, 2, 2, 'planta', 'veneno', ''),
(282, 69, 'Bellsprout', 2, 11, 3, 2, 3, 'planta', 'veneno', ''),
(283, 70, 'Weepinbell', 3, 13, 4, 2, 3, 'planta', 'veneno', ''),
(284, 70, 'Weepinbell', 4, 17, 5, 2, 3, 'planta', 'veneno', ''),
(285, 70, 'Weepinbell', 5, 20, 6, 2, 3, 'planta', 'veneno', 'Necesita piedra hoja para pasar de nivel y evolucionar.'),
(286, 71, 'Victreebel', 6, 23, 6, 3, 3, 'planta', 'veneno', ''),
(287, 71, 'Victreebel', 7, 27, 6, 3, 4, 'planta', 'veneno', ''),
(288, 71, 'Victreebel', 8, 30, 6, 4, 5, 'planta', 'veneno', ''),
(289, 71, 'Victreebel', 9, 34, 6, 5, 5, 'planta', 'veneno', ''),
(290, 71, 'Victreebel', 10, 36, 7, 5, 6, 'planta', 'veneno', ''),
(291, 72, 'Tentacool', 1, 10, 3, 4, 3, 'agua', 'veneno', ''),
(292, 72, 'Tentacool', 2, 11, 4, 4, 3, 'agua', 'veneno', ''),
(293, 72, 'Tentacool', 3, 13, 4, 4, 4, 'agua', 'veneno', ''),
(294, 73, 'Tentacruel', 4, 15, 5, 4, 5, 'agua', 'veneno', ''),
(295, 73, 'Tentacruel', 5, 18, 5, 5, 5, 'agua', 'veneno', ''),
(296, 73, 'Tentacruel', 6, 21, 5, 5, 6, 'agua', 'veneno', ''),
(297, 73, 'Tentacruel', 7, 25, 5, 6, 6, 'agua', 'veneno', ''),
(298, 73, 'Tentacruel', 8, 29, 6, 6, 6, 'agua', 'veneno', ''),
(299, 73, 'Tentacruel', 9, 33, 6, 7, 7, 'agua', 'veneno', ''),
(300, 73, 'Tentacruel', 10, 36, 6, 8, 7, 'agua', 'veneno', ''),
(301, 74, 'Geodude', 1, 10, 3, 4, 2, 'roca', 'tierra', ''),
(302, 74, 'Geodude', 2, 12, 3, 4, 3, 'roca', 'tierra', ''),
(303, 75, 'Graveler', 3, 15, 4, 5, 3, 'roca', 'tierra', ''),
(304, 75, 'Graveler', 4, 18, 4, 5, 4, 'roca', 'tierra', ''),
(305, 75, 'Graveler', 5, 22, 5, 5, 4, 'roca', 'tierra', 'Solo puede pasar de nivel y evolucionar con intercambio.'),
(306, 76, 'Golem', 6, 25, 5, 6, 5, 'roca', 'tierra', ''),
(307, 76, 'Golem', 7, 28, 6, 6, 5, 'roca', 'tierra', ''),
(308, 76, 'Golem', 8, 31, 6, 7, 5, 'roca', 'tierra', ''),
(309, 76, 'Golem', 9, 31, 6, 8, 5, 'roca', 'tierra', ''),
(310, 76, 'Golem', 10, 36, 7, 9, 5, 'roca', 'tierra', ''),
(311, 77, 'Ponyta', 1, 10, 4, 2, 3, 'fuego', '', ''),
(312, 77, 'Ponyta', 2, 12, 4, 2, 4, 'fuego', '', ''),
(313, 77, 'Ponyta', 3, 14, 4, 3, 4, 'fuego', '', ''),
(314, 77, 'Ponyta', 4, 17, 5, 3, 5, 'fuego', '', ''),
(315, 78, 'Rapidash', 5, 19, 5, 4, 5, 'fuego', '', ''),
(316, 78, 'Rapidash', 6, 21, 5, 4, 6, 'fuego', '', ''),
(317, 78, 'Rapidash', 7, 24, 6, 4, 6, 'fuego', '', ''),
(318, 78, 'Rapidash', 8, 27, 6, 5, 6, 'fuego', '', ''),
(319, 78, 'Rapidash', 9, 30, 6, 5, 7, 'fuego', '', ''),
(320, 78, 'Rapidash', 10, 33, 7, 6, 7, 'fuego', '', ''),
(321, 79, 'Slowpoke', 1, 10, 2, 4, 1, 'agua', 'psíquico', ''),
(322, 79, 'Slowpoke', 2, 14, 3, 4, 2, 'agua', 'psíquico', ''),
(323, 79, 'Slowpoke', 3, 18, 4, 4, 3, 'agua', 'psíquico', ''),
(324, 79, 'Slowpoke', 4, 21, 4, 5, 3, 'agua', 'psíquico', ''),
(325, 80, 'Slowbro', 5, 23, 4, 5, 4, 'agua', 'psíquico', ''),
(326, 80, 'Slowbro', 6, 26, 4, 6, 4, 'agua', 'psíquico', ''),
(327, 80, 'Slowbro', 7, 28, 4, 6, 4, 'agua', 'psíquico', ''),
(328, 80, 'Slowbro', 8, 31, 5, 6, 4, 'agua', 'psíquico', ''),
(329, 80, 'Slowbro', 9, 35, 6, 7, 5, 'agua', 'psíquico', ''),
(330, 80, 'Slowbro', 10, 39, 6, 8, 5, 'agua', 'psíquico', ''),
(331, 81, 'Magnemite', 1, 8, 3, 3, 2, 'eléctrico', '', ''),
(332, 81, 'Magnemite', 2, 10, 4, 3, 2, 'eléctrico', '', ''),
(333, 81, 'Magnemite', 3, 12, 4, 3, 3, 'eléctrico', '', ''),
(334, 82, 'Magneton', 4, 15, 5, 4, 4, 'eléctrico', '', ''),
(335, 82, 'Magneton', 5, 17, 6, 5, 5, 'eléctrico', '', ''),
(336, 82, 'Magneton', 6, 19, 6, 5, 6, 'eléctrico', '', ''),
(337, 82, 'Magneton', 7, 21, 6, 6, 6, 'eléctrico', '', ''),
(338, 82, 'Magneton', 8, 24, 6, 7, 6, 'eléctrico', '', ''),
(339, 82, 'Magneton', 9, 27, 7, 7, 6, 'eléctrico', '', ''),
(340, 82, 'Magneton', 11, 30, 8, 7, 6, 'eléctrico', '', ''),
(341, 83, 'Farfetch´d', 1, 10, 3, 2, 2, 'normal', 'volador', ''),
(342, 83, 'Farfetch´d', 2, 13, 3, 3, 2, 'normal', 'volador', ''),
(343, 83, 'Farfetch´d', 3, 15, 4, 3, 2, 'normal', 'volador', ''),
(344, 83, 'Farfetch´d', 4, 17, 4, 3, 3, 'normal', 'volador', ''),
(345, 83, 'Farfetch´d', 5, 19, 4, 4, 4, 'normal', 'volador', ''),
(346, 83, 'Farfetch´d', 6, 21, 5, 4, 4, 'normal', 'volador', ''),
(347, 83, 'Farfetch´d', 7, 23, 5, 4, 5, 'normal', 'volador', ''),
(348, 83, 'Farfetch´d', 8, 25, 5, 5, 5, 'normal', 'volador', ''),
(349, 83, 'Farfetch´d', 9, 27, 6, 5, 5, 'normal', 'volador', ''),
(350, 83, 'Farfetch´d', 10, 30, 7, 5, 5, 'normal', 'volador', ''),
(351, 84, 'Doduo', 1, 10, 3, 1, 2, 'normal', 'volador', ''),
(352, 84, 'Doduo', 2, 11, 3, 2, 3, 'normal', 'volador', ''),
(353, 84, 'Doduo', 3, 12, 4, 2, 3, 'normal', 'volador', ''),
(354, 85, 'Dodrio', 4, 14, 5, 3, 4, 'normal', 'volador', ''),
(355, 85, 'Dodrio', 5, 16, 5, 4, 5, 'normal', 'volador', ''),
(356, 85, 'Dodrio', 6, 18, 5, 5, 5, 'normal', 'volador', ''),
(357, 85, 'Dodrio', 7, 23, 6, 5, 5, 'normal', 'volador', ''),
(358, 85, 'Dodrio', 8, 26, 6, 5, 6, 'normal', 'volador', ''),
(359, 85, 'Dodrio', 9, 29, 6, 5, 7, 'normal', 'volador', ''),
(360, 85, 'Dodrio', 10, 32, 7, 5, 7, 'normal', 'volador', ''),
(361, 86, 'Seel', 1, 12, 2, 3, 3, 'agua', '', ''),
(362, 86, 'Seel', 2, 16, 2, 4, 3, 'agua', '', ''),
(363, 86, 'Seel', 3, 19, 3, 4, 4, 'agua', '', ''),
(364, 87, 'Dewgong', 4, 21, 3, 5, 4, 'agua', 'hielo', ''),
(365, 87, 'Dewgong', 5, 24, 4, 5, 4, 'agua', 'hielo', ''),
(366, 87, 'Dewgong', 6, 27, 4, 5, 6, 'agua', 'hielo', ''),
(367, 87, 'Dewgong', 7, 30, 5, 5, 5, 'agua', 'hielo', ''),
(368, 87, 'Dewgong', 8, 32, 5, 6, 5, 'agua', 'hielo', ''),
(369, 87, 'Dewgong', 9, 35, 5, 6, 6, 'agua', 'hielo', ''),
(370, 87, 'Dewgong', 10, 38, 5, 7, 6, 'agua', 'hielo', ''),
(371, 88, 'Grimer', 1, 10, 3, 3, 2, 'veneno', '', ''),
(372, 88, 'Grimer', 2, 14, 4, 4, 3, 'veneno', '', ''),
(373, 88, 'Grimer', 3, 18, 5, 4, 3, 'veneno', '', ''),
(374, 88, 'Grimer', 4, 21, 5, 4, 4, 'veneno', '', ''),
(375, 89, 'Muk', 5, 25, 5, 5, 4, 'veneno', '', ''),
(376, 89, 'Muk', 6, 29, 6, 5, 4, 'veneno', '', ''),
(377, 89, 'Muk', 7, 31, 6, 6, 4, 'veneno', '', ''),
(378, 89, 'Muk', 8, 35, 7, 6, 4, 'veneno', '', ''),
(379, 89, 'Muk', 9, 38, 7, 6, 5, 'veneno', '', ''),
(380, 89, 'Muk', 10, 41, 7, 7, 5, 'veneno', '', ''),
(381, 90, 'Shellder', 1, 9, 2, 3, 2, 'agua', '', ''),
(382, 90, 'Shellder', 2, 11, 3, 3, 3, 'agua', '', ''),
(383, 90, 'Shellder', 3, 13, 4, 4, 4, 'agua', '', ''),
(384, 91, 'Cloyster', 4, 15, 4, 5, 4, 'agua', 'hielo', ''),
(385, 91, 'Cloyster', 5, 17, 5, 6, 4, 'agua', 'hielo', ''),
(386, 91, 'Cloyster', 6, 19, 5, 7, 4, 'agua', 'hielo', ''),
(387, 91, 'Cloyster', 7, 21, 6, 8, 4, 'agua', 'hielo', ''),
(388, 91, 'Cloyster', 8, 25, 6, 9, 4, 'agua', 'hielo', ''),
(389, 91, 'Cloyster', 9, 28, 6, 10, 5, 'agua', 'hielo', ''),
(390, 91, 'Cloyster', 10, 30, 7, 10, 5, 'agua', 'hielo', ''),
(391, 92, 'Gastly', 1, 10, 3, 2, 3, 'fantasma', 'veneno', ''),
(392, 92, 'Gastly', 2, 12, 4, 3, 4, 'fantasma', 'veneno', ''),
(393, 93, 'Haunter', 3, 14, 4, 3, 5, 'fantasma', 'veneno', ''),
(394, 93, 'Haunter', 4, 16, 5, 3, 5, 'fantasma', 'veneno', ''),
(395, 93, 'Haunter', 5, 18, 5, 4, 5, 'fantasma', 'veneno', ' Solo puede pasar de nivel y evolucionar con intercambio.'),
(396, 94, 'Gengar', 6, 20, 6, 5, 6, 'fantasma', 'veneno', ''),
(397, 94, 'Gengar', 7, 23, 6, 5, 7, 'fantasma', 'veneno', ''),
(398, 94, 'Gengar', 8, 26, 7, 5, 7, 'fantasma', 'veneno', ''),
(399, 94, 'Gengar', 9, 29, 7, 5, 8, 'fantasma', 'veneno', ''),
(400, 94, 'Gengar', 10, 32, 8, 5, 8, 'fantasma', 'veneno', ''),
(401, 95, 'Onix', 1, 10, 3, 4, 2, 'roca', 'tierra', ''),
(402, 95, 'Onix', 2, 11, 4, 5, 3, 'roca', 'tierra', ''),
(403, 95, 'Onix', 3, 13, 4, 5, 3, 'roca', 'tierra', ''),
(404, 95, 'Onix', 4, 15, 4, 6, 4, 'roca', 'tierra', ''),
(405, 95, 'Onix', 5, 17, 5, 6, 4, 'roca', 'tierra', ''),
(406, 95, 'Onix', 6, 19, 5, 6, 5, 'roca', 'tierra', ''),
(407, 95, 'Onix', 7, 21, 5, 6, 6, 'roca', 'tierra', ''),
(408, 95, 'Onix', 8, 23, 6, 6, 6, 'roca', 'tierra', ''),
(409, 95, 'Onix', 9, 25, 6, 7, 6, 'roca', 'tierra', ''),
(410, 95, 'Onix', 10, 27, 6, 8, 6, 'roca', 'tierra', ''),
(411, 96, 'Drowzee', 1, 11, 2, 4, 3, 'psíquico', '', ''),
(412, 96, 'Drowzee', 2, 14, 2, 4, 4, 'psíquico', '', ''),
(413, 96, 'Drowzee', 3, 17, 3, 4, 4, 'psíquico', '', ''),
(414, 97, 'Hypno', 4, 20, 3, 5, 4, 'psíquico', '', ''),
(415, 97, 'Hypno', 5, 23, 4, 5, 4, 'psíquico', '', ''),
(416, 97, 'Hypno', 6, 25, 5, 5, 4, 'psíquico', '', ''),
(417, 97, 'Hypno', 7, 28, 5, 6, 4, 'psíquico', '', ''),
(418, 97, 'Hypno', 8, 31, 5, 6, 5, 'psíquico', '', ''),
(419, 97, 'Hypno', 9, 34, 6, 6, 5, 'psíquico', '', ''),
(420, 97, 'Hypno', 10, 37, 6, 7, 5, 'psíquico', '', ''),
(421, 98, 'Crabby', 1, 10, 3, 2, 2, 'agua', '', ''),
(422, 98, 'Crabby', 2, 13, 3, 3, 3, 'agua', '', ''),
(423, 98, 'Crabby', 3, 15, 3, 4, 4, 'agua', '', ''),
(424, 99, 'Kingler', 4, 18, 3, 4, 5, 'agua', '', ''),
(425, 99, 'Kingler', 5, 21, 4, 5, 5, 'agua', '', ''),
(426, 99, 'Kingler', 6, 23, 5, 6, 5, 'agua', '', ''),
(427, 99, 'Kingler', 7, 25, 6, 6, 5, 'agua', '', ''),
(428, 99, 'Kingler', 8, 26, 7, 7, 5, 'agua', '', ''),
(429, 99, 'Kingler', 9, 28, 8, 7, 5, 'agua', '', ''),
(430, 99, 'Kingler', 10, 31, 9, 7, 5, 'agua', '', ''),
(431, 100, 'Voltorb', 1, 10, 2, 3, 4, 'eléctrico', '', ''),
(432, 100, 'Voltorb', 2, 13, 3, 4, 4, 'eléctrico', '', ''),
(433, 100, 'Voltorb', 3, 16, 3, 5, 4, 'eléctrico', '', ''),
(434, 101, 'Electrode', 4, 19, 4, 5, 5, 'eléctrico', '', ''),
(435, 101, 'Electrode', 5, 21, 5, 5, 6, 'eléctrico', '', ''),
(436, 101, 'Electrode', 6, 23, 5, 5, 7, 'eléctrico', '', ''),
(437, 101, 'Electrode', 7, 25, 6, 5, 7, 'eléctrico', '', ''),
(438, 101, 'Electrode', 8, 27, 6, 5, 8, 'eléctrico', '', ''),
(439, 101, 'Electrode', 9, 29, 6, 5, 9, 'eléctrico', '', ''),
(440, 101, 'Electrode', 10, 32, 6, 5, 10, 'eléctrico', '', ''),
(441, 102, 'Exeggcute', 1, 11, 4, 3, 3, 'planta', 'psíquico', ''),
(442, 102, 'Exeggcute', 2, 14, 5, 3, 3, 'planta', 'psíquico', ''),
(443, 102, 'Exeggcute', 3, 18, 5, 4, 3, 'planta', 'psíquico', ''),
(444, 103, 'Exeggutor', 4, 21, 5, 4, 4, 'planta', 'psíquico', 'Necesita piedra hoja para pasar de nivel y evolucionar.'),
(445, 103, 'Exeggutor', 5, 24, 5, 5, 4, 'planta', 'psíquico', ''),
(446, 103, 'Exeggutor', 6, 27, 6, 5, 4, 'planta', 'psíquico', ''),
(447, 103, 'Exeggutor', 7, 30, 6, 6, 4, 'planta', 'psíquico', ''),
(448, 103, 'Exeggutor', 8, 33, 6, 7, 5, 'planta', 'psíquico', ''),
(449, 103, 'Exeggutor', 9, 36, 7, 7, 5, 'planta', 'psíquico', ''),
(450, 103, 'Exeggutor', 10, 39, 8, 7, 5, 'planta', 'psíquico', ''),
(451, 104, 'Cubone', 1, 8, 3, 4, 2, 'tierra', '', ''),
(452, 104, 'Cubone', 2, 10, 3, 4, 3, 'tierra', '', ''),
(453, 104, 'Cubone', 3, 12, 4, 4, 4, 'tierra', '', ''),
(454, 105, 'Marowak', 4, 15, 5, 4, 4, 'tierra', '', ''),
(455, 105, 'Marowak', 5, 18, 5, 5, 4, 'tierra', '', ''),
(456, 105, 'Marowak', 6, 21, 5, 5, 5, 'tierra', '', ''),
(457, 105, 'Marowak', 7, 24, 5, 6, 5, 'tierra', '', ''),
(458, 105, 'Marowak', 8, 26, 6, 6, 5, 'tierra', '', ''),
(459, 105, 'Marowak', 9, 29, 6, 7, 5, 'tierra', '', ''),
(460, 105, 'Marowak', 10, 32, 6, 8, 5, 'tierra', '', ''),
(461, 106, 'Hitmonlee', 1, 9, 4, 3, 3, 'lucha', '', ''),
(462, 106, 'Hitmonlee', 2, 11, 4, 2, 3, 'lucha', '', ''),
(463, 106, 'Hitmonlee', 3, 13, 4, 3, 4, 'lucha', '', ''),
(464, 106, 'Hitmonlee', 4, 15, 5, 4, 5, 'lucha', '', ''),
(465, 106, 'Hitmonlee', 5, 18, 6, 4, 5, 'lucha', '', ''),
(466, 106, 'Hitmonlee', 6, 21, 7, 4, 5, 'lucha', '', ''),
(467, 106, 'Hitmonlee', 7, 23, 7, 4, 6, 'lucha', '', ''),
(468, 106, 'Hitmonlee', 8, 25, 8, 4, 6, 'lucha', '', ''),
(469, 106, 'Hitmonlee', 9, 27, 8, 4, 7, 'lucha', '', ''),
(470, 106, 'Hitmonlee', 10, 30, 8, 5, 7, 'lucha', '', ''),
(471, 107, 'Hitmonchan', 1, 10, 3, 4, 2, 'lucha', '', ''),
(472, 107, 'Hitmonchan', 2, 13, 4, 5, 3, 'lucha', '', ''),
(473, 107, 'Hitmonchan', 3, 15, 4, 5, 4, 'lucha', '', ''),
(474, 107, 'Hitmonchan', 4, 17, 4, 5, 5, 'lucha', '', ''),
(475, 107, 'Hitmonchan', 5, 20, 5, 5, 5, 'lucha', '', ''),
(476, 107, 'Hitmonchan', 6, 22, 5, 6, 6, 'lucha', '', ''),
(477, 107, 'Hitmonchan', 7, 24, 5, 7, 6, 'lucha', '', ''),
(478, 107, 'Hitmonchan', 8, 26, 5, 7, 6, 'lucha', '', ''),
(479, 107, 'Hitmonchan', 9, 28, 5, 8, 6, 'lucha', '', ''),
(480, 107, 'Hitmonchan', 10, 30, 6, 8, 6, 'lucha', '', ''),
(481, 108, 'Lickitung', 1, 14, 2, 3, 1, 'normal', '', ''),
(482, 108, 'Lickitung', 2, 16, 2, 3, 2, 'normal', '', ''),
(483, 108, 'Lickitung', 3, 20, 3, 3, 2, 'normal', '', ''),
(484, 108, 'Lickitung', 4, 23, 3, 4, 2, 'normal', '', ''),
(485, 108, 'Lickitung', 5, 26, 4, 4, 2, 'normal', '', ''),
(486, 108, 'Lickitung', 6, 29, 4, 4, 3, 'normal', '', ''),
(487, 108, 'Lickitung', 7, 31, 4, 5, 4, 'normal', '', ''),
(488, 108, 'Lickitung', 8, 34, 5, 5, 4, 'normal', '', ''),
(489, 108, 'Lickitung', 9, 36, 5, 6, 4, 'normal', '', ''),
(490, 108, 'Lickitung', 10, 38, 6, 6, 4, 'normal', '', ''),
(491, 109, 'Koffing', 1, 8, 3, 4, 3, 'veneno', '', ''),
(492, 109, 'Koffing', 2, 10, 3, 5, 3, 'veneno', '', ''),
(493, 109, 'Koffing', 3, 12, 3, 5, 4, 'veneno', '', ''),
(494, 110, 'Weezing', 4, 15, 4, 5, 4, 'veneno', '', ''),
(495, 110, 'Weezing', 5, 18, 4, 5, 5, 'veneno', '', ''),
(496, 110, 'Weezing', 6, 21, 5, 5, 5, 'veneno', '', ''),
(497, 110, 'Weezing', 7, 24, 6, 5, 5, 'veneno', '', ''),
(498, 110, 'Weezing', 8, 27, 6, 6, 5, 'veneno', '', ''),
(499, 110, 'Weezing', 9, 30, 6, 7, 5, 'veneno', '', ''),
(500, 110, 'Weezing', 10, 33, 6, 8, 5, 'veneno', '', ''),
(501, 111, 'Rhyhorn', 1, 14, 4, 3, 2, 'tierra', 'roca', ''),
(502, 111, 'Rhyhorn', 2, 17, 4, 4, 2, 'tierra', 'roca', ''),
(503, 111, 'Rhyhorn', 3, 20, 5, 5, 3, 'tierra', 'roca', ''),
(504, 111, 'Rhyhorn', 4, 23, 6, 5, 3, 'tierra', 'roca', ''),
(505, 112, 'Rhydon', 5, 26, 6, 5, 4, 'tierra', 'roca', ''),
(506, 112, 'Rhydon', 6, 30, 7, 5, 4, 'tierra', 'roca', ''),
(507, 112, 'Rhydon', 7, 33, 7, 5, 5, 'tierra', 'roca', ''),
(508, 112, 'Rhydon', 8, 36, 7, 6, 5, 'tierra', 'roca', ''),
(509, 112, 'Rhydon', 9, 39, 8, 6, 5, 'tierra', 'roca', ''),
(510, 112, 'Rhydon', 10, 41, 8, 7, 5, 'tierra', 'roca', ''),
(511, 113, 'Chansey', 1, 25, 1, 3, 2, 'normal', '', ''),
(512, 113, 'Chansey', 2, 30, 1, 3, 3, 'normal', '', ''),
(513, 113, 'Chansey', 3, 35, 2, 3, 3, 'normal', '', ''),
(514, 113, 'Chansey', 4, 40, 3, 3, 3, 'normal', '', ''),
(515, 113, 'Chansey', 5, 45, 3, 3, 4, 'normal', '', ''),
(516, 113, 'Chansey', 6, 50, 4, 3, 5, 'normal', '', ''),
(517, 113, 'Chansey', 7, 55, 4, 4, 5, 'normal', '', ''),
(518, 113, 'Chansey', 8, 60, 4, 5, 5, 'normal', '', ''),
(519, 113, 'Chansey', 9, 65, 4, 6, 5, 'normal', '', ''),
(520, 113, 'Chansey', 10, 70, 4, 7, 5, 'normal', '', ''),
(521, 114, 'Tangela', 1, 13, 3, 4, 3, 'planta', '', ''),
(522, 114, 'Tangela', 2, 17, 3, 5, 3, 'planta', '', ''),
(523, 114, 'Tangela', 3, 19, 4, 5, 3, 'planta', '', ''),
(524, 114, 'Tangela', 4, 21, 5, 5, 3, 'planta', '', ''),
(525, 114, 'Tangela', 5, 23, 5, 5, 4, 'planta', '', ''),
(526, 114, 'Tangela', 6, 25, 6, 5, 4, 'planta', '', ''),
(527, 114, 'Tangela', 7, 27, 5, 7, 4, 'planta', '', ''),
(528, 114, 'Tangela', 8, 29, 6, 7, 4, 'planta', '', ''),
(529, 114, 'Tangela', 9, 31, 6, 7, 5, 'planta', '', ''),
(530, 114, 'Tangela', 10, 33, 6, 8, 5, 'planta', '', ''),
(531, 115, 'Kangaskhan', 1, 16, 4, 4, 4, 'normal', '', ''),
(532, 115, 'Kangaskhan', 2, 18, 4, 4, 5, 'normal', '', ''),
(533, 115, 'Kangaskhan', 3, 20, 4, 5, 5, 'normal', '', ''),
(534, 115, 'Kangaskhan', 4, 23, 5, 5, 5, 'normal', '', ''),
(535, 115, 'Kangaskhan', 5, 26, 6, 5, 5, 'normal', '', ''),
(536, 115, 'Kangaskhan', 6, 29, 6, 6, 5, 'normal', '', ''),
(537, 115, 'Kangaskhan', 7, 32, 7, 6, 5, 'normal', '', ''),
(538, 115, 'Kangaskhan', 8, 35, 7, 6, 6, 'normal', '', ''),
(539, 115, 'Kangaskhan', 9, 38, 7, 6, 7, 'normal', '', ''),
(540, 115, 'Kangaskhan', 10, 41, 7, 7, 7, 'normal', '', ''),
(541, 116, 'Horsea', 1, 12, 3, 3, 2, 'agua', '', ''),
(542, 116, 'Horsea', 2, 14, 4, 4, 4, 'agua', '', ''),
(543, 116, 'Horsea', 3, 16, 5, 4, 4, 'agua', '', ''),
(544, 117, 'Seadra', 4, 18, 5, 4, 5, 'agua', '', ''),
(545, 117, 'Seadra', 5, 20, 5, 5, 5, 'agua', '', ''),
(546, 117, 'Seadra', 6, 22, 6, 5, 5, 'agua', '', ''),
(547, 117, 'Seadra', 7, 24, 6, 6, 5, 'agua', '', ''),
(548, 117, 'Seadra', 8, 26, 6, 6, 6, 'agua', '', ''),
(549, 117, 'Seadra', 9, 29, 7, 6, 6, 'agua', '', ''),
(550, 117, 'Seadra', 10, 31, 7, 7, 6, 'agua', '', ''),
(551, 118, 'Goldeen', 1, 12, 3, 3, 2, 'agua', '', ''),
(552, 118, 'Goldeen', 2, 16, 4, 3, 2, 'agua', '', ''),
(553, 118, 'Goldeen', 3, 18, 4, 3, 3, 'agua', '', ''),
(554, 119, 'Seaking', 4, 21, 4, 3, 4, 'agua', '', ''),
(555, 119, 'Seaking', 5, 25, 5, 3, 4, 'agua', '', ''),
(556, 119, 'Seaking', 6, 28, 5, 4, 4, 'agua', '', ''),
(557, 119, 'Seaking', 7, 30, 5, 5, 5, 'agua', '', ''),
(558, 119, 'Seaking', 8, 33, 5, 6, 5, 'agua', '', ''),
(559, 119, 'Seaking', 9, 36, 6, 6, 5, 'agua', '', ''),
(560, 119, 'Seaking', 10, 36, 7, 6, 5, 'agua', '', ''),
(561, 120, 'Staryu', 1, 10, 3, 3, 4, 'agua', '', ''),
(562, 120, 'Staryu', 2, 12, 3, 4, 5, 'agua', '', ''),
(563, 120, 'Staryu', 3, 14, 4, 4, 5, 'agua', '', 'Necesita piedra agua para pasar de nivel y evolucionar.'),
(564, 121, 'Starmie', 4, 16, 4, 4, 6, 'agua', 'psíquico', ''),
(565, 121, 'Starmie', 5, 18, 4, 5, 6, 'agua', 'psíquico', ''),
(566, 121, 'Starmie', 6, 20, 5, 5, 6, 'agua', 'psíquico', ''),
(567, 121, 'Starmie', 7, 23, 5, 6, 6, 'agua', 'psíquico', ''),
(568, 121, 'Starmie', 8, 26, 6, 6, 6, 'agua', 'psíquico', ''),
(569, 121, 'Starmie', 9, 29, 6, 6, 7, 'agua', 'psíquico', ''),
(570, 121, 'Starmie', 10, 32, 7, 6, 8, 'agua', 'psíquico', ''),
(571, 122, 'Mr.Mime', 1, 10, 3, 4, 3, 'psíquico', '', ''),
(572, 122, 'Mr.Mime', 2, 12, 4, 4, 3, 'psíquico', '', ''),
(573, 122, 'Mr.Mime', 3, 14, 4, 5, 4, 'psíquico', '', ''),
(574, 122, 'Mr.Mime', 4, 16, 4, 5, 5, 'psíquico', '', ''),
(575, 122, 'Mr.Mime', 5, 18, 4, 5, 6, 'psíquico', '', ''),
(576, 122, 'Mr.Mime', 6, 20, 4, 6, 6, 'psíquico', '', ''),
(577, 122, 'Mr.Mime', 7, 22, 4, 7, 6, 'psíquico', '', ''),
(578, 122, 'Mr.Mime', 8, 24, 5, 7, 6, 'psíquico', '', ''),
(579, 122, 'Mr.Mime', 9, 26, 5, 8, 6, 'psíquico', '', ''),
(580, 122, 'Mr.Mime', 10, 28, 5, 8, 7, 'psíquico', '', ''),
(581, 123, 'Scyther', 1, 12, 4, 3, 4, 'bicho', 'volador', ''),
(582, 123, 'Scyther', 2, 15, 5, 4, 4, 'bicho', 'volador', ''),
(583, 123, 'Scyther', 3, 17, 5, 4, 5, 'bicho', 'volador', ''),
(584, 123, 'Scyther', 4, 20, 5, 5, 5, 'bicho', 'volador', ''),
(585, 123, 'Scyther', 5, 22, 6, 5, 5, 'bicho', 'volador', ''),
(586, 123, 'Scyther', 6, 25, 6, 5, 6, 'bicho', 'volador', ''),
(587, 123, 'Scyther', 7, 27, 6, 6, 6, 'bicho', 'volador', ''),
(588, 123, 'Scyther', 8, 29, 7, 6, 6, 'bicho', 'volador', ''),
(589, 123, 'Scyther', 9, 31, 7, 6, 7, 'bicho', 'volador', ''),
(590, 123, 'Scyther', 10, 34, 8, 6, 7, 'bicho', 'volador', ''),
(591, 124, 'Jynx', 1, 7, 4, 3, 3, 'hielo', 'psíquico', ''),
(592, 124, 'Jynx', 2, 10, 4, 4, 4, 'hielo', 'psíquico', ''),
(593, 124, 'Jynx', 3, 13, 4, 4, 5, 'hielo', 'psíquico', ''),
(594, 124, 'Jynx', 4, 15, 4, 5, 5, 'hielo', 'psíquico', ''),
(595, 124, 'Jynx', 5, 18, 5, 6, 6, 'hielo', 'psíquico', ''),
(596, 124, 'Jynx', 6, 21, 6, 6, 6, 'hielo', 'psíquico', ''),
(597, 124, 'Jynx', 7, 24, 7, 6, 6, 'hielo', 'psíquico', ''),
(598, 124, 'Jynx', 8, 27, 7, 7, 6, 'hielo', 'psíquico', ''),
(599, 124, 'Jynx', 9, 30, 7, 7, 7, 'hielo', 'psíquico', ''),
(600, 124, 'Jynx', 10, 33, 8, 7, 7, 'hielo', 'psíquico', ''),
(601, 125, 'Electabuzz', 1, 7, 3, 3, 4, 'eléctrico', '', ''),
(602, 125, 'Electabuzz', 2, 10, 3, 4, 5, 'eléctrico', '', ''),
(603, 125, 'Electabuzz', 3, 13, 4, 4, 5, 'eléctrico', '', ''),
(604, 125, 'Electabuzz', 4, 17, 4, 5, 5, 'eléctrico', '', ''),
(605, 125, 'Electabuzz', 5, 19, 4, 6, 5, 'eléctrico', '', ''),
(606, 125, 'Electabuzz', 6, 22, 5, 6, 5, 'eléctrico', '', ''),
(607, 125, 'Electabuzz', 7, 24, 5, 6, 6, 'eléctrico', '', ''),
(608, 125, 'Electabuzz', 8, 27, 5, 6, 7, 'eléctrico', '', ''),
(609, 125, 'Electabuzz', 9, 30, 6, 6, 7, 'eléctrico', '', ''),
(610, 125, 'Electabuzz', 10, 33, 7, 6, 7, 'eléctrico', '', ''),
(611, 126, 'Magmar', 1, 10, 4, 4, 3, 'fuego', '', ''),
(612, 126, 'Magmar', 2, 12, 5, 4, 4, 'fuego', '', ''),
(613, 126, 'Magmar', 3, 15, 5, 5, 4, 'fuego', '', ''),
(614, 126, 'Magmar', 4, 17, 5, 5, 5, 'fuego', '', ''),
(615, 126, 'Magmar', 5, 19, 6, 5, 5, 'fuego', '', ''),
(616, 126, 'Magmar', 6, 21, 6, 6, 5, 'fuego', '', ''),
(617, 126, 'Magmar', 7, 24, 6, 6, 6, 'fuego', '', ''),
(618, 126, 'Magmar', 8, 27, 6, 6, 7, 'fuego', '', ''),
(619, 126, 'Magmar', 9, 30, 6, 7, 7, 'fuego', '', ''),
(620, 126, 'Magmar', 10, 33, 7, 7, 7, 'fuego', '', ''),
(621, 127, 'Pinsir', 1, 9, 4, 3, 3, 'bicho', '', ''),
(622, 127, 'Pinsir', 2, 11, 4, 4, 4, 'bicho', '', ''),
(623, 127, 'Pinsir', 3, 13, 5, 5, 4, 'bicho', '', ''),
(624, 127, 'Pinsir', 4, 16, 6, 6, 4, 'bicho', '', ''),
(625, 127, 'Pinsir', 5, 19, 7, 6, 4, 'bicho', '', ''),
(626, 127, 'Pinsir', 6, 21, 7, 6, 5, 'bicho', '', ''),
(627, 127, 'Pinsir', 7, 24, 7, 6, 6, 'bicho', '', ''),
(628, 127, 'Pinsir', 8, 27, 7, 6, 7, 'bicho', '', ''),
(629, 127, 'Pinsir', 9, 30, 7, 7, 7, 'bicho', '', ''),
(630, 127, 'Pinsir', 10, 33, 8, 7, 7, 'bicho', '', ''),
(631, 128, 'Tauros', 1, 12, 3, 2, 5, 'normal', '', ''),
(632, 128, 'Tauros', 2, 15, 3, 3, 5, 'normal', '', ''),
(633, 128, 'Tauros', 3, 18, 4, 4, 5, 'normal', '', ''),
(634, 128, 'Tauros', 4, 20, 5, 4, 5, 'normal', '', ''),
(635, 128, 'Tauros', 5, 22, 5, 5, 5, 'normal', '', ''),
(636, 128, 'Tauros', 6, 24, 5, 5, 6, 'normal', '', ''),
(637, 128, 'Tauros', 7, 27, 6, 5, 6, 'normal', '', ''),
(638, 128, 'Tauros', 8, 30, 6, 5, 7, 'normal', '', ''),
(639, 128, 'Tauros', 9, 33, 6, 5, 8, 'normal', '', ''),
(640, 128, 'Tauros', 10, 35, 7, 5, 8, 'normal', '', ''),
(641, 129, 'Magikarp', 1, 10, 2, 1, 1, 'agua', '', ''),
(642, 129, 'Magikarp', 2, 15, 3, 1, 1, 'agua', '', ''),
(643, 130, 'Gyarados', 3, 21, 4, 3, 3, 'agua', 'volador', ''),
(644, 130, 'Gyarados', 4, 23, 5, 4, 3, 'agua', 'volador', ''),
(645, 130, 'Gyarados', 5, 25, 6, 4, 3, 'agua', 'volador', ''),
(646, 130, 'Gyarados', 6, 27, 7, 5, 3, 'agua', 'volador', ''),
(647, 130, 'Gyarados', 7, 30, 7, 6, 4, 'agua', 'volador', ''),
(648, 130, 'Gyarados', 8, 33, 8, 6, 4, 'agua', 'volador', ''),
(649, 130, 'Gyarados', 9, 36, 8, 6, 5, 'agua', 'volador', ''),
(650, 130, 'Gyarados', 10, 39, 9, 7, 6, 'agua', 'volador', ''),
(651, 131, 'Lapras', 1, 22, 2, 3, 3, 'agua', 'hielo', ''),
(652, 131, 'Lapras', 2, 24, 3, 3, 3, 'agua', 'hielo', ''),
(653, 131, 'Lapras', 3, 26, 4, 4, 4, 'agua', 'hielo', ''),
(654, 131, 'Lapras', 4, 30, 4, 5, 4, 'agua', 'hielo', ''),
(655, 131, 'Lapras', 5, 33, 5, 5, 4, 'agua', 'hielo', ''),
(656, 131, 'Lapras', 6, 35, 5, 5, 5, 'agua', 'hielo', ''),
(657, 131, 'Lapras', 7, 38, 5, 5, 6, 'agua', 'hielo', ''),
(658, 131, 'Lapras', 8, 40, 5, 6, 6, 'agua', 'hielo', ''),
(659, 131, 'Lapras', 9, 43, 6, 6, 6, 'agua', 'hielo', ''),
(660, 131, 'Lapras', 10, 46, 6, 7, 6, 'agua', 'hielo', ''),
(661, 132, 'Ditto', 1, 9, 2, 2, 3, 'normal', '', ''),
(662, 132, 'Ditto', 2, 10, 3, 3, 3, 'normal', '', ''),
(663, 132, 'Ditto', 3, 12, 4, 3, 3, 'normal', '', ''),
(664, 132, 'Ditto', 4, 14, 4, 4, 3, 'normal', '', ''),
(665, 132, 'Ditto', 5, 15, 4, 4, 4, 'normal', '', ''),
(666, 132, 'Ditto', 6, 18, 4, 5, 4, 'normal', '', ''),
(667, 132, 'Ditto', 7, 21, 5, 5, 4, 'normal', '', ''),
(668, 132, 'Ditto', 8, 24, 5, 5, 4, 'normal', '', ''),
(669, 132, 'Ditto', 9, 27, 5, 5, 5, 'normal', '', ''),
(670, 132, 'Ditto', 10, 30, 6, 6, 6, 'normal', '', ''),
(671, 133, 'Eevee', 1, 10, 2, 3, 2, 'normal', '', ''),
(672, 133, 'Eevee', 2, 12, 3, 3, 2, 'normal', '', ''),
(673, 133, 'Eevee', 3, 15, 3, 3, 3, 'normal', '', ''),
(674, 134, 'Vaporeon', 4, 24, 5, 5, 5, 'agua', '', ''),
(675, 134, 'Vaporeon', 5, 27, 6, 5, 5, 'agua', '', ''),
(676, 134, 'Vaporeon', 6, 31, 6, 6, 5, 'agua', '', ''),
(677, 134, 'Vaporeon', 7, 36, 6, 6, 6, 'agua', '', ''),
(678, 134, 'Vaporeon', 8, 40, 7, 6, 6, 'agua', '', ''),
(679, 134, 'Vaporeon', 9, 44, 7, 7, 6, 'agua', '', ''),
(680, 134, 'Vaporeon', 10, 46, 8, 7, 6, 'agua', '', ''),
(681, 135, 'Jolteon', 4, 16, 5, 4, 6, 'eléctrico', '', ''),
(682, 135, 'Jolteon', 5, 18, 6, 4, 6, 'eléctrico', '', ''),
(683, 135, 'Jolteon', 6, 20, 6, 4, 7, 'eléctrico', '', ''),
(684, 135, 'Jolteon', 7, 24, 6, 5, 7, 'eléctrico', '', ''),
(685, 135, 'Jolteon', 8, 27, 6, 6, 8, 'eléctrico', '', ''),
(686, 135, 'Jolteon', 9, 30, 7, 6, 8, 'eléctrico', '', ''),
(687, 135, 'Jolteon', 10, 33, 7, 6, 9, 'eléctrico', '', ''),
(688, 136, 'Flareon', 4, 16, 5, 4, 4, 'fuego', '', ''),
(689, 136, 'Flareon', 5, 18, 5, 5, 4, 'fuego', '', ''),
(690, 136, 'Flareon', 6, 20, 6, 6, 5, 'fuego', '', ''),
(691, 136, 'Flareon', 7, 24, 6, 7, 6, 'fuego', '', ''),
(692, 136, 'Flareon', 8, 27, 7, 7, 6, 'fuego', '', ''),
(693, 136, 'Flareon', 9, 30, 7, 8, 6, 'fuego', '', ''),
(694, 136, 'Flareon', 10, 33, 8, 8, 6, 'fuego', '', ''),
(695, 137, 'Porygon', 1, 12, 4, 3, 3, 'normal', '', ''),
(696, 137, 'Porygon', 2, 15, 5, 3, 3, 'normal', '', ''),
(697, 137, 'Porygon', 3, 18, 5, 4, 3, 'normal', '', ''),
(698, 137, 'Porygon', 4, 21, 5, 4, 4, 'normal', '', ''),
(699, 137, 'Porygon', 5, 23, 6, 4, 4, 'normal', '', ''),
(700, 137, 'Porygon', 6, 25, 6, 4, 5, 'normal', '', ''),
(701, 137, 'Porygon', 7, 27, 6, 5, 5, 'normal', '', ''),
(702, 137, 'Porygon', 8, 29, 7, 5, 5, 'normal', '', ''),
(703, 137, 'Porygon', 9, 31, 7, 6, 5, 'normal', '', ''),
(704, 137, 'Porygon', 10, 33, 7, 6, 6, 'normal', '', ''),
(705, 138, 'Omanyte', 1, 12, 4, 4, 4, 'roca', 'agua', ''),
(706, 138, 'Omanyte', 2, 15, 5, 4, 4, 'roca', 'agua', ''),
(707, 138, 'Omanyte', 3, 18, 5, 4, 5, 'roca', 'agua', ''),
(708, 138, 'Omanyte', 4, 21, 6, 4, 5, 'roca', 'agua', ''),
(709, 139, 'Omastar', 5, 23, 6, 4, 6, 'roca', 'agua', ''),
(710, 139, 'Omastar', 6, 25, 6, 5, 6, 'roca', 'agua', ''),
(711, 139, 'Omastar', 7, 27, 6, 6, 6, 'roca', 'agua', ''),
(712, 139, 'Omastar', 8, 31, 6, 7, 6, 'roca', 'agua', ''),
(713, 139, 'Omastar', 9, 33, 7, 7, 6, 'roca', 'agua', ''),
(714, 139, 'Omastar', 10, 34, 7, 8, 6, 'roca', 'agua', ''),
(715, 140, 'Kabuto', 1, 12, 4, 3, 2, 'roca', 'agua', ''),
(716, 140, 'Kabuto', 2, 15, 4, 3, 3, 'roca', 'agua', ''),
(717, 140, 'Kabuto', 3, 18, 4, 4, 4, 'roca', 'agua', ''),
(718, 140, 'Kabuto', 4, 20, 5, 4, 4, 'roca', 'agua', ''),
(719, 140, 'Kabuto', 5, 22, 6, 4, 4, 'roca', 'agua', ''),
(720, 141, 'Kabutops', 6, 24, 7, 4, 4, 'roca', 'agua', ''),
(721, 141, 'Kabutops', 7, 26, 7, 5, 4, 'roca', 'agua', ''),
(722, 141, 'Kabutops', 8, 28, 7, 5, 5, 'roca', 'agua', ''),
(723, 141, 'Kabutops', 9, 30, 7, 6, 5, 'roca', 'agua', ''),
(724, 141, 'Kabutops', 10, 32, 7, 6, 6, 'roca', 'agua', ''),
(725, 142, 'Aerodactyl', 1, 16, 3, 3, 4, 'roca', 'volador', ''),
(726, 142, 'Aerodactyl', 2, 18, 4, 3, 5, 'roca', 'volador', ''),
(727, 142, 'Aerodactyl', 3, 20, 4, 4, 6, 'roca', 'volador', ''),
(728, 142, 'Aerodactyl', 4, 22, 4, 5, 6, 'roca', 'volador', ''),
(729, 142, 'Aerodactyl', 5, 25, 5, 5, 6, 'roca', 'volador', ''),
(730, 142, 'Aerodactyl', 6, 27, 5, 5, 7, 'roca', 'volador', ''),
(731, 142, 'Aerodactyl', 7, 30, 6, 5, 7, 'roca', 'volador', ''),
(732, 142, 'Aerodactyl', 8, 32, 7, 5, 7, 'roca', 'volador', ''),
(733, 142, 'Aerodactyl', 9, 34, 7, 5, 8, 'roca', 'volador', ''),
(734, 142, 'Aerodactyl', 10, 36, 7, 5, 9, 'roca', 'volador', ''),
(735, 143, 'Snorlax', 1, 20, 4, 4, 2, 'normal', '', ''),
(736, 143, 'Snorlax', 2, 23, 4, 4, 3, 'normal', '', ''),
(737, 143, 'Snorlax', 3, 25, 5, 4, 3, 'normal', '', ''),
(738, 143, 'Snorlax', 4, 29, 5, 4, 4, 'normal', '', ''),
(739, 143, 'Snorlax', 5, 33, 5, 5, 4, 'normal', '', ''),
(740, 143, 'Snorlax', 6, 37, 6, 5, 4, 'normal', '', ''),
(741, 143, 'Snorlax', 7, 40, 7, 5, 4, 'normal', '', ''),
(742, 143, 'Snorlax', 8, 44, 7, 6, 4, 'normal', '', ''),
(743, 143, 'Snorlax', 9, 48, 8, 6, 4, 'normal', '', ''),
(744, 143, 'Snorlax', 10, 52, 8, 7, 4, 'normal', '', ''),
(745, 144, 'Articuno', 8, 34, 6, 8, 7, 'hielo', 'volador', ''),
(746, 144, 'Articuno', 9, 36, 7, 8, 7, 'hielo', 'volador', ''),
(747, 144, 'Articuno', 10, 38, 7, 9, 7, 'hielo', 'volador', ''),
(748, 145, 'Zapdos', 8, 34, 8, 6, 7, 'eléctrico', 'volador', ''),
(749, 145, 'Zapdos', 9, 36, 8, 7, 7, 'eléctrico', 'volador', ''),
(750, 145, 'Zapdos', 10, 34, 8, 7, 8, 'eléctrico', 'volador', ''),
(751, 146, 'Moltres', 8, 34, 8, 6, 7, 'fuego', 'volador', ''),
(752, 146, 'Moltres', 9, 36, 8, 6, 7, 'fuego', 'volador', ''),
(753, 146, 'Moltres', 10, 38, 9, 7, 7, 'fuego', 'volador', ''),
(754, 147, 'Dratini', 1, 16, 3, 2, 2, 'dragón', '', ''),
(755, 147, 'Dratini', 2, 18, 3, 2, 3, 'dragón', '', ''),
(756, 147, 'Dratini', 3, 20, 3, 3, 3, 'dragón', '', ''),
(757, 148, 'Dragonair', 4, 23, 4, 4, 4, 'dragón', '', ''),
(758, 148, 'Dragonair', 5, 25, 5, 4, 4, 'dragón', '', ''),
(759, 149, 'Dragonite', 6, 30, 7, 6, 6, 'dragón', 'volador', ''),
(760, 149, 'Dragonite', 7, 32, 7, 7, 6, 'dragón', 'volador', ''),
(761, 149, 'Dragonite', 8, 34, 8, 7, 6, 'dragón', 'volador', ''),
(762, 149, 'Dragonite', 9, 36, 9, 7, 6, 'dragón', 'volador', ''),
(763, 149, 'Dragonite', 10, 38, 9, 7, 7, 'dragón', 'volador', ''),
(764, 150, 'Mewtwo', 8, 37, 8, 7, 8, 'psíquico', '', ''),
(765, 150, 'Mewtwo', 9, 39, 9, 7, 8, 'psíquico', '', ''),
(766, 150, 'Mewtwo', 10, 41, 10, 7, 9, 'psíquico', '', ''),
(767, 151, 'Mew', 8, 36, 7, 7, 7, 'psíquico', '', ''),
(768, 151, 'Mew', 9, 38, 8, 8, 8, 'psíquico', '', ''),
(769, 151, 'Mew', 10, 40, 9, 9, 9, 'psíquico', '', '');

-- --------------------------------------------------------

--
-- Estructura de tabla para la tabla `pokemonataques`
--

CREATE TABLE IF NOT EXISTS `pokemonataques` (
  `clavePoke` int(4) NOT NULL DEFAULT '0',
  `claveAtaq` int(4) NOT NULL DEFAULT '0'
) ENGINE=InnoDB DEFAULT CHARSET=latin1;

--
-- Volcado de datos para la tabla `pokemonataques`
--

INSERT INTO `pokemonataques` (`clavePoke`, `claveAtaq`) VALUES
(21, 1),
(22, 1),
(23, 1),
(24, 1),
(25, 1),
(26, 1),
(27, 1),
(28, 1),
(29, 1),
(30, 1),
(221, 1),
(222, 1),
(223, 1),
(224, 1),
(225, 1),
(226, 1),
(227, 1),
(228, 1),
(229, 1),
(230, 1),
(251, 1),
(252, 1),
(253, 1),
(254, 1),
(255, 1),
(256, 1),
(257, 1),
(258, 1),
(259, 1),
(260, 1),
(291, 1),
(292, 1),
(293, 1),
(294, 1),
(295, 1),
(296, 1),
(297, 1),
(298, 1),
(299, 1),
(300, 1),
(321, 1),
(322, 1),
(323, 1),
(324, 1),
(325, 1),
(326, 1),
(327, 1),
(328, 1),
(329, 1),
(330, 1),
(361, 1),
(362, 1),
(363, 1),
(364, 1),
(365, 1),
(366, 1),
(367, 1),
(368, 1),
(369, 1),
(370, 1),
(381, 1),
(382, 1),
(383, 1),
(384, 1),
(385, 1),
(386, 1),
(387, 1),
(388, 1),
(389, 1),
(390, 1),
(421, 1),
(422, 1),
(423, 1),
(424, 1),
(425, 1),
(426, 1),
(427, 1),
(428, 1),
(429, 1),
(430, 1),
(541, 1),
(542, 1),
(543, 1),
(544, 1),
(545, 1),
(546, 1),
(547, 1),
(548, 1),
(549, 1),
(550, 1),
(551, 1),
(552, 1),
(553, 1),
(554, 1),
(555, 1),
(556, 1),
(557, 1),
(558, 1),
(559, 1),
(560, 1),
(561, 1),
(562, 1),
(563, 1),
(564, 1),
(565, 1),
(566, 1),
(567, 1),
(568, 1),
(569, 1),
(570, 1),
(641, 1),
(642, 1),
(643, 1),
(644, 1),
(645, 1),
(646, 1),
(647, 1),
(648, 1),
(649, 1),
(650, 1),
(651, 1),
(652, 1),
(653, 1),
(654, 1),
(655, 1),
(656, 1),
(657, 1),
(658, 1),
(659, 1),
(660, 1),
(705, 1),
(706, 1),
(707, 1),
(708, 1),
(709, 1),
(710, 1),
(711, 1),
(712, 1),
(713, 1),
(714, 1),
(715, 1),
(716, 1),
(717, 1),
(718, 1),
(719, 1),
(720, 1),
(721, 1),
(722, 1),
(723, 1),
(724, 1),
(21, 2),
(22, 2),
(23, 2),
(24, 2),
(25, 2),
(26, 2),
(27, 2),
(28, 2),
(29, 2),
(30, 2),
(221, 2),
(222, 2),
(223, 2),
(224, 2),
(225, 2),
(226, 2),
(227, 2),
(228, 2),
(229, 2),
(230, 2),
(251, 2),
(252, 2),
(253, 2),
(254, 2),
(255, 2),
(256, 2),
(257, 2),
(258, 2),
(259, 2),
(260, 2),
(291, 2),
(292, 2),
(293, 2),
(294, 2),
(295, 2),
(296, 2),
(297, 2),
(298, 2),
(299, 2),
(300, 2),
(321, 2),
(322, 2),
(323, 2),
(324, 2),
(325, 2),
(326, 2),
(327, 2),
(328, 2),
(329, 2),
(330, 2),
(361, 2),
(362, 2),
(363, 2),
(364, 2),
(365, 2),
(366, 2),
(367, 2),
(368, 2),
(369, 2),
(370, 2),
(381, 2),
(382, 2),
(383, 2),
(384, 2),
(385, 2),
(386, 2),
(387, 2),
(388, 2),
(389, 2),
(390, 2),
(421, 2),
(422, 2),
(423, 2),
(424, 2),
(425, 2),
(426, 2),
(427, 2),
(428, 2),
(429, 2),
(430, 2),
(541, 2),
(542, 2),
(543, 2),
(544, 2),
(545, 2),
(546, 2),
(547, 2),
(548, 2),
(549, 2),
(550, 2),
(551, 2),
(552, 2),
(553, 2),
(554, 2),
(555, 2),
(556, 2),
(557, 2),
(558, 2),
(559, 2),
(560, 2),
(561, 2),
(562, 2),
(563, 2),
(564, 2),
(565, 2),
(566, 2),
(567, 2),
(568, 2),
(569, 2),
(570, 2),
(641, 2),
(642, 2),
(643, 2),
(644, 2),
(645, 2),
(646, 2),
(647, 2),
(648, 2),
(649, 2),
(650, 2),
(651, 2),
(652, 2),
(653, 2),
(654, 2),
(655, 2),
(656, 2),
(657, 2),
(658, 2),
(659, 2),
(660, 2),
(705, 2),
(706, 2),
(707, 2),
(708, 2),
(709, 2),
(710, 2),
(711, 2),
(712, 2),
(713, 2),
(714, 2),
(715, 2),
(716, 2),
(717, 2),
(718, 2),
(719, 2),
(720, 2),
(721, 2),
(722, 2),
(723, 2),
(724, 2),
(21, 3),
(22, 3),
(23, 3),
(24, 3),
(25, 3),
(26, 3),
(27, 3),
(28, 3),
(29, 3),
(30, 3),
(221, 3),
(222, 3),
(223, 3),
(224, 3),
(225, 3),
(226, 3),
(227, 3),
(228, 3),
(229, 3),
(230, 3),
(251, 3),
(252, 3),
(253, 3),
(254, 3),
(255, 3),
(256, 3),
(257, 3),
(258, 3),
(259, 3),
(260, 3),
(291, 3),
(292, 3),
(293, 3),
(294, 3),
(295, 3),
(296, 3),
(297, 3),
(298, 3),
(299, 3),
(300, 3),
(321, 3),
(322, 3),
(323, 3),
(324, 3),
(325, 3),
(326, 3),
(327, 3),
(328, 3),
(329, 3),
(330, 3),
(361, 3),
(362, 3),
(363, 3),
(364, 3),
(365, 3),
(366, 3),
(367, 3),
(368, 3),
(369, 3),
(370, 3),
(381, 3),
(382, 3),
(383, 3),
(384, 3),
(385, 3),
(386, 3),
(387, 3),
(388, 3),
(389, 3),
(390, 3),
(421, 3),
(422, 3),
(423, 3),
(424, 3),
(425, 3),
(426, 3),
(427, 3),
(428, 3),
(429, 3),
(430, 3),
(541, 3),
(542, 3),
(543, 3),
(544, 3),
(545, 3),
(546, 3),
(547, 3),
(548, 3),
(549, 3),
(550, 3),
(551, 3),
(552, 3),
(553, 3),
(554, 3),
(555, 3),
(556, 3),
(557, 3),
(558, 3),
(559, 3),
(560, 3),
(561, 3),
(562, 3),
(563, 3),
(564, 3),
(565, 3),
(566, 3),
(567, 3),
(568, 3),
(569, 3),
(570, 3),
(641, 3),
(642, 3),
(643, 3),
(644, 3),
(645, 3),
(646, 3),
(647, 3),
(648, 3),
(649, 3),
(650, 3),
(651, 3),
(652, 3),
(653, 3),
(654, 3),
(655, 3),
(656, 3),
(657, 3),
(658, 3),
(659, 3),
(660, 3),
(705, 3),
(706, 3),
(707, 3),
(708, 3),
(709, 3),
(710, 3),
(711, 3),
(712, 3),
(713, 3),
(714, 3),
(715, 3),
(716, 3),
(717, 3),
(718, 3),
(719, 3),
(720, 3),
(721, 3),
(722, 3),
(723, 3),
(724, 3),
(21, 4),
(22, 4),
(23, 4),
(24, 4),
(25, 4),
(26, 4),
(27, 4),
(28, 4),
(29, 4),
(30, 4),
(221, 4),
(222, 4),
(223, 4),
(224, 4),
(225, 4),
(226, 4),
(227, 4),
(228, 4),
(229, 4),
(230, 4),
(251, 4),
(252, 4),
(253, 4),
(254, 4),
(255, 4),
(256, 4),
(257, 4),
(258, 4),
(259, 4),
(260, 4),
(291, 4),
(292, 4),
(293, 4),
(294, 4),
(295, 4),
(296, 4),
(297, 4),
(298, 4),
(299, 4),
(300, 4),
(321, 4),
(322, 4),
(323, 4),
(324, 4),
(325, 4),
(326, 4),
(327, 4),
(328, 4),
(329, 4),
(330, 4),
(361, 4),
(362, 4),
(363, 4),
(364, 4),
(365, 4),
(366, 4),
(367, 4),
(368, 4),
(369, 4),
(370, 4),
(381, 4),
(382, 4),
(383, 4),
(384, 4),
(385, 4),
(386, 4),
(387, 4),
(388, 4),
(389, 4),
(390, 4),
(421, 4),
(422, 4),
(423, 4),
(424, 4),
(425, 4),
(426, 4),
(427, 4),
(428, 4),
(429, 4),
(430, 4),
(541, 4),
(542, 4),
(543, 4),
(544, 4),
(545, 4),
(546, 4),
(547, 4),
(548, 4),
(549, 4),
(550, 4),
(551, 4),
(552, 4),
(553, 4),
(554, 4),
(555, 4),
(556, 4),
(557, 4),
(558, 4),
(559, 4),
(560, 4),
(561, 4),
(562, 4),
(563, 4),
(564, 4),
(565, 4),
(566, 4),
(567, 4),
(568, 4),
(569, 4),
(570, 4),
(641, 4),
(642, 4),
(643, 4),
(644, 4),
(645, 4),
(646, 4),
(647, 4),
(648, 4),
(649, 4),
(650, 4),
(651, 4),
(652, 4),
(653, 4),
(654, 4),
(655, 4),
(656, 4),
(657, 4),
(658, 4),
(659, 4),
(660, 4),
(705, 4),
(706, 4),
(707, 4),
(708, 4),
(709, 4),
(710, 4),
(711, 4),
(712, 4),
(713, 4),
(714, 4),
(715, 4),
(716, 4),
(717, 4),
(718, 4),
(719, 4),
(720, 4),
(721, 4),
(722, 4),
(723, 4),
(724, 4),
(21, 5),
(22, 5),
(23, 5),
(24, 5),
(25, 5),
(26, 5),
(27, 5),
(28, 5),
(29, 5),
(30, 5),
(221, 5),
(222, 5),
(223, 5),
(224, 5),
(225, 5),
(226, 5),
(227, 5),
(228, 5),
(229, 5),
(230, 5),
(251, 5),
(252, 5),
(253, 5),
(254, 5),
(255, 5),
(256, 5),
(257, 5),
(258, 5),
(259, 5),
(260, 5),
(291, 5),
(292, 5),
(293, 5),
(294, 5),
(295, 5),
(296, 5),
(297, 5),
(298, 5),
(299, 5),
(300, 5),
(321, 5),
(322, 5),
(323, 5),
(324, 5),
(325, 5),
(326, 5),
(327, 5),
(328, 5),
(329, 5),
(330, 5),
(361, 5),
(362, 5),
(363, 5),
(364, 5),
(365, 5),
(366, 5),
(367, 5),
(368, 5),
(369, 5),
(370, 5),
(381, 5),
(382, 5),
(383, 5),
(384, 5),
(385, 5),
(386, 5),
(387, 5),
(388, 5),
(389, 5),
(390, 5),
(421, 5),
(422, 5),
(423, 5),
(424, 5),
(425, 5),
(426, 5),
(427, 5),
(428, 5),
(429, 5),
(430, 5),
(541, 5),
(542, 5),
(543, 5),
(544, 5),
(545, 5),
(546, 5),
(547, 5),
(548, 5),
(549, 5),
(550, 5),
(551, 5),
(552, 5),
(553, 5),
(554, 5),
(555, 5),
(556, 5),
(557, 5),
(558, 5),
(559, 5),
(560, 5),
(561, 5),
(562, 5),
(563, 5),
(564, 5),
(565, 5),
(566, 5),
(567, 5),
(568, 5),
(569, 5),
(570, 5),
(641, 5),
(642, 5),
(643, 5),
(644, 5),
(645, 5),
(646, 5),
(647, 5),
(648, 5),
(649, 5),
(650, 5),
(651, 5),
(652, 5),
(653, 5),
(654, 5),
(655, 5),
(656, 5),
(657, 5),
(658, 5),
(659, 5),
(660, 5),
(705, 5),
(706, 5),
(707, 5),
(708, 5),
(709, 5),
(710, 5),
(711, 5),
(712, 5),
(713, 5),
(714, 5),
(715, 5),
(716, 5),
(717, 5),
(718, 5),
(719, 5),
(720, 5),
(721, 5),
(722, 5),
(723, 5),
(724, 5),
(31, 6),
(32, 6),
(33, 6),
(34, 6),
(35, 6),
(36, 6),
(37, 6),
(38, 6),
(39, 6),
(40, 6),
(41, 6),
(42, 6),
(43, 6),
(44, 6),
(45, 6),
(46, 6),
(47, 6),
(48, 6),
(49, 6),
(50, 6),
(181, 6),
(182, 6),
(183, 6),
(184, 6),
(185, 6),
(186, 6),
(187, 6),
(188, 6),
(189, 6),
(190, 6),
(191, 6),
(192, 6),
(193, 6),
(194, 6),
(195, 6),
(196, 6),
(197, 6),
(198, 6),
(199, 6),
(200, 6),
(581, 6),
(582, 6),
(583, 6),
(584, 6),
(585, 6),
(586, 6),
(587, 6),
(588, 6),
(589, 6),
(590, 6),
(31, 7),
(32, 7),
(33, 7),
(34, 7),
(35, 7),
(36, 7),
(37, 7),
(38, 7),
(39, 7),
(40, 7),
(41, 7),
(42, 7),
(43, 7),
(44, 7),
(45, 7),
(46, 7),
(47, 7),
(48, 7),
(49, 7),
(50, 7),
(181, 7),
(182, 7),
(183, 7),
(184, 7),
(185, 7),
(186, 7),
(187, 7),
(188, 7),
(189, 7),
(190, 7),
(191, 7),
(192, 7),
(193, 7),
(194, 7),
(195, 7),
(196, 7),
(197, 7),
(198, 7),
(199, 7),
(200, 7),
(581, 7),
(582, 7),
(583, 7),
(584, 7),
(585, 7),
(586, 7),
(587, 7),
(588, 7),
(589, 7),
(590, 7),
(31, 8),
(32, 8),
(33, 8),
(34, 8),
(35, 8),
(36, 8),
(37, 8),
(38, 8),
(39, 8),
(40, 8),
(41, 8),
(42, 8),
(43, 8),
(44, 8),
(45, 8),
(46, 8),
(47, 8),
(48, 8),
(49, 8),
(50, 8),
(181, 8),
(182, 8),
(183, 8),
(184, 8),
(185, 8),
(186, 8),
(187, 8),
(188, 8),
(189, 8),
(190, 8),
(191, 8),
(192, 8),
(193, 8),
(194, 8),
(195, 8),
(196, 8),
(197, 8),
(198, 8),
(199, 8),
(200, 8),
(581, 8),
(582, 8),
(583, 8),
(584, 8),
(585, 8),
(586, 8),
(587, 8),
(588, 8),
(589, 8),
(590, 8),
(31, 9),
(32, 9),
(33, 9),
(34, 9),
(35, 9),
(36, 9),
(37, 9),
(38, 9),
(39, 9),
(40, 9),
(41, 9),
(42, 9),
(43, 9),
(44, 9),
(45, 9),
(46, 9),
(47, 9),
(48, 9),
(49, 9),
(50, 9),
(181, 9),
(182, 9),
(183, 9),
(184, 9),
(185, 9),
(186, 9),
(187, 9),
(188, 9),
(189, 9),
(190, 9),
(191, 9),
(192, 9),
(193, 9),
(194, 9),
(195, 9),
(196, 9),
(197, 9),
(198, 9),
(199, 9),
(200, 9),
(581, 9),
(582, 9),
(583, 9),
(584, 9),
(585, 9),
(586, 9),
(587, 9),
(588, 9),
(589, 9),
(590, 9),
(81, 10),
(82, 10),
(83, 10),
(84, 10),
(85, 10),
(86, 10),
(87, 10),
(88, 10),
(89, 10),
(90, 10),
(91, 10),
(92, 10),
(93, 10),
(94, 10),
(95, 10),
(96, 10),
(97, 10),
(98, 10),
(99, 10),
(100, 10),
(331, 10),
(332, 10),
(333, 10),
(334, 10),
(335, 10),
(336, 10),
(337, 10),
(338, 10),
(339, 10),
(340, 10),
(431, 10),
(432, 10),
(433, 10),
(434, 10),
(435, 10),
(436, 10),
(437, 10),
(438, 10),
(439, 10),
(440, 10),
(601, 10),
(602, 10),
(603, 10),
(604, 10),
(605, 10),
(606, 10),
(607, 10),
(608, 10),
(609, 10),
(610, 10),
(681, 10),
(682, 10),
(683, 10),
(684, 10),
(685, 10),
(686, 10),
(687, 10),
(748, 10),
(749, 10),
(750, 10),
(81, 11),
(82, 11),
(83, 11),
(84, 11),
(85, 11),
(86, 11),
(87, 11),
(88, 11),
(89, 11),
(90, 11),
(91, 11),
(92, 11),
(93, 11),
(94, 11),
(95, 11),
(96, 11),
(97, 11),
(98, 11),
(99, 11),
(100, 11),
(331, 11),
(332, 11),
(333, 11),
(334, 11),
(335, 11),
(336, 11),
(337, 11),
(338, 11),
(339, 11),
(340, 11),
(431, 11),
(432, 11),
(433, 11),
(434, 11),
(435, 11),
(436, 11),
(437, 11),
(438, 11),
(439, 11),
(440, 11),
(601, 11),
(602, 11),
(603, 11),
(604, 11),
(605, 11),
(606, 11),
(607, 11),
(608, 11),
(609, 11),
(610, 11),
(681, 11),
(682, 11),
(683, 11),
(684, 11),
(685, 11),
(686, 11),
(687, 11),
(748, 11),
(749, 11),
(750, 11),
(81, 12),
(82, 12),
(83, 12),
(84, 12),
(85, 12),
(86, 12),
(87, 12),
(88, 12),
(89, 12),
(90, 12),
(91, 12),
(92, 12),
(93, 12),
(94, 12),
(95, 12),
(96, 12),
(97, 12),
(98, 12),
(99, 12),
(100, 12),
(471, 12),
(472, 12),
(473, 12),
(474, 12),
(475, 12),
(476, 12),
(477, 12),
(478, 12),
(479, 12),
(480, 12),
(601, 12),
(602, 12),
(603, 12),
(604, 12),
(605, 12),
(606, 12),
(607, 12),
(608, 12),
(609, 12),
(610, 12),
(681, 12),
(682, 12),
(683, 12),
(684, 12),
(685, 12),
(686, 12),
(687, 12),
(748, 12),
(749, 12),
(750, 12),
(81, 13),
(82, 13),
(83, 13),
(84, 13),
(85, 13),
(86, 13),
(87, 13),
(88, 13),
(89, 13),
(90, 13),
(91, 13),
(92, 13),
(93, 13),
(94, 13),
(95, 13),
(96, 13),
(97, 13),
(98, 13),
(99, 13),
(100, 13),
(331, 13),
(332, 13),
(333, 13),
(334, 13),
(335, 13),
(336, 13),
(337, 13),
(338, 13),
(339, 13),
(340, 13),
(431, 13),
(432, 13),
(433, 13),
(434, 13),
(435, 13),
(436, 13),
(437, 13),
(438, 13),
(439, 13),
(440, 13),
(601, 13),
(602, 13),
(603, 13),
(604, 13),
(605, 13),
(606, 13),
(607, 13),
(608, 13),
(609, 13),
(610, 13),
(681, 13),
(682, 13),
(683, 13),
(684, 13),
(685, 13),
(686, 13),
(687, 13),
(748, 13),
(749, 13),
(750, 13),
(81, 14),
(82, 14),
(83, 14),
(84, 14),
(85, 14),
(86, 14),
(87, 14),
(88, 14),
(89, 14),
(90, 14),
(91, 14),
(92, 14),
(93, 14),
(94, 14),
(95, 14),
(96, 14),
(97, 14),
(98, 14),
(99, 14),
(100, 14),
(331, 14),
(332, 14),
(333, 14),
(334, 14),
(335, 14),
(336, 14),
(337, 14),
(338, 14),
(339, 14),
(340, 14),
(431, 14),
(432, 14),
(433, 14),
(434, 14),
(435, 14),
(436, 14),
(437, 14),
(438, 14),
(439, 14),
(440, 14),
(601, 14),
(602, 14),
(603, 14),
(604, 14),
(605, 14),
(606, 14),
(607, 14),
(608, 14),
(609, 14),
(610, 14),
(681, 14),
(682, 14),
(683, 14),
(684, 14),
(685, 14),
(686, 14),
(687, 14),
(748, 14),
(749, 14),
(750, 14),
(11, 18),
(12, 18),
(13, 18),
(14, 18),
(15, 18),
(16, 18),
(17, 18),
(18, 18),
(19, 18),
(20, 18),
(141, 18),
(142, 18),
(143, 18),
(144, 18),
(145, 18),
(146, 18),
(147, 18),
(148, 18),
(149, 18),
(150, 18),
(241, 18),
(242, 18),
(243, 18),
(244, 18),
(245, 18),
(246, 18),
(247, 18),
(248, 18),
(249, 18),
(250, 18),
(311, 18),
(312, 18),
(313, 18),
(314, 18),
(315, 18),
(316, 18),
(317, 18),
(318, 18),
(319, 18),
(320, 18),
(610, 18),
(611, 18),
(612, 18),
(613, 18),
(614, 18),
(615, 18),
(616, 18),
(617, 18),
(618, 18),
(619, 18),
(620, 18),
(676, 18),
(677, 18),
(678, 18),
(679, 18),
(680, 18),
(688, 18),
(689, 18),
(690, 18),
(691, 18),
(692, 18),
(693, 18),
(694, 18),
(751, 18),
(752, 18),
(753, 18),
(11, 19),
(12, 19),
(13, 19),
(14, 19),
(15, 19),
(16, 19),
(17, 19),
(18, 19),
(19, 19),
(20, 19),
(141, 19),
(142, 19),
(143, 19),
(144, 19),
(145, 19),
(146, 19),
(147, 19),
(148, 19),
(149, 19),
(150, 19),
(241, 19),
(242, 19),
(243, 19),
(244, 19),
(245, 19),
(246, 19),
(247, 19),
(248, 19),
(249, 19),
(250, 19),
(311, 19),
(312, 19),
(313, 19),
(314, 19),
(315, 19),
(316, 19),
(317, 19),
(318, 19),
(319, 19),
(320, 19),
(610, 19),
(611, 19),
(612, 19),
(613, 19),
(614, 19),
(615, 19),
(616, 19),
(617, 19),
(618, 19),
(619, 19),
(620, 19),
(676, 19),
(677, 19),
(678, 19),
(679, 19),
(680, 19),
(688, 19),
(689, 19),
(690, 19),
(691, 19),
(692, 19),
(693, 19),
(694, 19),
(751, 19),
(752, 19),
(753, 19),
(11, 20),
(12, 20),
(13, 20),
(14, 20),
(15, 20),
(16, 20),
(17, 20),
(18, 20),
(19, 20),
(20, 20),
(141, 20),
(142, 20),
(143, 20),
(144, 20),
(145, 20),
(146, 20),
(147, 20),
(148, 20),
(149, 20),
(150, 20),
(241, 20),
(242, 20),
(243, 20),
(244, 20),
(245, 20),
(246, 20),
(247, 20),
(248, 20),
(249, 20),
(250, 20),
(311, 20),
(312, 20),
(313, 20),
(314, 20),
(315, 20),
(316, 20),
(317, 20),
(318, 20),
(319, 20),
(320, 20),
(610, 20),
(611, 20),
(612, 20),
(613, 20),
(614, 20),
(615, 20),
(616, 20),
(617, 20),
(618, 20),
(619, 20),
(620, 20),
(676, 20),
(677, 20),
(678, 20),
(679, 20),
(680, 20),
(688, 20),
(689, 20),
(690, 20),
(691, 20),
(692, 20),
(693, 20),
(694, 20),
(751, 20),
(752, 20),
(753, 20),
(11, 21),
(12, 21),
(13, 21),
(14, 21),
(15, 21),
(16, 21),
(17, 21),
(18, 21),
(19, 21),
(20, 21),
(141, 21),
(142, 21),
(143, 21),
(144, 21),
(145, 21),
(146, 21),
(147, 21),
(148, 21),
(149, 21),
(150, 21),
(241, 21),
(242, 21),
(243, 21),
(244, 21),
(245, 21),
(246, 21),
(247, 21),
(248, 21),
(249, 21),
(250, 21),
(311, 21),
(312, 21),
(313, 21),
(314, 21),
(315, 21),
(316, 21),
(317, 21),
(318, 21),
(319, 21),
(320, 21),
(610, 21),
(611, 21),
(612, 21),
(613, 21),
(614, 21),
(615, 21),
(616, 21),
(617, 21),
(618, 21),
(619, 21),
(620, 21),
(676, 21),
(677, 21),
(678, 21),
(679, 21),
(680, 21),
(688, 21),
(689, 21),
(690, 21),
(691, 21),
(692, 21),
(693, 21),
(694, 21),
(751, 21),
(752, 21),
(753, 21),
(11, 22),
(12, 22),
(13, 22),
(14, 22),
(15, 22),
(16, 22),
(17, 22),
(18, 22),
(19, 22),
(20, 22),
(471, 22),
(472, 22),
(473, 22),
(474, 22),
(475, 22),
(476, 22),
(477, 22),
(478, 22),
(479, 22),
(480, 22),
(610, 22),
(611, 22),
(612, 22),
(613, 22),
(614, 22),
(615, 22),
(616, 22),
(617, 22),
(618, 22),
(619, 22),
(620, 22),
(676, 22),
(677, 22),
(678, 22),
(679, 22),
(680, 22),
(688, 22),
(689, 22),
(690, 22),
(691, 22),
(692, 22),
(693, 22),
(694, 22),
(751, 22),
(752, 22),
(753, 22),
(361, 23),
(362, 23),
(363, 23),
(364, 23),
(365, 23),
(366, 23),
(367, 23),
(368, 23),
(369, 23),
(370, 23),
(381, 23),
(382, 23),
(383, 23),
(384, 23),
(385, 23),
(386, 23),
(387, 23),
(388, 23),
(389, 23),
(390, 23),
(591, 23),
(592, 23),
(593, 23),
(594, 23),
(595, 23),
(596, 23),
(597, 23),
(598, 23),
(599, 23),
(600, 23),
(745, 23),
(746, 23),
(747, 23),
(256, 24),
(257, 24),
(258, 24),
(259, 24),
(260, 24),
(471, 24),
(472, 24),
(473, 24),
(474, 24),
(475, 24),
(476, 24),
(477, 24),
(478, 24),
(479, 24),
(480, 24),
(591, 24),
(592, 24),
(593, 24),
(594, 24),
(595, 24),
(596, 24),
(597, 24),
(598, 24),
(599, 24),
(600, 24),
(745, 24),
(746, 24),
(747, 24),
(361, 25),
(362, 25),
(363, 25),
(364, 25),
(365, 25),
(366, 25),
(367, 25),
(368, 25),
(369, 25),
(370, 25),
(381, 25),
(382, 25),
(383, 25),
(384, 25),
(385, 25),
(386, 25),
(387, 25),
(388, 25),
(389, 25),
(390, 25),
(591, 25),
(592, 25),
(593, 25),
(594, 25),
(595, 25),
(596, 25),
(597, 25),
(598, 25),
(599, 25),
(600, 25),
(745, 25),
(746, 25),
(747, 25),
(361, 26),
(362, 26),
(363, 26),
(364, 26),
(365, 26),
(366, 26),
(367, 26),
(368, 26),
(369, 26),
(370, 26),
(381, 26),
(382, 26),
(383, 26),
(384, 26),
(385, 26),
(386, 26),
(387, 26),
(388, 26),
(389, 26),
(390, 26),
(591, 26),
(592, 26),
(593, 26),
(594, 26),
(595, 26),
(596, 26),
(597, 26),
(598, 26),
(599, 26),
(600, 26),
(745, 26),
(746, 26),
(747, 26),
(361, 27),
(362, 27),
(363, 27),
(364, 27),
(365, 27),
(366, 27),
(367, 27),
(368, 27),
(369, 27),
(370, 27),
(591, 27),
(592, 27),
(593, 27),
(594, 27),
(595, 27),
(596, 27),
(597, 27),
(598, 27),
(599, 27),
(600, 27),
(745, 27),
(746, 27),
(747, 27),
(231, 28),
(232, 28),
(233, 28),
(234, 28),
(235, 28),
(236, 28),
(237, 28),
(238, 28),
(239, 28),
(240, 28),
(256, 28),
(257, 28),
(258, 28),
(259, 28),
(260, 28),
(271, 28),
(272, 28),
(273, 28),
(274, 28),
(275, 28),
(276, 28),
(277, 28),
(278, 28),
(279, 28),
(280, 28),
(461, 28),
(462, 28),
(463, 28),
(464, 28),
(465, 28),
(466, 28),
(467, 28),
(468, 28),
(469, 28),
(470, 28),
(231, 29),
(232, 29),
(233, 29),
(234, 29),
(235, 29),
(236, 29),
(237, 29),
(238, 29),
(239, 29),
(240, 29),
(256, 29),
(257, 29),
(258, 29),
(259, 29),
(260, 29),
(271, 29),
(272, 29),
(273, 29),
(274, 29),
(275, 29),
(276, 29),
(277, 29),
(278, 29),
(279, 29),
(280, 29),
(461, 29),
(462, 29),
(463, 29),
(464, 29),
(465, 29),
(466, 29),
(467, 29),
(468, 29),
(469, 29),
(470, 29),
(471, 29),
(472, 29),
(473, 29),
(474, 29),
(475, 29),
(476, 29),
(477, 29),
(478, 29),
(479, 29),
(480, 29),
(231, 30),
(232, 30),
(233, 30),
(234, 30),
(235, 30),
(236, 30),
(237, 30),
(238, 30),
(239, 30),
(240, 30),
(256, 30),
(257, 30),
(258, 30),
(259, 30),
(260, 30),
(271, 30),
(272, 30),
(273, 30),
(274, 30),
(275, 30),
(276, 30),
(277, 30),
(278, 30),
(279, 30),
(280, 30),
(461, 30),
(462, 30),
(463, 30),
(464, 30),
(465, 30),
(466, 30),
(467, 30),
(468, 30),
(469, 30),
(470, 30),
(231, 31),
(232, 31),
(233, 31),
(234, 31),
(235, 31),
(236, 31),
(237, 31),
(238, 31),
(239, 31),
(240, 31),
(256, 31),
(257, 31),
(258, 31),
(259, 31),
(260, 31),
(271, 31),
(272, 31),
(273, 31),
(274, 31),
(275, 31),
(276, 31),
(277, 31),
(278, 31),
(279, 31),
(280, 31),
(461, 31),
(462, 31),
(463, 31),
(464, 31),
(465, 31),
(466, 31),
(467, 31),
(468, 31),
(469, 31),
(470, 31),
(231, 32),
(232, 32),
(233, 32),
(234, 32),
(235, 32),
(236, 32),
(237, 32),
(238, 32),
(239, 32),
(240, 32),
(256, 32),
(257, 32),
(258, 32),
(259, 32),
(260, 32),
(271, 32),
(272, 32),
(273, 32),
(274, 32),
(275, 32),
(276, 32),
(277, 32),
(278, 32),
(279, 32),
(280, 32),
(461, 32),
(462, 32),
(463, 32),
(464, 32),
(465, 32),
(466, 32),
(467, 32),
(468, 32),
(469, 32),
(470, 32),
(471, 32),
(472, 32),
(473, 32),
(474, 32),
(475, 32),
(476, 32),
(477, 32),
(478, 32),
(479, 32),
(480, 32),
(620, 33),
(621, 33),
(622, 33),
(623, 33),
(624, 33),
(625, 33),
(626, 33),
(627, 33),
(628, 33),
(629, 33),
(630, 33),
(631, 33),
(632, 33),
(633, 33),
(634, 33),
(635, 33),
(636, 33),
(637, 33),
(638, 33),
(639, 33),
(640, 33),
(641, 33),
(642, 33),
(643, 33),
(644, 33),
(645, 33),
(646, 33),
(647, 33),
(648, 33),
(649, 33),
(650, 33),
(651, 33),
(652, 33),
(653, 33),
(654, 33),
(655, 33),
(656, 33),
(657, 33),
(658, 33),
(659, 33),
(660, 33),
(671, 33),
(672, 33),
(673, 33),
(674, 33),
(675, 33),
(676, 33),
(677, 33),
(678, 33),
(679, 33),
(680, 33),
(681, 33),
(682, 33),
(683, 33),
(684, 33),
(685, 33),
(686, 33),
(687, 33),
(688, 33),
(689, 33),
(690, 33),
(691, 33),
(692, 33),
(693, 33),
(694, 33),
(695, 33),
(696, 33),
(697, 33),
(698, 33),
(699, 33),
(700, 33),
(701, 33),
(702, 33),
(703, 33),
(704, 33),
(705, 33),
(706, 33),
(707, 33),
(708, 33),
(709, 33),
(710, 33),
(711, 33),
(712, 33),
(713, 33),
(714, 33),
(715, 33),
(716, 33),
(717, 33),
(718, 33),
(719, 33),
(720, 33),
(721, 33),
(722, 33),
(723, 33),
(724, 33),
(725, 33),
(726, 33),
(727, 33),
(728, 33),
(729, 33),
(730, 33),
(731, 33),
(732, 33),
(733, 33),
(734, 33),
(735, 33),
(736, 33),
(737, 33),
(738, 33),
(739, 33),
(740, 33),
(741, 33),
(742, 33),
(743, 33),
(744, 33),
(745, 33),
(746, 33),
(747, 33),
(748, 33),
(749, 33),
(750, 33),
(751, 33),
(752, 33),
(753, 33),
(754, 33),
(755, 33),
(756, 33),
(757, 33),
(758, 33),
(759, 33),
(760, 33),
(761, 33),
(762, 33),
(763, 33),
(764, 33),
(765, 33),
(766, 33),
(767, 33),
(768, 33),
(769, 33),
(620, 34),
(621, 34),
(622, 34),
(623, 34),
(624, 34),
(625, 34),
(626, 34),
(627, 34),
(628, 34),
(629, 34),
(630, 34),
(631, 34),
(632, 34),
(633, 34),
(634, 34),
(635, 34),
(636, 34),
(637, 34),
(638, 34),
(639, 34),
(640, 34),
(641, 34),
(642, 34),
(643, 34),
(644, 34),
(645, 34),
(646, 34),
(647, 34),
(648, 34),
(649, 34),
(650, 34),
(651, 34),
(652, 34),
(653, 34),
(654, 34),
(655, 34),
(656, 34),
(657, 34),
(658, 34),
(659, 34),
(660, 34),
(671, 34),
(672, 34),
(673, 34),
(674, 34),
(675, 34),
(676, 34),
(677, 34),
(678, 34),
(679, 34),
(680, 34),
(681, 34),
(682, 34),
(683, 34),
(684, 34),
(685, 34),
(686, 34),
(687, 34),
(688, 34),
(689, 34),
(690, 34),
(691, 34),
(692, 34),
(693, 34),
(694, 34),
(695, 34),
(696, 34),
(697, 34),
(698, 34),
(699, 34),
(700, 34),
(701, 34),
(702, 34),
(703, 34),
(704, 34),
(705, 34),
(706, 34),
(707, 34),
(708, 34),
(709, 34),
(710, 34),
(711, 34),
(712, 34),
(713, 34),
(714, 34),
(715, 34),
(716, 34),
(717, 34),
(718, 34),
(719, 34),
(720, 34),
(721, 34),
(722, 34),
(723, 34),
(724, 34),
(725, 34),
(726, 34),
(727, 34),
(728, 34),
(729, 34),
(730, 34),
(731, 34),
(732, 34),
(733, 34),
(734, 34),
(735, 34),
(736, 34),
(737, 34),
(738, 34),
(739, 34),
(740, 34),
(741, 34),
(742, 34),
(743, 34),
(744, 34),
(745, 34),
(746, 34),
(747, 34),
(748, 34),
(749, 34),
(750, 34),
(751, 34),
(752, 34),
(753, 34),
(754, 34),
(755, 34),
(756, 34),
(757, 34),
(758, 34),
(759, 34),
(760, 34),
(761, 34),
(762, 34),
(763, 34),
(764, 34),
(765, 34),
(766, 34),
(767, 34),
(768, 34),
(769, 34),
(620, 35),
(621, 35),
(622, 35),
(623, 35),
(624, 35),
(625, 35),
(626, 35),
(627, 35),
(628, 35),
(629, 35),
(630, 35),
(631, 35),
(632, 35),
(633, 35),
(634, 35),
(635, 35),
(636, 35),
(637, 35),
(638, 35),
(639, 35),
(640, 35),
(641, 35),
(642, 35),
(643, 35),
(644, 35),
(645, 35),
(646, 35),
(647, 35),
(648, 35),
(649, 35),
(650, 35),
(651, 35),
(652, 35),
(653, 35),
(654, 35),
(655, 35),
(656, 35),
(657, 35),
(658, 35),
(659, 35),
(660, 35),
(671, 35),
(672, 35),
(673, 35),
(674, 35),
(675, 35),
(676, 35),
(677, 35),
(678, 35),
(679, 35),
(680, 35),
(681, 35),
(682, 35),
(683, 35),
(684, 35),
(685, 35),
(686, 35),
(687, 35),
(688, 35),
(689, 35),
(690, 35),
(691, 35),
(692, 35),
(693, 35),
(694, 35),
(695, 35),
(696, 35),
(697, 35),
(698, 35),
(699, 35),
(700, 35),
(701, 35),
(702, 35),
(703, 35),
(704, 35),
(705, 35),
(706, 35),
(707, 35),
(708, 35),
(709, 35),
(710, 35),
(711, 35),
(712, 35),
(713, 35),
(714, 35),
(715, 35),
(716, 35),
(717, 35),
(718, 35),
(719, 35),
(720, 35),
(721, 35),
(722, 35),
(723, 35),
(724, 35),
(725, 35),
(726, 35),
(727, 35),
(728, 35),
(729, 35),
(730, 35),
(731, 35),
(732, 35),
(733, 35),
(734, 35),
(735, 35),
(736, 35),
(737, 35),
(738, 35),
(739, 35),
(740, 35),
(741, 35),
(742, 35),
(743, 35),
(744, 35),
(745, 35),
(746, 35),
(747, 35),
(748, 35),
(749, 35),
(750, 35),
(751, 35),
(752, 35),
(753, 35),
(754, 35),
(755, 35),
(756, 35),
(757, 35),
(758, 35),
(759, 35),
(760, 35),
(761, 35),
(762, 35),
(763, 35),
(764, 35),
(765, 35),
(766, 35),
(767, 35),
(768, 35),
(769, 35),
(620, 36),
(621, 36),
(622, 36),
(623, 36),
(624, 36),
(625, 36),
(626, 36),
(627, 36),
(628, 36),
(629, 36),
(630, 36),
(631, 36),
(632, 36),
(633, 36),
(634, 36),
(635, 36),
(636, 36),
(637, 36),
(638, 36),
(639, 36),
(640, 36),
(641, 36),
(642, 36),
(643, 36),
(644, 36),
(645, 36),
(646, 36),
(647, 36),
(648, 36),
(649, 36),
(650, 36),
(651, 36),
(652, 36),
(653, 36),
(654, 36),
(655, 36),
(656, 36),
(657, 36),
(658, 36),
(659, 36),
(660, 36),
(671, 36),
(672, 36),
(673, 36),
(674, 36),
(675, 36),
(676, 36),
(677, 36),
(678, 36),
(679, 36),
(680, 36),
(681, 36),
(682, 36),
(683, 36),
(684, 36),
(685, 36),
(686, 36),
(687, 36),
(688, 36),
(689, 36),
(690, 36),
(691, 36),
(692, 36),
(693, 36),
(694, 36),
(695, 36),
(696, 36),
(697, 36),
(698, 36),
(699, 36),
(700, 36),
(701, 36),
(702, 36),
(703, 36),
(704, 36),
(705, 36),
(706, 36),
(707, 36),
(708, 36),
(709, 36),
(710, 36),
(711, 36),
(712, 36),
(713, 36),
(714, 36),
(715, 36),
(716, 36),
(717, 36),
(718, 36),
(719, 36),
(720, 36),
(721, 36),
(722, 36),
(723, 36),
(724, 36),
(725, 36),
(726, 36),
(727, 36),
(728, 36),
(729, 36),
(730, 36),
(731, 36),
(732, 36),
(733, 36),
(734, 36),
(735, 36),
(736, 36),
(737, 36),
(738, 36),
(739, 36),
(740, 36),
(741, 36),
(742, 36),
(743, 36),
(744, 36),
(745, 36),
(746, 36),
(747, 36),
(748, 36),
(749, 36),
(750, 36),
(751, 36),
(752, 36),
(753, 36),
(754, 36),
(755, 36),
(756, 36),
(757, 36),
(758, 36),
(759, 36),
(760, 36),
(761, 36),
(762, 36),
(763, 36),
(764, 36),
(765, 36),
(766, 36),
(767, 36),
(768, 36),
(769, 36),
(620, 37),
(621, 37),
(622, 37),
(623, 37),
(624, 37),
(625, 37),
(626, 37),
(627, 37),
(628, 37),
(629, 37),
(630, 37),
(631, 37),
(632, 37),
(633, 37),
(634, 37),
(635, 37),
(636, 37),
(637, 37),
(638, 37),
(639, 37),
(640, 37),
(641, 37),
(642, 37),
(643, 37),
(644, 37),
(645, 37),
(646, 37),
(647, 37),
(648, 37),
(649, 37),
(650, 37),
(651, 37),
(652, 37),
(653, 37),
(654, 37),
(655, 37),
(656, 37),
(657, 37),
(658, 37),
(659, 37),
(660, 37),
(671, 37),
(672, 37),
(673, 37),
(674, 37),
(675, 37),
(676, 37),
(677, 37),
(678, 37),
(679, 37),
(680, 37),
(681, 37),
(682, 37),
(683, 37),
(684, 37),
(685, 37),
(686, 37),
(687, 37),
(688, 37),
(689, 37),
(690, 37),
(691, 37),
(692, 37),
(693, 37),
(694, 37),
(695, 37),
(696, 37),
(697, 37),
(698, 37),
(699, 37),
(700, 37),
(701, 37),
(702, 37),
(703, 37),
(704, 37),
(705, 37),
(706, 37),
(707, 37),
(708, 37),
(709, 37),
(710, 37),
(711, 37),
(712, 37),
(713, 37),
(714, 37),
(715, 37),
(716, 37),
(717, 37),
(718, 37),
(719, 37),
(720, 37),
(721, 37),
(722, 37),
(723, 37),
(724, 37),
(725, 37),
(726, 37),
(727, 37),
(728, 37),
(729, 37),
(730, 37),
(731, 37),
(732, 37),
(733, 37),
(734, 37),
(735, 37),
(736, 37),
(737, 37),
(738, 37),
(739, 37),
(740, 37),
(741, 37),
(742, 37),
(743, 37),
(744, 37),
(745, 37),
(746, 37),
(747, 37),
(748, 37),
(749, 37),
(750, 37),
(751, 37),
(752, 37),
(753, 37),
(754, 37),
(755, 37),
(756, 37),
(757, 37),
(758, 37),
(759, 37),
(760, 37),
(761, 37),
(762, 37),
(763, 37),
(764, 37),
(765, 37),
(766, 37),
(767, 37),
(768, 37),
(769, 37),
(620, 38),
(621, 38),
(622, 38),
(623, 38),
(624, 38),
(625, 38),
(626, 38),
(627, 38),
(628, 38),
(629, 38),
(630, 38),
(631, 38),
(632, 38),
(633, 38),
(634, 38),
(635, 38),
(636, 38),
(637, 38),
(638, 38),
(639, 38),
(640, 38),
(641, 38),
(642, 38),
(643, 38),
(644, 38),
(645, 38),
(646, 38),
(647, 38),
(648, 38),
(649, 38),
(650, 38),
(651, 38),
(652, 38),
(653, 38),
(654, 38),
(655, 38),
(656, 38),
(657, 38),
(658, 38),
(659, 38),
(660, 38),
(671, 38),
(672, 38),
(673, 38),
(674, 38),
(675, 38),
(676, 38),
(677, 38),
(678, 38),
(679, 38),
(680, 38),
(681, 38),
(682, 38),
(683, 38),
(684, 38),
(685, 38),
(686, 38),
(687, 38),
(688, 38),
(689, 38),
(690, 38),
(691, 38),
(692, 38),
(693, 38),
(694, 38),
(695, 38),
(696, 38),
(697, 38),
(698, 38),
(699, 38),
(700, 38),
(701, 38),
(702, 38),
(703, 38),
(704, 38),
(705, 38),
(706, 38),
(707, 38),
(708, 38),
(709, 38),
(710, 38),
(711, 38),
(712, 38),
(713, 38),
(714, 38),
(715, 38),
(716, 38),
(717, 38),
(718, 38),
(719, 38),
(720, 38),
(721, 38),
(722, 38),
(723, 38),
(724, 38),
(725, 38),
(726, 38),
(727, 38),
(728, 38),
(729, 38),
(730, 38),
(731, 38),
(732, 38),
(733, 38),
(734, 38),
(735, 38),
(736, 38),
(737, 38),
(738, 38),
(739, 38),
(740, 38),
(741, 38),
(742, 38),
(743, 38),
(744, 38),
(745, 38),
(746, 38),
(747, 38),
(748, 38),
(749, 38),
(750, 38),
(751, 38),
(752, 38),
(753, 38),
(754, 38),
(755, 38),
(756, 38),
(757, 38),
(758, 38),
(759, 38),
(760, 38),
(761, 38),
(762, 38),
(763, 38),
(764, 38),
(765, 38),
(766, 38),
(767, 38),
(768, 38),
(769, 38),
(620, 39),
(621, 39),
(622, 39),
(623, 39),
(624, 39),
(625, 39),
(626, 39),
(627, 39),
(628, 39),
(629, 39),
(630, 39),
(631, 39),
(632, 39),
(633, 39),
(634, 39),
(635, 39),
(636, 39),
(637, 39),
(638, 39),
(639, 39),
(640, 39),
(641, 39),
(642, 39),
(643, 39),
(644, 39),
(645, 39),
(646, 39),
(647, 39),
(648, 39),
(649, 39),
(650, 39),
(651, 39),
(652, 39),
(653, 39),
(654, 39),
(655, 39),
(656, 39),
(657, 39),
(658, 39),
(659, 39),
(660, 39),
(671, 39),
(672, 39),
(673, 39),
(674, 39),
(675, 39),
(676, 39),
(677, 39),
(678, 39),
(679, 39),
(680, 39),
(681, 39),
(682, 39),
(683, 39),
(684, 39),
(685, 39),
(686, 39),
(687, 39),
(688, 39),
(689, 39),
(690, 39),
(691, 39),
(692, 39),
(693, 39),
(694, 39),
(695, 39),
(696, 39),
(697, 39),
(698, 39),
(699, 39),
(700, 39),
(701, 39),
(702, 39),
(703, 39),
(704, 39),
(705, 39),
(706, 39),
(707, 39),
(708, 39),
(709, 39),
(710, 39),
(711, 39),
(712, 39),
(713, 39),
(714, 39),
(715, 39),
(716, 39),
(717, 39),
(718, 39),
(719, 39),
(720, 39),
(721, 39),
(722, 39),
(723, 39),
(724, 39),
(725, 39),
(726, 39),
(727, 39),
(728, 39),
(729, 39),
(730, 39),
(731, 39),
(732, 39),
(733, 39),
(734, 39),
(735, 39),
(736, 39),
(737, 39),
(738, 39),
(739, 39),
(740, 39),
(741, 39),
(742, 39),
(743, 39),
(744, 39),
(745, 39),
(746, 39),
(747, 39),
(748, 39),
(749, 39),
(750, 39),
(751, 39),
(752, 39),
(753, 39),
(754, 39),
(755, 39),
(756, 39),
(757, 39),
(758, 39),
(759, 39),
(760, 39),
(761, 39),
(762, 39),
(763, 39),
(764, 39),
(765, 39),
(766, 39),
(767, 39),
(768, 39),
(769, 39),
(620, 40),
(621, 40),
(622, 40),
(623, 40),
(624, 40),
(625, 40),
(626, 40),
(627, 40),
(628, 40),
(629, 40),
(630, 40),
(631, 40),
(632, 40),
(633, 40),
(634, 40),
(635, 40),
(636, 40),
(637, 40),
(638, 40),
(639, 40),
(640, 40),
(641, 40),
(642, 40),
(643, 40),
(644, 40),
(645, 40),
(646, 40),
(647, 40),
(648, 40),
(649, 40),
(650, 40),
(651, 40),
(652, 40),
(653, 40),
(654, 40),
(655, 40),
(656, 40),
(657, 40),
(658, 40),
(659, 40),
(660, 40),
(671, 40),
(672, 40),
(673, 40),
(674, 40),
(675, 40),
(676, 40),
(677, 40),
(678, 40),
(679, 40),
(680, 40),
(681, 40),
(682, 40),
(683, 40),
(684, 40),
(685, 40),
(686, 40),
(687, 40),
(688, 40),
(689, 40),
(690, 40),
(691, 40),
(692, 40),
(693, 40),
(694, 40),
(695, 40),
(696, 40),
(697, 40),
(698, 40),
(699, 40),
(700, 40),
(701, 40),
(702, 40),
(703, 40),
(704, 40),
(705, 40),
(706, 40),
(707, 40),
(708, 40),
(709, 40),
(710, 40),
(711, 40),
(712, 40),
(713, 40),
(714, 40),
(715, 40),
(716, 40),
(717, 40),
(718, 40),
(719, 40),
(720, 40),
(721, 40),
(722, 40),
(723, 40),
(724, 40),
(725, 40),
(726, 40),
(727, 40),
(728, 40),
(729, 40),
(730, 40),
(731, 40),
(732, 40),
(733, 40),
(734, 40),
(735, 40),
(736, 40),
(737, 40),
(738, 40),
(739, 40),
(740, 40),
(741, 40),
(742, 40),
(743, 40),
(744, 40),
(745, 40),
(746, 40),
(747, 40),
(748, 40),
(749, 40),
(750, 40),
(751, 40),
(752, 40),
(753, 40),
(754, 40),
(755, 40),
(756, 40),
(757, 40),
(758, 40),
(759, 40),
(760, 40),
(761, 40),
(762, 40),
(763, 40),
(764, 40),
(765, 40),
(766, 40),
(767, 40),
(768, 40),
(769, 40),
(620, 41),
(621, 41),
(622, 41),
(623, 41),
(624, 41),
(625, 41),
(626, 41),
(627, 41),
(628, 41),
(629, 41),
(630, 41),
(631, 41),
(632, 41),
(633, 41),
(634, 41),
(635, 41),
(636, 41),
(637, 41),
(638, 41),
(639, 41),
(640, 41),
(641, 41),
(642, 41),
(643, 41),
(644, 41),
(645, 41),
(646, 41),
(647, 41),
(648, 41),
(649, 41),
(650, 41),
(651, 41),
(652, 41),
(653, 41),
(654, 41),
(655, 41),
(656, 41),
(657, 41),
(658, 41),
(659, 41),
(660, 41),
(671, 41),
(672, 41),
(673, 41),
(674, 41),
(675, 41),
(676, 41),
(677, 41),
(678, 41),
(679, 41),
(680, 41),
(681, 41),
(682, 41),
(683, 41),
(684, 41),
(685, 41),
(686, 41),
(687, 41),
(688, 41),
(689, 41),
(690, 41),
(691, 41),
(692, 41),
(693, 41),
(694, 41),
(695, 41),
(696, 41),
(697, 41),
(698, 41),
(699, 41),
(700, 41),
(701, 41),
(702, 41),
(703, 41),
(704, 41),
(705, 41),
(706, 41),
(707, 41),
(708, 41),
(709, 41),
(710, 41),
(711, 41),
(712, 41),
(713, 41),
(714, 41),
(715, 41),
(716, 41),
(717, 41),
(718, 41),
(719, 41),
(720, 41),
(721, 41),
(722, 41),
(723, 41),
(724, 41),
(725, 41),
(726, 41),
(727, 41),
(728, 41),
(729, 41),
(730, 41),
(731, 41),
(732, 41),
(733, 41),
(734, 41),
(735, 41),
(736, 41),
(737, 41),
(738, 41),
(739, 41),
(740, 41),
(741, 41),
(742, 41),
(743, 41),
(744, 41),
(745, 41),
(746, 41),
(747, 41),
(748, 41),
(749, 41),
(750, 41),
(751, 41),
(752, 41),
(753, 41),
(754, 41),
(755, 41),
(756, 41),
(757, 41),
(758, 41),
(759, 41),
(760, 41),
(761, 41),
(762, 41),
(763, 41),
(764, 41),
(765, 41),
(766, 41),
(767, 41),
(768, 41),
(769, 41),
(620, 42),
(621, 42),
(622, 42),
(623, 42),
(624, 42),
(625, 42),
(626, 42),
(627, 42),
(628, 42),
(629, 42),
(630, 42),
(631, 42),
(632, 42),
(633, 42),
(634, 42),
(635, 42),
(636, 42),
(637, 42),
(638, 42),
(639, 42),
(640, 42),
(641, 42),
(642, 42),
(643, 42),
(644, 42),
(645, 42),
(646, 42),
(647, 42),
(648, 42),
(649, 42),
(650, 42),
(651, 42),
(652, 42),
(653, 42),
(654, 42),
(655, 42),
(656, 42),
(657, 42),
(658, 42),
(659, 42),
(660, 42),
(671, 42),
(672, 42),
(673, 42),
(674, 42),
(675, 42),
(676, 42),
(677, 42),
(678, 42),
(679, 42),
(680, 42),
(681, 42),
(682, 42),
(683, 42),
(684, 42),
(685, 42),
(686, 42),
(687, 42),
(688, 42),
(689, 42),
(690, 42),
(691, 42),
(692, 42),
(693, 42),
(694, 42),
(695, 42),
(696, 42),
(697, 42),
(698, 42),
(699, 42),
(700, 42),
(701, 42),
(702, 42),
(703, 42),
(704, 42),
(705, 42),
(706, 42),
(707, 42),
(708, 42),
(709, 42),
(710, 42),
(711, 42),
(712, 42),
(713, 42),
(714, 42),
(715, 42),
(716, 42),
(717, 42),
(718, 42),
(719, 42),
(720, 42),
(721, 42),
(722, 42),
(723, 42),
(724, 42),
(725, 42),
(726, 42),
(727, 42),
(728, 42),
(729, 42),
(730, 42),
(731, 42),
(732, 42),
(733, 42),
(734, 42),
(735, 42),
(736, 42),
(737, 42),
(738, 42),
(739, 42),
(740, 42),
(741, 42),
(742, 42),
(743, 42),
(744, 42),
(745, 42),
(746, 42),
(747, 42),
(748, 42),
(749, 42),
(750, 42),
(751, 42),
(752, 42),
(753, 42),
(754, 42),
(755, 42),
(756, 42),
(757, 42),
(758, 42),
(759, 42),
(760, 42),
(761, 42),
(762, 42),
(763, 42),
(764, 42),
(765, 42),
(766, 42),
(767, 42),
(768, 42),
(769, 42),
(620, 43),
(621, 43),
(622, 43),
(623, 43),
(624, 43),
(625, 43),
(626, 43),
(627, 43),
(628, 43),
(629, 43),
(630, 43),
(631, 43),
(632, 43),
(633, 43),
(634, 43),
(635, 43),
(636, 43),
(637, 43),
(638, 43),
(639, 43),
(640, 43),
(641, 43),
(642, 43),
(643, 43),
(644, 43),
(645, 43),
(646, 43),
(647, 43),
(648, 43),
(649, 43),
(650, 43),
(651, 43),
(652, 43),
(653, 43),
(654, 43),
(655, 43),
(656, 43),
(657, 43),
(658, 43),
(659, 43),
(660, 43),
(671, 43),
(672, 43),
(673, 43),
(674, 43),
(675, 43),
(676, 43),
(677, 43),
(678, 43),
(679, 43),
(680, 43),
(681, 43),
(682, 43),
(683, 43),
(684, 43),
(685, 43),
(686, 43),
(687, 43),
(688, 43),
(689, 43),
(690, 43),
(691, 43),
(692, 43),
(693, 43),
(694, 43),
(695, 43),
(696, 43),
(697, 43),
(698, 43),
(699, 43),
(700, 43),
(701, 43),
(702, 43),
(703, 43),
(704, 43),
(705, 43),
(706, 43),
(707, 43),
(708, 43),
(709, 43),
(710, 43),
(711, 43),
(712, 43),
(713, 43),
(714, 43),
(715, 43),
(716, 43),
(717, 43),
(718, 43),
(719, 43),
(720, 43),
(721, 43),
(722, 43),
(723, 43),
(724, 43),
(725, 43),
(726, 43),
(727, 43),
(728, 43),
(729, 43),
(730, 43),
(731, 43),
(732, 43),
(733, 43),
(734, 43),
(735, 43),
(736, 43),
(737, 43),
(738, 43),
(739, 43),
(740, 43),
(741, 43),
(742, 43),
(743, 43),
(744, 43),
(745, 43),
(746, 43),
(747, 43),
(748, 43),
(749, 43),
(750, 43),
(751, 43),
(752, 43),
(753, 43),
(754, 43),
(755, 43),
(756, 43),
(757, 43),
(758, 43),
(759, 43),
(760, 43),
(761, 43),
(762, 43),
(763, 43),
(764, 43),
(765, 43),
(766, 43),
(767, 43),
(768, 43),
(769, 43),
(620, 44),
(621, 44),
(622, 44),
(623, 44),
(624, 44),
(625, 44),
(626, 44),
(627, 44),
(628, 44),
(629, 44),
(630, 44),
(631, 44),
(632, 44),
(633, 44),
(634, 44),
(635, 44),
(636, 44),
(637, 44),
(638, 44),
(639, 44),
(640, 44),
(641, 44),
(642, 44),
(643, 44),
(644, 44),
(645, 44),
(646, 44),
(647, 44),
(648, 44),
(649, 44),
(650, 44),
(651, 44),
(652, 44),
(653, 44),
(654, 44),
(655, 44),
(656, 44),
(657, 44),
(658, 44),
(659, 44),
(660, 44),
(671, 44),
(672, 44),
(673, 44),
(674, 44),
(675, 44),
(676, 44),
(677, 44),
(678, 44),
(679, 44),
(680, 44),
(681, 44),
(682, 44),
(683, 44),
(684, 44),
(685, 44),
(686, 44),
(687, 44),
(688, 44),
(689, 44),
(690, 44),
(691, 44),
(692, 44),
(693, 44),
(694, 44),
(695, 44),
(696, 44),
(697, 44),
(698, 44),
(699, 44),
(700, 44),
(701, 44),
(702, 44),
(703, 44),
(704, 44),
(705, 44),
(706, 44),
(707, 44),
(708, 44),
(709, 44),
(710, 44),
(711, 44),
(712, 44),
(713, 44),
(714, 44),
(715, 44),
(716, 44),
(717, 44),
(718, 44),
(719, 44),
(720, 44),
(721, 44),
(722, 44),
(723, 44),
(724, 44),
(725, 44),
(726, 44),
(727, 44),
(728, 44),
(729, 44),
(730, 44),
(731, 44),
(732, 44),
(733, 44),
(734, 44),
(735, 44),
(736, 44),
(737, 44),
(738, 44),
(739, 44),
(740, 44),
(741, 44),
(742, 44),
(743, 44),
(744, 44),
(745, 44),
(746, 44),
(747, 44),
(748, 44),
(749, 44),
(750, 44),
(751, 44),
(752, 44),
(753, 44),
(754, 44),
(755, 44),
(756, 44),
(757, 44),
(758, 44),
(759, 44),
(760, 44),
(761, 44),
(762, 44),
(763, 44),
(764, 44),
(765, 44),
(766, 44),
(767, 44),
(768, 44),
(769, 44),
(620, 45),
(621, 45),
(622, 45),
(623, 45),
(624, 45),
(625, 45),
(626, 45),
(627, 45),
(628, 45),
(629, 45),
(630, 45),
(631, 45),
(632, 45),
(633, 45),
(634, 45),
(635, 45),
(636, 45),
(637, 45),
(638, 45),
(639, 45),
(640, 45),
(641, 45),
(642, 45),
(643, 45),
(644, 45),
(645, 45),
(646, 45),
(647, 45),
(648, 45),
(649, 45),
(650, 45),
(651, 45),
(652, 45),
(653, 45),
(654, 45),
(655, 45),
(656, 45),
(657, 45),
(658, 45),
(659, 45),
(660, 45),
(671, 45),
(672, 45),
(673, 45),
(674, 45),
(675, 45),
(676, 45),
(677, 45),
(678, 45),
(679, 45),
(680, 45),
(681, 45),
(682, 45),
(683, 45),
(684, 45),
(685, 45),
(686, 45),
(687, 45),
(688, 45),
(689, 45),
(690, 45),
(691, 45),
(692, 45),
(693, 45),
(694, 45),
(695, 45),
(696, 45),
(697, 45),
(698, 45),
(699, 45),
(700, 45),
(701, 45),
(702, 45),
(703, 45),
(704, 45),
(705, 45),
(706, 45),
(707, 45),
(708, 45),
(709, 45),
(710, 45),
(711, 45),
(712, 45),
(713, 45),
(714, 45),
(715, 45),
(716, 45),
(717, 45),
(718, 45),
(719, 45),
(720, 45),
(721, 45),
(722, 45),
(723, 45),
(724, 45),
(725, 45),
(726, 45),
(727, 45),
(728, 45),
(729, 45),
(730, 45),
(731, 45),
(732, 45),
(733, 45),
(734, 45),
(735, 45),
(736, 45),
(737, 45),
(738, 45),
(739, 45),
(740, 45),
(741, 45),
(742, 45),
(743, 45),
(744, 45),
(745, 45),
(746, 45),
(747, 45),
(748, 45),
(749, 45),
(750, 45),
(751, 45),
(752, 45),
(753, 45),
(754, 45),
(755, 45),
(756, 45),
(757, 45),
(758, 45),
(759, 45),
(760, 45),
(761, 45),
(762, 45),
(763, 45),
(764, 45),
(765, 45),
(766, 45),
(767, 45),
(768, 45),
(769, 45),
(620, 46),
(621, 46),
(622, 46),
(623, 46),
(624, 46),
(625, 46),
(626, 46),
(627, 46),
(628, 46),
(629, 46),
(630, 46),
(631, 46),
(632, 46),
(633, 46),
(634, 46),
(635, 46),
(636, 46),
(637, 46),
(638, 46),
(639, 46),
(640, 46),
(641, 46),
(642, 46),
(643, 46),
(644, 46),
(645, 46),
(646, 46),
(647, 46),
(648, 46),
(649, 46),
(650, 46),
(651, 46),
(652, 46),
(653, 46),
(654, 46),
(655, 46),
(656, 46),
(657, 46),
(658, 46),
(659, 46),
(660, 46),
(671, 46),
(672, 46),
(673, 46),
(674, 46),
(675, 46),
(676, 46),
(677, 46),
(678, 46),
(679, 46),
(680, 46),
(681, 46),
(682, 46),
(683, 46),
(684, 46),
(685, 46),
(686, 46),
(687, 46),
(688, 46),
(689, 46),
(690, 46),
(691, 46),
(692, 46),
(693, 46),
(694, 46),
(695, 46),
(696, 46),
(697, 46),
(698, 46),
(699, 46),
(700, 46),
(701, 46),
(702, 46),
(703, 46),
(704, 46),
(705, 46),
(706, 46),
(707, 46),
(708, 46),
(709, 46),
(710, 46),
(711, 46),
(712, 46),
(713, 46),
(714, 46),
(715, 46),
(716, 46),
(717, 46),
(718, 46),
(719, 46),
(720, 46),
(721, 46),
(722, 46),
(723, 46),
(724, 46),
(725, 46),
(726, 46),
(727, 46),
(728, 46),
(729, 46),
(730, 46),
(731, 46),
(732, 46),
(733, 46),
(734, 46),
(735, 46),
(736, 46),
(737, 46),
(738, 46),
(739, 46),
(740, 46),
(741, 46),
(742, 46),
(743, 46),
(744, 46),
(745, 46),
(746, 46),
(747, 46),
(748, 46),
(749, 46),
(750, 46),
(751, 46),
(752, 46),
(753, 46),
(754, 46),
(755, 46),
(756, 46),
(757, 46),
(758, 46),
(759, 46),
(760, 46),
(761, 46),
(762, 46),
(763, 46),
(764, 46),
(765, 46),
(766, 46),
(767, 46),
(768, 46),
(769, 46),
(620, 47),
(621, 47),
(622, 47),
(623, 47),
(624, 47),
(625, 47),
(626, 47),
(627, 47),
(628, 47),
(629, 47),
(630, 47),
(631, 47),
(632, 47),
(633, 47),
(634, 47),
(635, 47),
(636, 47),
(637, 47),
(638, 47),
(639, 47),
(640, 47),
(641, 47),
(642, 47),
(643, 47),
(644, 47),
(645, 47),
(646, 47),
(647, 47),
(648, 47),
(649, 47),
(650, 47),
(651, 47),
(652, 47),
(653, 47),
(654, 47),
(655, 47),
(656, 47),
(657, 47),
(658, 47),
(659, 47),
(660, 47),
(671, 47),
(672, 47),
(673, 47),
(674, 47),
(675, 47),
(676, 47),
(677, 47),
(678, 47),
(679, 47),
(680, 47),
(681, 47),
(682, 47),
(683, 47),
(684, 47),
(685, 47),
(686, 47),
(687, 47),
(688, 47),
(689, 47),
(690, 47),
(691, 47),
(692, 47),
(693, 47),
(694, 47),
(695, 47),
(696, 47),
(697, 47),
(698, 47),
(699, 47),
(700, 47),
(701, 47),
(702, 47),
(703, 47),
(704, 47),
(705, 47),
(706, 47),
(707, 47),
(708, 47),
(709, 47),
(710, 47),
(711, 47),
(712, 47),
(713, 47),
(714, 47),
(715, 47),
(716, 47),
(717, 47),
(718, 47),
(719, 47),
(720, 47),
(721, 47),
(722, 47),
(723, 47),
(724, 47),
(725, 47),
(726, 47),
(727, 47),
(728, 47),
(729, 47),
(730, 47),
(731, 47),
(732, 47),
(733, 47),
(734, 47),
(735, 47),
(736, 47),
(737, 47),
(738, 47),
(739, 47),
(740, 47),
(741, 47),
(742, 47),
(743, 47),
(744, 47),
(745, 47),
(746, 47),
(747, 47),
(748, 47),
(749, 47),
(750, 47),
(751, 47),
(752, 47),
(753, 47),
(754, 47),
(755, 47),
(756, 47),
(757, 47),
(758, 47),
(759, 47),
(760, 47),
(761, 47),
(762, 47),
(763, 47),
(764, 47),
(765, 47),
(766, 47),
(767, 47),
(768, 47),
(769, 47),
(620, 48),
(621, 48),
(622, 48),
(623, 48),
(624, 48),
(625, 48),
(626, 48),
(627, 48),
(628, 48),
(629, 48),
(630, 48),
(631, 48),
(632, 48),
(633, 48),
(634, 48),
(635, 48),
(636, 48),
(637, 48),
(638, 48),
(639, 48),
(640, 48),
(641, 48),
(642, 48),
(643, 48),
(644, 48),
(645, 48),
(646, 48),
(647, 48),
(648, 48),
(649, 48),
(650, 48),
(651, 48),
(652, 48),
(653, 48),
(654, 48),
(655, 48),
(656, 48),
(657, 48),
(658, 48),
(659, 48),
(660, 48),
(671, 48),
(672, 48),
(673, 48),
(674, 48),
(675, 48),
(676, 48),
(677, 48),
(678, 48),
(679, 48),
(680, 48),
(681, 48),
(682, 48),
(683, 48),
(684, 48),
(685, 48),
(686, 48),
(687, 48),
(688, 48),
(689, 48),
(690, 48),
(691, 48),
(692, 48),
(693, 48),
(694, 48),
(695, 48),
(696, 48),
(697, 48),
(698, 48),
(699, 48),
(700, 48),
(701, 48),
(702, 48),
(703, 48),
(704, 48),
(705, 48),
(706, 48),
(707, 48),
(708, 48),
(709, 48),
(710, 48),
(711, 48),
(712, 48),
(713, 48),
(714, 48),
(715, 48),
(716, 48),
(717, 48),
(718, 48),
(719, 48),
(720, 48),
(721, 48),
(722, 48),
(723, 48),
(724, 48),
(725, 48),
(726, 48),
(727, 48),
(728, 48),
(729, 48),
(730, 48),
(731, 48),
(732, 48),
(733, 48),
(734, 48),
(735, 48),
(736, 48),
(737, 48),
(738, 48),
(739, 48),
(740, 48),
(741, 48),
(742, 48),
(743, 48),
(744, 48),
(745, 48),
(746, 48),
(747, 48),
(748, 48),
(749, 48),
(750, 48),
(751, 48),
(752, 48),
(753, 48),
(754, 48),
(755, 48),
(756, 48),
(757, 48),
(758, 48),
(759, 48),
(760, 48),
(761, 48),
(762, 48),
(763, 48),
(764, 48),
(765, 48),
(766, 48),
(767, 48),
(768, 48),
(769, 48),
(620, 49),
(621, 49),
(622, 49),
(623, 49),
(624, 49),
(625, 49),
(626, 49),
(627, 49),
(628, 49),
(629, 49),
(630, 49),
(631, 49),
(632, 49),
(633, 49),
(634, 49),
(635, 49),
(636, 49),
(637, 49),
(638, 49),
(639, 49),
(640, 49),
(641, 49),
(642, 49),
(643, 49),
(644, 49),
(645, 49),
(646, 49),
(647, 49),
(648, 49),
(649, 49),
(650, 49),
(651, 49),
(652, 49),
(653, 49),
(654, 49),
(655, 49),
(656, 49),
(657, 49),
(658, 49),
(659, 49),
(660, 49),
(671, 49),
(672, 49),
(673, 49),
(674, 49),
(675, 49),
(676, 49),
(677, 49),
(678, 49),
(679, 49),
(680, 49),
(681, 49),
(682, 49),
(683, 49),
(684, 49),
(685, 49),
(686, 49),
(687, 49),
(688, 49),
(689, 49),
(690, 49),
(691, 49),
(692, 49),
(693, 49),
(694, 49),
(695, 49),
(696, 49),
(697, 49),
(698, 49),
(699, 49),
(700, 49),
(701, 49),
(702, 49),
(703, 49),
(704, 49),
(705, 49),
(706, 49),
(707, 49),
(708, 49),
(709, 49),
(710, 49),
(711, 49),
(712, 49),
(713, 49),
(714, 49),
(715, 49),
(716, 49),
(717, 49),
(718, 49),
(719, 49),
(720, 49),
(721, 49),
(722, 49),
(723, 49),
(724, 49),
(725, 49),
(726, 49),
(727, 49),
(728, 49),
(729, 49),
(730, 49),
(731, 49),
(732, 49),
(733, 49),
(734, 49),
(735, 49),
(736, 49),
(737, 49),
(738, 49),
(739, 49),
(740, 49),
(741, 49),
(742, 49),
(743, 49),
(744, 49),
(745, 49),
(746, 49),
(747, 49),
(748, 49),
(749, 49),
(750, 49),
(751, 49),
(752, 49),
(753, 49),
(754, 49),
(755, 49),
(756, 49),
(757, 49),
(758, 49),
(759, 49),
(760, 49),
(761, 49),
(762, 49),
(763, 49),
(764, 49),
(765, 49),
(766, 49),
(767, 49),
(768, 49),
(769, 49),
(620, 50),
(621, 50),
(622, 50),
(623, 50),
(624, 50),
(625, 50),
(626, 50),
(627, 50),
(628, 50),
(629, 50),
(630, 50),
(631, 50),
(632, 50),
(633, 50),
(634, 50),
(635, 50),
(636, 50),
(637, 50),
(638, 50),
(639, 50),
(640, 50),
(641, 50),
(642, 50),
(643, 50),
(644, 50),
(645, 50),
(646, 50),
(647, 50),
(648, 50),
(649, 50),
(650, 50),
(651, 50),
(652, 50),
(653, 50),
(654, 50),
(655, 50),
(656, 50),
(657, 50),
(658, 50),
(659, 50),
(660, 50),
(671, 50),
(672, 50),
(673, 50),
(674, 50),
(675, 50),
(676, 50),
(677, 50),
(678, 50),
(679, 50),
(680, 50),
(681, 50),
(682, 50),
(683, 50),
(684, 50),
(685, 50),
(686, 50),
(687, 50),
(688, 50),
(689, 50),
(690, 50),
(691, 50),
(692, 50),
(693, 50),
(694, 50),
(695, 50),
(696, 50),
(697, 50),
(698, 50),
(699, 50),
(700, 50),
(701, 50),
(702, 50),
(703, 50),
(704, 50),
(705, 50),
(706, 50),
(707, 50),
(708, 50),
(709, 50),
(710, 50),
(711, 50),
(712, 50),
(713, 50),
(714, 50),
(715, 50),
(716, 50),
(717, 50),
(718, 50),
(719, 50),
(720, 50),
(721, 50),
(722, 50),
(723, 50),
(724, 50),
(725, 50),
(726, 50),
(727, 50),
(728, 50),
(729, 50),
(730, 50),
(731, 50),
(732, 50),
(733, 50),
(734, 50),
(735, 50),
(736, 50),
(737, 50),
(738, 50),
(739, 50),
(740, 50),
(741, 50),
(742, 50),
(743, 50),
(744, 50),
(745, 50),
(746, 50),
(747, 50),
(748, 50),
(749, 50),
(750, 50),
(751, 50),
(752, 50),
(753, 50),
(754, 50),
(755, 50),
(756, 50),
(757, 50),
(758, 50),
(759, 50),
(760, 50),
(761, 50),
(762, 50),
(763, 50),
(764, 50),
(765, 50),
(766, 50),
(767, 50),
(768, 50),
(769, 50),
(620, 51),
(621, 51),
(622, 51),
(623, 51),
(624, 51),
(625, 51),
(626, 51),
(627, 51),
(628, 51),
(629, 51),
(630, 51),
(631, 51),
(632, 51),
(633, 51),
(634, 51),
(635, 51),
(636, 51),
(637, 51),
(638, 51),
(639, 51),
(640, 51),
(641, 51),
(642, 51),
(643, 51),
(644, 51),
(645, 51),
(646, 51),
(647, 51),
(648, 51),
(649, 51),
(650, 51),
(651, 51),
(652, 51),
(653, 51),
(654, 51),
(655, 51),
(656, 51),
(657, 51),
(658, 51),
(659, 51),
(660, 51),
(671, 51),
(672, 51),
(673, 51),
(674, 51),
(675, 51),
(676, 51),
(677, 51),
(678, 51),
(679, 51),
(680, 51),
(681, 51),
(682, 51),
(683, 51),
(684, 51),
(685, 51),
(686, 51),
(687, 51),
(688, 51),
(689, 51),
(690, 51),
(691, 51),
(692, 51),
(693, 51),
(694, 51),
(695, 51),
(696, 51),
(697, 51),
(698, 51),
(699, 51),
(700, 51),
(701, 51),
(702, 51),
(703, 51),
(704, 51),
(705, 51),
(706, 51),
(707, 51),
(708, 51),
(709, 51),
(710, 51),
(711, 51),
(712, 51),
(713, 51),
(714, 51),
(715, 51),
(716, 51),
(717, 51),
(718, 51),
(719, 51),
(720, 51),
(721, 51),
(722, 51),
(723, 51),
(724, 51),
(725, 51),
(726, 51),
(727, 51),
(728, 51),
(729, 51),
(730, 51),
(731, 51),
(732, 51),
(733, 51),
(734, 51),
(735, 51),
(736, 51),
(737, 51),
(738, 51),
(739, 51),
(740, 51),
(741, 51),
(742, 51),
(743, 51),
(744, 51),
(745, 51),
(746, 51),
(747, 51),
(748, 51),
(749, 51),
(750, 51),
(751, 51),
(752, 51),
(753, 51),
(754, 51),
(755, 51),
(756, 51),
(757, 51),
(758, 51),
(759, 51),
(760, 51),
(761, 51),
(762, 51),
(763, 51),
(764, 51),
(765, 51),
(766, 51),
(767, 51),
(768, 51),
(769, 51),
(620, 52),
(621, 52),
(622, 52),
(623, 52),
(624, 52),
(625, 52),
(626, 52),
(627, 52),
(628, 52),
(629, 52),
(630, 52),
(631, 52),
(632, 52),
(633, 52),
(634, 52),
(635, 52),
(636, 52),
(637, 52),
(638, 52),
(639, 52),
(640, 52),
(641, 52),
(642, 52),
(643, 52),
(644, 52),
(645, 52),
(646, 52),
(647, 52),
(648, 52),
(649, 52),
(650, 52),
(651, 52),
(652, 52),
(653, 52),
(654, 52),
(655, 52),
(656, 52),
(657, 52),
(658, 52),
(659, 52),
(660, 52),
(671, 52),
(672, 52),
(673, 52),
(674, 52),
(675, 52),
(676, 52),
(677, 52),
(678, 52),
(679, 52),
(680, 52),
(681, 52),
(682, 52),
(683, 52),
(684, 52),
(685, 52),
(686, 52),
(687, 52),
(688, 52),
(689, 52),
(690, 52),
(691, 52),
(692, 52),
(693, 52),
(694, 52),
(695, 52),
(696, 52),
(697, 52),
(698, 52),
(699, 52),
(700, 52),
(701, 52),
(702, 52),
(703, 52),
(704, 52),
(705, 52),
(706, 52),
(707, 52),
(708, 52),
(709, 52),
(710, 52),
(711, 52),
(712, 52),
(713, 52),
(714, 52),
(715, 52),
(716, 52),
(717, 52),
(718, 52),
(719, 52),
(720, 52),
(721, 52),
(722, 52),
(723, 52),
(724, 52),
(725, 52),
(726, 52),
(727, 52),
(728, 52),
(729, 52),
(730, 52),
(731, 52),
(732, 52),
(733, 52),
(734, 52),
(735, 52),
(736, 52),
(737, 52),
(738, 52),
(739, 52),
(740, 52),
(741, 52),
(742, 52),
(743, 52),
(744, 52),
(745, 52),
(746, 52),
(747, 52),
(748, 52),
(749, 52),
(750, 52),
(751, 52),
(752, 52),
(753, 52),
(754, 52),
(755, 52),
(756, 52),
(757, 52),
(758, 52),
(759, 52),
(760, 52),
(761, 52),
(762, 52),
(763, 52),
(764, 52),
(765, 52),
(766, 52),
(767, 52),
(768, 52),
(769, 52),
(620, 53),
(621, 53),
(622, 53),
(623, 53),
(624, 53),
(625, 53),
(626, 53),
(627, 53),
(628, 53),
(629, 53),
(630, 53),
(631, 53),
(632, 53),
(633, 53),
(634, 53),
(635, 53),
(636, 53),
(637, 53),
(638, 53),
(639, 53),
(640, 53),
(641, 53),
(642, 53),
(643, 53),
(644, 53),
(645, 53),
(646, 53),
(647, 53),
(648, 53),
(649, 53),
(650, 53),
(651, 53),
(652, 53),
(653, 53),
(654, 53),
(655, 53),
(656, 53),
(657, 53),
(658, 53),
(659, 53),
(660, 53),
(671, 53),
(672, 53),
(673, 53),
(674, 53),
(675, 53),
(676, 53),
(677, 53),
(678, 53),
(679, 53),
(680, 53),
(681, 53),
(682, 53),
(683, 53),
(684, 53),
(685, 53),
(686, 53),
(687, 53),
(688, 53),
(689, 53),
(690, 53),
(691, 53),
(692, 53),
(693, 53),
(694, 53),
(695, 53),
(696, 53),
(697, 53),
(698, 53),
(699, 53),
(700, 53),
(701, 53),
(702, 53),
(703, 53),
(704, 53),
(705, 53),
(706, 53),
(707, 53),
(708, 53),
(709, 53),
(710, 53),
(711, 53),
(712, 53),
(713, 53),
(714, 53),
(715, 53),
(716, 53),
(717, 53),
(718, 53),
(719, 53),
(720, 53),
(721, 53),
(722, 53),
(723, 53),
(724, 53),
(725, 53),
(726, 53),
(727, 53),
(728, 53),
(729, 53),
(730, 53),
(731, 53),
(732, 53),
(733, 53),
(734, 53),
(735, 53),
(736, 53),
(737, 53),
(738, 53),
(739, 53),
(740, 53),
(741, 53),
(742, 53),
(743, 53),
(744, 53),
(745, 53),
(746, 53),
(747, 53),
(748, 53),
(749, 53),
(750, 53),
(751, 53),
(752, 53),
(753, 53),
(754, 53),
(755, 53),
(756, 53),
(757, 53),
(758, 53),
(759, 53),
(760, 53),
(761, 53),
(762, 53),
(763, 53),
(764, 53),
(765, 53),
(766, 53),
(767, 53),
(768, 53),
(769, 53),
(620, 54),
(621, 54),
(622, 54),
(623, 54),
(624, 54),
(625, 54),
(626, 54),
(627, 54),
(628, 54),
(629, 54),
(630, 54),
(631, 54),
(632, 54),
(633, 54),
(634, 54),
(635, 54),
(636, 54),
(637, 54),
(638, 54),
(639, 54),
(640, 54),
(641, 54),
(642, 54),
(643, 54),
(644, 54),
(645, 54),
(646, 54),
(647, 54),
(648, 54),
(649, 54),
(650, 54),
(651, 54),
(652, 54),
(653, 54),
(654, 54),
(655, 54),
(656, 54),
(657, 54),
(658, 54),
(659, 54),
(660, 54),
(671, 54),
(672, 54),
(673, 54),
(674, 54),
(675, 54),
(676, 54),
(677, 54),
(678, 54),
(679, 54),
(680, 54),
(681, 54),
(682, 54),
(683, 54),
(684, 54),
(685, 54),
(686, 54),
(687, 54),
(688, 54),
(689, 54),
(690, 54),
(691, 54),
(692, 54),
(693, 54),
(694, 54),
(695, 54),
(696, 54),
(697, 54),
(698, 54),
(699, 54),
(700, 54),
(701, 54),
(702, 54),
(703, 54),
(704, 54),
(705, 54),
(706, 54),
(707, 54),
(708, 54),
(709, 54),
(710, 54),
(711, 54),
(712, 54),
(713, 54),
(714, 54),
(715, 54),
(716, 54),
(717, 54),
(718, 54),
(719, 54),
(720, 54),
(721, 54),
(722, 54),
(723, 54),
(724, 54),
(725, 54),
(726, 54),
(727, 54),
(728, 54),
(729, 54),
(730, 54),
(731, 54),
(732, 54),
(733, 54),
(734, 54),
(735, 54),
(736, 54),
(737, 54),
(738, 54),
(739, 54),
(740, 54),
(741, 54),
(742, 54),
(743, 54),
(744, 54),
(745, 54),
(746, 54),
(747, 54),
(748, 54),
(749, 54),
(750, 54),
(751, 54),
(752, 54),
(753, 54),
(754, 54),
(755, 54),
(756, 54),
(757, 54),
(758, 54),
(759, 54),
(760, 54),
(761, 54),
(762, 54),
(763, 54),
(764, 54),
(765, 54),
(766, 54),
(767, 54),
(768, 54),
(769, 54),
(620, 55),
(621, 55),
(622, 55),
(623, 55),
(624, 55),
(625, 55),
(626, 55),
(627, 55),
(628, 55),
(629, 55),
(630, 55),
(631, 55),
(632, 55),
(633, 55),
(634, 55),
(635, 55),
(636, 55),
(637, 55),
(638, 55),
(639, 55),
(640, 55),
(641, 55),
(642, 55),
(643, 55),
(644, 55),
(645, 55),
(646, 55),
(647, 55),
(648, 55),
(649, 55),
(650, 55),
(651, 55),
(652, 55),
(653, 55),
(654, 55),
(655, 55),
(656, 55),
(657, 55),
(658, 55),
(659, 55),
(660, 55),
(671, 55),
(672, 55),
(673, 55),
(674, 55),
(675, 55),
(676, 55),
(677, 55),
(678, 55),
(679, 55),
(680, 55),
(681, 55),
(682, 55),
(683, 55),
(684, 55),
(685, 55),
(686, 55),
(687, 55),
(688, 55),
(689, 55),
(690, 55),
(691, 55),
(692, 55),
(693, 55),
(694, 55),
(695, 55),
(696, 55),
(697, 55),
(698, 55),
(699, 55),
(700, 55),
(701, 55),
(702, 55),
(703, 55),
(704, 55),
(705, 55),
(706, 55),
(707, 55),
(708, 55),
(709, 55),
(710, 55),
(711, 55),
(712, 55),
(713, 55),
(714, 55),
(715, 55),
(716, 55),
(717, 55),
(718, 55),
(719, 55),
(720, 55),
(721, 55),
(722, 55),
(723, 55),
(724, 55),
(725, 55),
(726, 55),
(727, 55),
(728, 55),
(729, 55),
(730, 55),
(731, 55),
(732, 55),
(733, 55),
(734, 55),
(735, 55),
(736, 55),
(737, 55),
(738, 55),
(739, 55),
(740, 55),
(741, 55),
(742, 55),
(743, 55),
(744, 55),
(745, 55),
(746, 55),
(747, 55),
(748, 55),
(749, 55),
(750, 55),
(751, 55),
(752, 55),
(753, 55),
(754, 55),
(755, 55),
(756, 55),
(757, 55),
(758, 55),
(759, 55),
(760, 55),
(761, 55),
(762, 55),
(763, 55),
(764, 55),
(765, 55),
(766, 55),
(767, 55),
(768, 55),
(769, 55),
(620, 56),
(621, 56),
(622, 56),
(623, 56),
(624, 56),
(625, 56),
(626, 56),
(627, 56),
(628, 56),
(629, 56),
(630, 56),
(631, 56),
(632, 56),
(633, 56),
(634, 56),
(635, 56),
(636, 56),
(637, 56),
(638, 56),
(639, 56),
(640, 56),
(641, 56),
(642, 56),
(643, 56),
(644, 56),
(645, 56),
(646, 56),
(647, 56),
(648, 56),
(649, 56),
(650, 56),
(651, 56),
(652, 56),
(653, 56),
(654, 56),
(655, 56),
(656, 56),
(657, 56),
(658, 56),
(659, 56),
(660, 56),
(671, 56),
(672, 56),
(673, 56),
(674, 56),
(675, 56),
(676, 56),
(677, 56),
(678, 56),
(679, 56),
(680, 56),
(681, 56),
(682, 56),
(683, 56),
(684, 56),
(685, 56),
(686, 56),
(687, 56),
(688, 56),
(689, 56),
(690, 56),
(691, 56),
(692, 56),
(693, 56),
(694, 56),
(695, 56),
(696, 56),
(697, 56),
(698, 56),
(699, 56),
(700, 56),
(701, 56),
(702, 56),
(703, 56),
(704, 56),
(705, 56),
(706, 56),
(707, 56),
(708, 56),
(709, 56),
(710, 56),
(711, 56),
(712, 56),
(713, 56),
(714, 56),
(715, 56),
(716, 56),
(717, 56),
(718, 56),
(719, 56),
(720, 56),
(721, 56),
(722, 56),
(723, 56),
(724, 56),
(725, 56),
(726, 56),
(727, 56),
(728, 56),
(729, 56),
(730, 56),
(731, 56),
(732, 56),
(733, 56),
(734, 56),
(735, 56),
(736, 56),
(737, 56),
(738, 56),
(739, 56),
(740, 56),
(741, 56),
(742, 56),
(743, 56),
(744, 56),
(745, 56),
(746, 56),
(747, 56),
(748, 56),
(749, 56),
(750, 56),
(751, 56),
(752, 56),
(753, 56),
(754, 56),
(755, 56),
(756, 56),
(757, 56),
(758, 56),
(759, 56),
(760, 56),
(761, 56),
(762, 56),
(763, 56),
(764, 56),
(765, 56),
(766, 56),
(767, 56),
(768, 56),
(769, 56),
(620, 57),
(621, 57),
(622, 57),
(623, 57),
(624, 57),
(625, 57),
(626, 57),
(627, 57),
(628, 57),
(629, 57),
(630, 57),
(631, 57),
(632, 57),
(633, 57),
(634, 57),
(635, 57),
(636, 57),
(637, 57),
(638, 57),
(639, 57),
(640, 57),
(641, 57),
(642, 57),
(643, 57),
(644, 57),
(645, 57),
(646, 57),
(647, 57),
(648, 57),
(649, 57),
(650, 57),
(651, 57),
(652, 57),
(653, 57),
(654, 57),
(655, 57),
(656, 57),
(657, 57),
(658, 57),
(659, 57),
(660, 57),
(671, 57),
(672, 57),
(673, 57),
(674, 57),
(675, 57),
(676, 57),
(677, 57),
(678, 57),
(679, 57),
(680, 57),
(681, 57),
(682, 57),
(683, 57),
(684, 57),
(685, 57),
(686, 57),
(687, 57),
(688, 57),
(689, 57),
(690, 57),
(691, 57),
(692, 57),
(693, 57),
(694, 57),
(695, 57),
(696, 57),
(697, 57),
(698, 57),
(699, 57),
(700, 57),
(701, 57),
(702, 57),
(703, 57),
(704, 57),
(705, 57),
(706, 57),
(707, 57),
(708, 57),
(709, 57),
(710, 57),
(711, 57),
(712, 57),
(713, 57),
(714, 57),
(715, 57),
(716, 57),
(717, 57),
(718, 57),
(719, 57),
(720, 57),
(721, 57),
(722, 57),
(723, 57),
(724, 57),
(725, 57),
(726, 57),
(727, 57),
(728, 57),
(729, 57),
(730, 57),
(731, 57),
(732, 57),
(733, 57),
(734, 57),
(735, 57),
(736, 57),
(737, 57),
(738, 57),
(739, 57),
(740, 57),
(741, 57),
(742, 57),
(743, 57),
(744, 57),
(745, 57),
(746, 57),
(747, 57),
(748, 57),
(749, 57),
(750, 57),
(751, 57),
(752, 57),
(753, 57),
(754, 57),
(755, 57),
(756, 57),
(757, 57),
(758, 57),
(759, 57),
(760, 57),
(761, 57),
(762, 57),
(763, 57),
(764, 57),
(765, 57),
(766, 57),
(767, 57),
(768, 57),
(769, 57),
(620, 58),
(621, 58),
(622, 58),
(623, 58),
(624, 58),
(625, 58),
(626, 58),
(627, 58),
(628, 58),
(629, 58),
(630, 58),
(631, 58),
(632, 58),
(633, 58),
(634, 58),
(635, 58),
(636, 58),
(637, 58),
(638, 58),
(639, 58),
(640, 58),
(641, 58),
(642, 58),
(643, 58),
(644, 58),
(645, 58),
(646, 58),
(647, 58),
(648, 58),
(649, 58),
(650, 58),
(651, 58),
(652, 58),
(653, 58),
(654, 58),
(655, 58),
(656, 58),
(657, 58),
(658, 58),
(659, 58),
(660, 58),
(671, 58),
(672, 58),
(673, 58),
(674, 58),
(675, 58),
(676, 58),
(677, 58),
(678, 58),
(679, 58),
(680, 58),
(681, 58),
(682, 58),
(683, 58),
(684, 58),
(685, 58),
(686, 58),
(687, 58),
(688, 58),
(689, 58),
(690, 58),
(691, 58),
(692, 58),
(693, 58),
(694, 58),
(695, 58),
(696, 58),
(697, 58),
(698, 58),
(699, 58),
(700, 58),
(701, 58),
(702, 58),
(703, 58),
(704, 58),
(705, 58),
(706, 58),
(707, 58),
(708, 58),
(709, 58),
(710, 58),
(711, 58),
(712, 58),
(713, 58),
(714, 58),
(715, 58),
(716, 58),
(717, 58),
(718, 58),
(719, 58),
(720, 58),
(721, 58),
(722, 58),
(723, 58),
(724, 58),
(725, 58),
(726, 58),
(727, 58),
(728, 58),
(729, 58),
(730, 58),
(731, 58),
(732, 58),
(733, 58),
(734, 58),
(735, 58),
(736, 58),
(737, 58),
(738, 58),
(739, 58),
(740, 58),
(741, 58),
(742, 58),
(743, 58),
(744, 58),
(745, 58),
(746, 58),
(747, 58),
(748, 58),
(749, 58),
(750, 58),
(751, 58),
(752, 58),
(753, 58),
(754, 58),
(755, 58),
(756, 58),
(757, 58),
(758, 58),
(759, 58),
(760, 58),
(761, 58),
(762, 58),
(763, 58),
(764, 58),
(765, 58),
(766, 58),
(767, 58),
(768, 58),
(769, 58),
(620, 59),
(621, 59),
(622, 59),
(623, 59),
(624, 59),
(625, 59),
(626, 59),
(627, 59),
(628, 59),
(629, 59),
(630, 59),
(631, 59),
(632, 59),
(633, 59),
(634, 59),
(635, 59),
(636, 59),
(637, 59),
(638, 59),
(639, 59),
(640, 59),
(641, 59),
(642, 59),
(643, 59),
(644, 59),
(645, 59),
(646, 59),
(647, 59),
(648, 59),
(649, 59),
(650, 59),
(651, 59),
(652, 59),
(653, 59),
(654, 59),
(655, 59),
(656, 59),
(657, 59),
(658, 59),
(659, 59),
(660, 59),
(671, 59),
(672, 59),
(673, 59),
(674, 59),
(675, 59),
(676, 59),
(677, 59),
(678, 59),
(679, 59),
(680, 59),
(681, 59),
(682, 59),
(683, 59),
(684, 59),
(685, 59),
(686, 59),
(687, 59),
(688, 59),
(689, 59),
(690, 59),
(691, 59),
(692, 59),
(693, 59),
(694, 59),
(695, 59),
(696, 59),
(697, 59),
(698, 59),
(699, 59),
(700, 59),
(701, 59),
(702, 59),
(703, 59),
(704, 59),
(705, 59),
(706, 59),
(707, 59),
(708, 59),
(709, 59),
(710, 59),
(711, 59),
(712, 59),
(713, 59),
(714, 59),
(715, 59),
(716, 59),
(717, 59),
(718, 59),
(719, 59),
(720, 59),
(721, 59),
(722, 59),
(723, 59),
(724, 59),
(725, 59),
(726, 59),
(727, 59),
(728, 59),
(729, 59),
(730, 59),
(731, 59),
(732, 59),
(733, 59),
(734, 59),
(735, 59),
(736, 59),
(737, 59),
(738, 59),
(739, 59),
(740, 59),
(741, 59),
(742, 59),
(743, 59),
(744, 59),
(745, 59),
(746, 59),
(747, 59),
(748, 59),
(749, 59),
(750, 59),
(751, 59),
(752, 59),
(753, 59),
(754, 59),
(755, 59),
(756, 59),
(757, 59),
(758, 59),
(759, 59),
(760, 59),
(761, 59),
(762, 59),
(763, 59),
(764, 59),
(765, 59),
(766, 59),
(767, 59),
(768, 59),
(769, 59),
(1, 60),
(2, 60),
(3, 60),
(4, 60),
(5, 60),
(6, 60),
(7, 60),
(8, 60),
(9, 60),
(10, 60),
(171, 60);
INSERT INTO `pokemonataques` (`clavePoke`, `claveAtaq`) VALUES
(172, 60),
(173, 60),
(174, 60),
(175, 60),
(176, 60),
(177, 60),
(178, 60),
(179, 60),
(180, 60),
(181, 60),
(182, 60),
(183, 60),
(184, 60),
(185, 60),
(186, 60),
(187, 60),
(188, 60),
(189, 60),
(190, 60),
(281, 60),
(282, 60),
(283, 60),
(284, 60),
(285, 60),
(286, 60),
(287, 60),
(288, 60),
(289, 60),
(290, 60),
(441, 60),
(442, 60),
(443, 60),
(444, 60),
(445, 60),
(446, 60),
(447, 60),
(448, 60),
(449, 60),
(450, 60),
(521, 60),
(522, 60),
(523, 60),
(524, 60),
(525, 60),
(526, 60),
(527, 60),
(528, 60),
(529, 60),
(530, 60),
(1, 61),
(2, 61),
(3, 61),
(4, 61),
(5, 61),
(6, 61),
(7, 61),
(8, 61),
(9, 61),
(10, 61),
(171, 61),
(172, 61),
(173, 61),
(174, 61),
(175, 61),
(176, 61),
(177, 61),
(178, 61),
(179, 61),
(180, 61),
(281, 61),
(282, 61),
(283, 61),
(284, 61),
(285, 61),
(286, 61),
(287, 61),
(288, 61),
(289, 61),
(290, 61),
(441, 61),
(442, 61),
(443, 61),
(444, 61),
(445, 61),
(446, 61),
(447, 61),
(448, 61),
(449, 61),
(450, 61),
(521, 61),
(522, 61),
(523, 61),
(524, 61),
(525, 61),
(526, 61),
(527, 61),
(528, 61),
(529, 61),
(530, 61),
(1, 62),
(2, 62),
(3, 62),
(4, 62),
(5, 62),
(6, 62),
(7, 62),
(8, 62),
(9, 62),
(10, 62),
(171, 62),
(172, 62),
(173, 62),
(174, 62),
(175, 62),
(176, 62),
(177, 62),
(178, 62),
(179, 62),
(180, 62),
(281, 62),
(282, 62),
(283, 62),
(284, 62),
(285, 62),
(286, 62),
(287, 62),
(288, 62),
(289, 62),
(290, 62),
(441, 62),
(442, 62),
(443, 62),
(444, 62),
(445, 62),
(446, 62),
(447, 62),
(448, 62),
(449, 62),
(450, 62),
(1, 63),
(2, 63),
(3, 63),
(4, 63),
(5, 63),
(6, 63),
(7, 63),
(8, 63),
(9, 63),
(10, 63),
(171, 63),
(172, 63),
(173, 63),
(174, 63),
(175, 63),
(176, 63),
(177, 63),
(178, 63),
(179, 63),
(180, 63),
(181, 63),
(182, 63),
(183, 63),
(184, 63),
(185, 63),
(186, 63),
(187, 63),
(188, 63),
(189, 63),
(190, 63),
(281, 63),
(282, 63),
(283, 63),
(284, 63),
(285, 63),
(286, 63),
(287, 63),
(288, 63),
(289, 63),
(290, 63),
(441, 63),
(442, 63),
(443, 63),
(444, 63),
(445, 63),
(446, 63),
(447, 63),
(448, 63),
(449, 63),
(450, 63),
(521, 63),
(522, 63),
(523, 63),
(524, 63),
(525, 63),
(526, 63),
(527, 63),
(528, 63),
(529, 63),
(530, 63),
(1, 64),
(2, 64),
(3, 64),
(4, 64),
(5, 64),
(6, 64),
(7, 64),
(8, 64),
(9, 64),
(10, 64),
(171, 64),
(172, 64),
(173, 64),
(174, 64),
(175, 64),
(176, 64),
(177, 64),
(178, 64),
(179, 64),
(180, 64),
(181, 64),
(182, 64),
(183, 64),
(184, 64),
(185, 64),
(186, 64),
(187, 64),
(188, 64),
(189, 64),
(190, 64),
(281, 64),
(282, 64),
(283, 64),
(284, 64),
(285, 64),
(286, 64),
(287, 64),
(288, 64),
(289, 64),
(290, 64),
(441, 64),
(442, 64),
(443, 64),
(444, 64),
(445, 64),
(446, 64),
(447, 64),
(448, 64),
(449, 64),
(450, 64),
(521, 64),
(522, 64),
(523, 64),
(524, 64),
(525, 64),
(526, 64),
(527, 64),
(528, 64),
(529, 64),
(530, 64),
(2, 65),
(3, 65),
(4, 65),
(5, 65),
(6, 65),
(7, 65),
(8, 65),
(9, 65),
(10, 65),
(171, 65),
(172, 65),
(173, 65),
(174, 65),
(175, 65),
(176, 65),
(177, 65),
(178, 65),
(179, 65),
(180, 65),
(181, 65),
(182, 65),
(183, 65),
(184, 65),
(185, 65),
(186, 65),
(187, 65),
(188, 65),
(189, 65),
(190, 65),
(281, 65),
(282, 65),
(283, 65),
(284, 65),
(285, 65),
(286, 65),
(287, 65),
(288, 65),
(289, 65),
(290, 65),
(441, 65),
(442, 65),
(443, 65),
(444, 65),
(445, 65),
(446, 65),
(447, 65),
(448, 65),
(449, 65),
(450, 65),
(521, 65),
(522, 65),
(523, 65),
(524, 65),
(525, 65),
(526, 65),
(527, 65),
(528, 65),
(529, 65),
(530, 65),
(1, 66),
(261, 66),
(262, 66),
(263, 66),
(264, 66),
(265, 66),
(266, 66),
(267, 66),
(268, 66),
(269, 66),
(270, 66),
(321, 66),
(322, 66),
(323, 66),
(324, 66),
(325, 66),
(326, 66),
(327, 66),
(328, 66),
(329, 66),
(330, 66),
(391, 66),
(392, 66),
(393, 66),
(394, 66),
(395, 66),
(396, 66),
(397, 66),
(398, 66),
(399, 66),
(400, 66),
(410, 66),
(411, 66),
(412, 66),
(413, 66),
(414, 66),
(415, 66),
(416, 66),
(417, 66),
(418, 66),
(419, 66),
(420, 66),
(441, 66),
(442, 66),
(443, 66),
(444, 66),
(445, 66),
(446, 66),
(447, 66),
(448, 66),
(449, 66),
(450, 66),
(565, 66),
(566, 66),
(567, 66),
(568, 66),
(569, 66),
(570, 66),
(571, 66),
(572, 66),
(573, 66),
(574, 66),
(575, 66),
(576, 66),
(577, 66),
(578, 66),
(579, 66),
(580, 66),
(591, 66),
(592, 66),
(593, 66),
(594, 66),
(595, 66),
(596, 66),
(597, 66),
(598, 66),
(599, 66),
(600, 66),
(764, 66),
(765, 66),
(766, 66),
(767, 66),
(768, 66),
(769, 66),
(261, 67),
(262, 67),
(263, 67),
(264, 67),
(265, 67),
(266, 67),
(267, 67),
(268, 67),
(269, 67),
(270, 67),
(391, 67),
(392, 67),
(393, 67),
(394, 67),
(395, 67),
(396, 67),
(397, 67),
(398, 67),
(399, 67),
(400, 67),
(410, 67),
(411, 67),
(412, 67),
(413, 67),
(414, 67),
(415, 67),
(416, 67),
(417, 67),
(418, 67),
(419, 67),
(420, 67),
(441, 67),
(442, 67),
(443, 67),
(444, 67),
(445, 67),
(446, 67),
(447, 67),
(448, 67),
(449, 67),
(450, 67),
(565, 67),
(566, 67),
(567, 67),
(568, 67),
(569, 67),
(570, 67),
(571, 67),
(572, 67),
(573, 67),
(574, 67),
(575, 67),
(576, 67),
(577, 67),
(578, 67),
(579, 67),
(580, 67),
(764, 67),
(765, 67),
(766, 67),
(767, 67),
(768, 67),
(769, 67),
(261, 68),
(262, 68),
(263, 68),
(264, 68),
(265, 68),
(266, 68),
(267, 68),
(268, 68),
(269, 68),
(270, 68),
(321, 68),
(322, 68),
(323, 68),
(324, 68),
(325, 68),
(326, 68),
(327, 68),
(328, 68),
(329, 68),
(330, 68),
(391, 68),
(392, 68),
(393, 68),
(394, 68),
(395, 68),
(396, 68),
(397, 68),
(398, 68),
(399, 68),
(400, 68),
(410, 68),
(411, 68),
(412, 68),
(413, 68),
(414, 68),
(415, 68),
(416, 68),
(417, 68),
(418, 68),
(419, 68),
(420, 68),
(441, 68),
(442, 68),
(443, 68),
(444, 68),
(445, 68),
(446, 68),
(447, 68),
(448, 68),
(449, 68),
(450, 68),
(565, 68),
(566, 68),
(567, 68),
(568, 68),
(569, 68),
(570, 68),
(571, 68),
(572, 68),
(573, 68),
(574, 68),
(575, 68),
(576, 68),
(577, 68),
(578, 68),
(579, 68),
(580, 68),
(591, 68),
(592, 68),
(593, 68),
(594, 68),
(595, 68),
(596, 68),
(597, 68),
(598, 68),
(599, 68),
(600, 68),
(764, 68),
(765, 68),
(766, 68),
(767, 68),
(768, 68),
(769, 68),
(261, 69),
(262, 69),
(263, 69),
(264, 69),
(265, 69),
(266, 69),
(267, 69),
(268, 69),
(269, 69),
(270, 69),
(391, 69),
(392, 69),
(393, 69),
(394, 69),
(395, 69),
(396, 69),
(397, 69),
(398, 69),
(399, 69),
(400, 69),
(410, 69),
(411, 69),
(412, 69),
(413, 69),
(414, 69),
(415, 69),
(416, 69),
(417, 69),
(418, 69),
(419, 69),
(420, 69),
(441, 69),
(442, 69),
(443, 69),
(444, 69),
(445, 69),
(446, 69),
(447, 69),
(448, 69),
(449, 69),
(450, 69),
(565, 69),
(566, 69),
(567, 69),
(568, 69),
(569, 69),
(570, 69),
(571, 69),
(572, 69),
(573, 69),
(574, 69),
(575, 69),
(576, 69),
(577, 69),
(578, 69),
(579, 69),
(580, 69),
(591, 69),
(592, 69),
(593, 69),
(594, 69),
(595, 69),
(596, 69),
(597, 69),
(598, 69),
(599, 69),
(600, 69),
(764, 69),
(765, 69),
(766, 69),
(767, 69),
(768, 69),
(769, 69),
(571, 70),
(572, 70),
(573, 70),
(574, 70),
(575, 70),
(576, 70),
(577, 70),
(578, 70),
(579, 70),
(580, 70),
(764, 70),
(765, 70),
(766, 70),
(767, 70),
(768, 70),
(769, 70),
(261, 71),
(262, 71),
(263, 71),
(264, 71),
(265, 71),
(266, 71),
(267, 71),
(268, 71),
(269, 71),
(270, 71),
(321, 71),
(322, 71),
(323, 71),
(324, 71),
(325, 71),
(326, 71),
(327, 71),
(328, 71),
(329, 71),
(330, 71),
(391, 71),
(392, 71),
(393, 71),
(394, 71),
(395, 71),
(396, 71),
(397, 71),
(398, 71),
(399, 71),
(400, 71),
(410, 71),
(411, 71),
(412, 71),
(413, 71),
(414, 71),
(415, 71),
(416, 71),
(417, 71),
(418, 71),
(419, 71),
(420, 71),
(441, 71),
(442, 71),
(443, 71),
(444, 71),
(445, 71),
(446, 71),
(447, 71),
(448, 71),
(449, 71),
(450, 71),
(565, 71),
(566, 71),
(567, 71),
(568, 71),
(569, 71),
(570, 71),
(571, 71),
(572, 71),
(573, 71),
(574, 71),
(575, 71),
(576, 71),
(577, 71),
(578, 71),
(579, 71),
(580, 71),
(591, 71),
(592, 71),
(593, 71),
(594, 71),
(595, 71),
(596, 71),
(597, 71),
(598, 71),
(599, 71),
(600, 71),
(764, 71),
(765, 71),
(766, 71),
(767, 71),
(768, 71),
(769, 71),
(261, 72),
(262, 72),
(263, 72),
(264, 72),
(265, 72),
(266, 72),
(267, 72),
(268, 72),
(269, 72),
(270, 72),
(764, 72),
(765, 72),
(766, 72),
(767, 72),
(768, 72),
(769, 72),
(301, 73),
(302, 73),
(303, 73),
(304, 73),
(305, 73),
(306, 73),
(307, 73),
(308, 73),
(309, 73),
(310, 73),
(401, 73),
(402, 73),
(403, 73),
(404, 73),
(405, 73),
(406, 73),
(407, 73),
(408, 73),
(409, 73),
(410, 73),
(501, 73),
(502, 73),
(503, 73),
(504, 73),
(505, 73),
(506, 73),
(507, 73),
(508, 73),
(509, 73),
(510, 73),
(705, 73),
(706, 73),
(707, 73),
(708, 73),
(709, 73),
(710, 73),
(711, 73),
(712, 73),
(713, 73),
(714, 73),
(715, 73),
(716, 73),
(717, 73),
(718, 73),
(719, 73),
(720, 73),
(721, 73),
(722, 73),
(723, 73),
(724, 73),
(725, 73),
(726, 73),
(727, 73),
(728, 73),
(729, 73),
(730, 73),
(731, 73),
(732, 73),
(733, 73),
(734, 73),
(301, 74),
(302, 74),
(303, 74),
(304, 74),
(305, 74),
(306, 74),
(307, 74),
(308, 74),
(309, 74),
(310, 74),
(401, 74),
(402, 74),
(403, 74),
(404, 74),
(405, 74),
(406, 74),
(407, 74),
(408, 74),
(409, 74),
(410, 74),
(501, 74),
(502, 74),
(503, 74),
(504, 74),
(505, 74),
(506, 74),
(507, 74),
(508, 74),
(509, 74),
(510, 74),
(705, 74),
(706, 74),
(707, 74),
(708, 74),
(709, 74),
(710, 74),
(711, 74),
(712, 74),
(713, 74),
(714, 74),
(715, 74),
(716, 74),
(717, 74),
(718, 74),
(719, 74),
(720, 74),
(721, 74),
(722, 74),
(723, 74),
(724, 74),
(725, 74),
(726, 74),
(727, 74),
(728, 74),
(729, 74),
(730, 74),
(731, 74),
(732, 74),
(733, 74),
(734, 74),
(101, 75),
(102, 75),
(103, 75),
(104, 75),
(105, 75),
(106, 75),
(107, 75),
(108, 75),
(109, 75),
(110, 75),
(116, 75),
(117, 75),
(118, 75),
(119, 75),
(120, 75),
(126, 75),
(127, 75),
(128, 75),
(129, 75),
(130, 75),
(201, 75),
(202, 75),
(203, 75),
(204, 75),
(205, 75),
(206, 75),
(207, 75),
(208, 75),
(209, 75),
(210, 75),
(301, 75),
(302, 75),
(303, 75),
(304, 75),
(305, 75),
(306, 75),
(307, 75),
(308, 75),
(309, 75),
(310, 75),
(401, 75),
(402, 75),
(403, 75),
(404, 75),
(405, 75),
(406, 75),
(407, 75),
(408, 75),
(409, 75),
(410, 75),
(451, 75),
(452, 75),
(453, 75),
(454, 75),
(455, 75),
(456, 75),
(457, 75),
(458, 75),
(459, 75),
(460, 75),
(501, 75),
(502, 75),
(503, 75),
(504, 75),
(505, 75),
(506, 75),
(507, 75),
(508, 75),
(509, 75),
(510, 75),
(101, 76),
(102, 76),
(103, 76),
(104, 76),
(105, 76),
(106, 76),
(107, 76),
(108, 76),
(109, 76),
(110, 76),
(116, 76),
(117, 76),
(118, 76),
(119, 76),
(120, 76),
(126, 76),
(127, 76),
(128, 76),
(129, 76),
(130, 76),
(201, 76),
(202, 76),
(203, 76),
(204, 76),
(205, 76),
(206, 76),
(207, 76),
(208, 76),
(209, 76),
(210, 76),
(301, 76),
(302, 76),
(303, 76),
(304, 76),
(305, 76),
(306, 76),
(307, 76),
(308, 76),
(309, 76),
(310, 76),
(401, 76),
(402, 76),
(403, 76),
(404, 76),
(405, 76),
(406, 76),
(407, 76),
(408, 76),
(409, 76),
(410, 76),
(451, 76),
(452, 76),
(453, 76),
(454, 76),
(455, 76),
(456, 76),
(457, 76),
(458, 76),
(459, 76),
(460, 76),
(501, 76),
(502, 76),
(503, 76),
(504, 76),
(505, 76),
(506, 76),
(507, 76),
(508, 76),
(509, 76),
(510, 76),
(101, 77),
(102, 77),
(103, 77),
(104, 77),
(105, 77),
(106, 77),
(107, 77),
(108, 77),
(109, 77),
(110, 77),
(116, 77),
(117, 77),
(118, 77),
(119, 77),
(120, 77),
(126, 77),
(127, 77),
(128, 77),
(129, 77),
(130, 77),
(201, 77),
(202, 77),
(203, 77),
(204, 77),
(205, 77),
(206, 77),
(207, 77),
(208, 77),
(209, 77),
(210, 77),
(301, 77),
(302, 77),
(303, 77),
(304, 77),
(305, 77),
(306, 77),
(307, 77),
(308, 77),
(309, 77),
(310, 77),
(401, 77),
(402, 77),
(403, 77),
(404, 77),
(405, 77),
(406, 77),
(407, 77),
(408, 77),
(409, 77),
(410, 77),
(451, 77),
(452, 77),
(453, 77),
(454, 77),
(455, 77),
(456, 77),
(457, 77),
(458, 77),
(459, 77),
(460, 77),
(501, 77),
(502, 77),
(503, 77),
(504, 77),
(505, 77),
(506, 77),
(507, 77),
(508, 77),
(509, 77),
(510, 77),
(41, 78),
(42, 78),
(43, 78),
(44, 78),
(45, 78),
(46, 78),
(47, 78),
(48, 78),
(49, 78),
(50, 78),
(81, 78),
(82, 78),
(83, 78),
(84, 78),
(85, 78),
(86, 78),
(87, 78),
(88, 78),
(89, 78),
(90, 78),
(111, 78),
(112, 78),
(113, 78),
(114, 78),
(115, 78),
(116, 78),
(117, 78),
(118, 78),
(119, 78),
(120, 78),
(121, 78),
(122, 78),
(123, 78),
(124, 78),
(125, 78),
(126, 78),
(127, 78),
(128, 78),
(129, 78),
(130, 78),
(1, 79),
(2, 79),
(3, 79),
(4, 79),
(5, 79),
(6, 79),
(7, 79),
(8, 79),
(9, 79),
(10, 79),
(81, 79),
(82, 79),
(83, 79),
(84, 79),
(85, 79),
(86, 79),
(87, 79),
(88, 79),
(89, 79),
(90, 79),
(111, 79),
(112, 79),
(113, 79),
(114, 79),
(115, 79),
(116, 79),
(117, 79),
(118, 79),
(119, 79),
(120, 79),
(121, 79),
(122, 79),
(123, 79),
(124, 79),
(125, 79),
(126, 79),
(127, 79),
(128, 79),
(129, 79),
(130, 79),
(161, 79),
(162, 79),
(163, 79),
(164, 79),
(165, 79),
(166, 79),
(167, 79),
(168, 79),
(169, 79),
(170, 79),
(171, 79),
(172, 79),
(173, 79),
(174, 79),
(175, 79),
(176, 79),
(177, 79),
(178, 79),
(179, 79),
(180, 79),
(191, 79),
(192, 79),
(193, 79),
(194, 79),
(195, 79),
(196, 79),
(197, 79),
(198, 79),
(199, 79),
(200, 79),
(281, 79),
(282, 79),
(283, 79),
(284, 79),
(285, 79),
(286, 79),
(287, 79),
(288, 79),
(289, 79),
(290, 79),
(291, 79),
(292, 79),
(293, 79),
(294, 79),
(295, 79),
(296, 79),
(297, 79),
(298, 79),
(299, 79),
(300, 79),
(371, 79),
(372, 79),
(373, 79),
(374, 79),
(375, 79),
(376, 79),
(377, 79),
(378, 79),
(379, 79),
(380, 79),
(391, 79),
(392, 79),
(393, 79),
(394, 79),
(395, 79),
(396, 79),
(397, 79),
(398, 79),
(399, 79),
(400, 79),
(491, 79),
(492, 79),
(493, 79),
(494, 79),
(495, 79),
(496, 79),
(497, 79),
(498, 79),
(499, 79),
(500, 79),
(1, 80),
(2, 80),
(3, 80),
(4, 80),
(5, 80),
(6, 80),
(7, 80),
(8, 80),
(9, 80),
(10, 80),
(81, 80),
(82, 80),
(83, 80),
(84, 80),
(85, 80),
(86, 80),
(87, 80),
(88, 80),
(89, 80),
(90, 80),
(111, 80),
(112, 80),
(113, 80),
(114, 80),
(115, 80),
(116, 80),
(117, 80),
(118, 80),
(119, 80),
(120, 80),
(121, 80),
(122, 80),
(123, 80),
(124, 80),
(125, 80),
(126, 80),
(127, 80),
(128, 80),
(129, 80),
(130, 80),
(171, 80),
(172, 80),
(173, 80),
(174, 80),
(175, 80),
(176, 80),
(177, 80),
(178, 80),
(179, 80),
(180, 80),
(191, 80),
(192, 80),
(193, 80),
(194, 80),
(195, 80),
(196, 80),
(197, 80),
(198, 80),
(199, 80),
(200, 80),
(281, 80),
(282, 80),
(283, 80),
(284, 80),
(285, 80),
(286, 80),
(287, 80),
(288, 80),
(289, 80),
(290, 80),
(291, 80),
(292, 80),
(293, 80),
(294, 80),
(295, 80),
(296, 80),
(297, 80),
(298, 80),
(299, 80),
(300, 80),
(371, 80),
(372, 80),
(373, 80),
(374, 80),
(375, 80),
(376, 80),
(377, 80),
(378, 80),
(379, 80),
(380, 80),
(391, 80),
(392, 80),
(393, 80),
(394, 80),
(395, 80),
(396, 80),
(397, 80),
(398, 80),
(399, 80),
(400, 80),
(491, 80),
(492, 80),
(493, 80),
(494, 80),
(495, 80),
(496, 80),
(497, 80),
(498, 80),
(499, 80),
(500, 80),
(1, 81),
(2, 81),
(3, 81),
(4, 81),
(5, 81),
(6, 81),
(7, 81),
(8, 81),
(9, 81),
(10, 81),
(81, 81),
(82, 81),
(83, 81),
(84, 81),
(85, 81),
(86, 81),
(87, 81),
(88, 81),
(89, 81),
(90, 81),
(111, 81),
(112, 81),
(113, 81),
(114, 81),
(115, 81),
(116, 81),
(117, 81),
(118, 81),
(119, 81),
(120, 81),
(121, 81),
(122, 81),
(123, 81),
(124, 81),
(125, 81),
(126, 81),
(127, 81),
(128, 81),
(129, 81),
(130, 81),
(161, 81),
(162, 81),
(163, 81),
(164, 81),
(165, 81),
(166, 81),
(167, 81),
(168, 81),
(169, 81),
(170, 81),
(171, 81),
(172, 81),
(173, 81),
(174, 81),
(175, 81),
(176, 81),
(177, 81),
(178, 81),
(179, 81),
(180, 81),
(191, 81),
(192, 81),
(193, 81),
(194, 81),
(195, 81),
(196, 81),
(197, 81),
(198, 81),
(199, 81),
(200, 81),
(281, 81),
(282, 81),
(283, 81),
(284, 81),
(285, 81),
(286, 81),
(287, 81),
(288, 81),
(289, 81),
(290, 81),
(291, 81),
(292, 81),
(293, 81),
(294, 81),
(295, 81),
(296, 81),
(297, 81),
(298, 81),
(299, 81),
(300, 81),
(371, 81),
(372, 81),
(373, 81),
(374, 81),
(375, 81),
(376, 81),
(377, 81),
(378, 81),
(379, 81),
(380, 81),
(391, 81),
(392, 81),
(393, 81),
(394, 81),
(395, 81),
(396, 81),
(397, 81),
(398, 81),
(399, 81),
(400, 81),
(491, 81),
(492, 81),
(493, 81),
(494, 81),
(495, 81),
(496, 81),
(497, 81),
(498, 81),
(499, 81),
(500, 81),
(51, 82),
(52, 82),
(53, 82),
(54, 82),
(55, 82),
(56, 82),
(57, 82),
(58, 82),
(59, 82),
(60, 82),
(71, 82),
(72, 82),
(73, 82),
(74, 82),
(75, 82),
(76, 82),
(77, 82),
(78, 82),
(79, 82),
(80, 82),
(161, 82),
(162, 82),
(163, 82),
(164, 82),
(165, 82),
(166, 82),
(167, 82),
(168, 82),
(169, 82),
(170, 82),
(725, 82),
(726, 82),
(727, 82),
(728, 82),
(729, 82),
(730, 82),
(731, 82),
(732, 82),
(733, 82),
(734, 82),
(745, 82),
(746, 82),
(747, 82),
(748, 82),
(749, 82),
(750, 82),
(751, 82),
(752, 82),
(753, 82),
(759, 82),
(760, 82),
(761, 82),
(762, 82),
(763, 82),
(51, 83),
(52, 83),
(53, 83),
(54, 83),
(55, 83),
(56, 83),
(57, 83),
(58, 83),
(59, 83),
(60, 83),
(71, 83),
(72, 83),
(73, 83),
(74, 83),
(75, 83),
(76, 83),
(77, 83),
(78, 83),
(79, 83),
(80, 83),
(341, 83),
(342, 83),
(343, 83),
(344, 83),
(345, 83),
(346, 83),
(347, 83),
(348, 83),
(349, 83),
(350, 83),
(351, 83),
(352, 83),
(353, 83),
(354, 83),
(355, 83),
(356, 83),
(357, 83),
(358, 83),
(359, 83),
(360, 83),
(725, 83),
(726, 83),
(727, 83),
(728, 83),
(729, 83),
(730, 83),
(731, 83),
(732, 83),
(733, 83),
(734, 83),
(745, 83),
(746, 83),
(747, 83),
(748, 83),
(749, 83),
(750, 83),
(751, 83),
(752, 83),
(753, 83),
(759, 83),
(760, 83),
(761, 83),
(762, 83),
(763, 83),
(15, 84),
(16, 84),
(17, 84),
(18, 84),
(19, 84),
(20, 84),
(51, 84),
(52, 84),
(53, 84),
(54, 84),
(55, 84),
(56, 84),
(57, 84),
(58, 84),
(59, 84),
(60, 84),
(71, 84),
(72, 84),
(73, 84),
(74, 84),
(75, 84),
(76, 84),
(77, 84),
(78, 84),
(79, 84),
(80, 84),
(161, 84),
(162, 84),
(163, 84),
(164, 84),
(165, 84),
(166, 84),
(167, 84),
(168, 84),
(169, 84),
(170, 84),
(725, 84),
(726, 84),
(727, 84),
(728, 84),
(729, 84),
(730, 84),
(731, 84),
(732, 84),
(733, 84),
(734, 84),
(745, 84),
(746, 84),
(747, 84),
(748, 84),
(749, 84),
(750, 84),
(751, 84),
(752, 84),
(753, 84),
(759, 84),
(760, 84),
(761, 84),
(762, 84),
(763, 84),
(51, 85),
(52, 85),
(53, 85),
(54, 85),
(55, 85),
(56, 85),
(57, 85),
(58, 85),
(59, 85),
(60, 85),
(71, 85),
(72, 85),
(73, 85),
(74, 85),
(75, 85),
(76, 85),
(77, 85),
(78, 85),
(79, 85),
(80, 85),
(351, 85),
(352, 85),
(353, 85),
(354, 85),
(355, 85),
(356, 85),
(357, 85),
(358, 85),
(359, 85),
(360, 85),
(725, 85),
(726, 85),
(727, 85),
(728, 85),
(729, 85),
(730, 85),
(731, 85),
(732, 85),
(733, 85),
(734, 85),
(745, 85),
(746, 85),
(747, 85),
(748, 85),
(749, 85),
(750, 85),
(751, 85),
(752, 85),
(753, 85),
(759, 85),
(760, 85),
(761, 85),
(762, 85),
(763, 85),
(15, 86),
(16, 86),
(17, 86),
(18, 86),
(19, 86),
(20, 86),
(51, 86),
(52, 86),
(53, 86),
(54, 86),
(55, 86),
(56, 86),
(57, 86),
(58, 86),
(59, 86),
(60, 86),
(71, 86),
(72, 86),
(73, 86),
(74, 86),
(75, 86),
(76, 86),
(77, 86),
(78, 86),
(79, 86),
(80, 86),
(161, 86),
(162, 86),
(163, 86),
(164, 86),
(165, 86),
(166, 86),
(167, 86),
(168, 86),
(169, 86),
(170, 86),
(725, 86),
(726, 86),
(727, 86),
(728, 86),
(729, 86),
(730, 86),
(731, 86),
(732, 86),
(733, 86),
(734, 86),
(745, 86),
(746, 86),
(747, 86),
(748, 86),
(749, 86),
(750, 86),
(751, 86),
(752, 86),
(753, 86),
(759, 86),
(760, 86),
(761, 86),
(762, 86),
(763, 86),
(754, 87),
(755, 87),
(756, 87),
(757, 87),
(758, 87),
(759, 87),
(760, 87),
(761, 87),
(762, 87),
(763, 87);

--
-- Índices para tablas volcadas
--

--
-- Indices de la tabla `ataques`
--
ALTER TABLE `ataques`
 ADD PRIMARY KEY (`clave`);

--
-- Indices de la tabla `pokedex`
--
ALTER TABLE `pokedex`
 ADD PRIMARY KEY (`clave`);

--
-- Indices de la tabla `pokemonataques`
--
ALTER TABLE `pokemonataques`
 ADD PRIMARY KEY (`clavePoke`,`claveAtaq`), ADD KEY `claveAtaq` (`claveAtaq`);

--
-- Restricciones para tablas volcadas
--

--
-- Filtros para la tabla `pokemonataques`
--
ALTER TABLE `pokemonataques`
ADD CONSTRAINT `pokemonataques_ibfk_1` FOREIGN KEY (`clavePoke`) REFERENCES `pokedex` (`clave`),
ADD CONSTRAINT `pokemonataques_ibfk_2` FOREIGN KEY (`claveAtaq`) REFERENCES `ataques` (`clave`);

/*!40101 SET CHARACTER_SET_CLIENT=@OLD_CHARACTER_SET_CLIENT */;
/*!40101 SET CHARACTER_SET_RESULTS=@OLD_CHARACTER_SET_RESULTS */;
/*!40101 SET COLLATION_CONNECTION=@OLD_COLLATION_CONNECTION */;
