-- phpMyAdmin SQL Dump
-- version 4.2.11
-- http://www.phpmyadmin.net
--
-- Servidor: 127.0.0.1
-- Tiempo de generación: 18-04-2019 a las 16:23:30
-- Versión del servidor: 5.6.21
-- Versión de PHP: 5.6.3

SET SQL_MODE = "NO_AUTO_VALUE_ON_ZERO";
SET time_zone = "+00:00";


/*!40101 SET @OLD_CHARACTER_SET_CLIENT=@@CHARACTER_SET_CLIENT */;
/*!40101 SET @OLD_CHARACTER_SET_RESULTS=@@CHARACTER_SET_RESULTS */;
/*!40101 SET @OLD_COLLATION_CONNECTION=@@COLLATION_CONNECTION */;
/*!40101 SET NAMES utf8 */;

--
-- Base de datos: `america`
--

-- --------------------------------------------------------

--
-- Estructura de tabla para la tabla `pais`
--

CREATE TABLE IF NOT EXISTS `pais` (
  `Id` tinyint(4) NOT NULL,
  `Nombre` varchar(15) DEFAULT NULL,
  `Tamaño` varchar(15) DEFAULT NULL
) ENGINE=InnoDB DEFAULT CHARSET=latin1;

--
-- Volcado de datos para la tabla `pais`
--

INSERT INTO `pais` (`Id`, `Nombre`, `Tamaño`) VALUES
(1, 'Chile', 'Grande'),
(2, 'Costa Rica', 'Pequeño'),
(3, 'Mexico', 'Mediano'),
(4, 'Venezuela', 'Mediano');

-- --------------------------------------------------------

--
-- Estructura de tabla para la tabla `persona`
--

CREATE TABLE IF NOT EXISTS `persona` (
  `Id` int(11) NOT NULL,
  `Nombre` varchar(15) DEFAULT NULL,
  `Apellido` varchar(15) DEFAULT NULL,
  `Edad` tinyint(4) DEFAULT NULL,
  `Pais` tinyint(4) DEFAULT NULL
) ENGINE=InnoDB DEFAULT CHARSET=latin1;

--
-- Volcado de datos para la tabla `persona`
--

INSERT INTO `persona` (`Id`, `Nombre`, `Apellido`, `Edad`, `Pais`) VALUES
(1, 'Frank', 'Malfoy', 16, 1),
(2, 'Alis', 'Rodriguez', 30, 2),
(3, 'Karen', 'Juarez', 22, 1),
(4, 'Andrea', 'Fernandez', 21, 3),
(5, 'Alesa', 'Benede', 13, 4),
(6, 'Henry', 'Gonzalez', 21, 2),
(7, 'Daniel', 'Hidalgo', 16, 1),
(8, 'Roy', 'Castro', 20, 4),
(9, 'Sabrina', 'de la Torre', 18, 2);

-- --------------------------------------------------------

--
-- Estructura de tabla para la tabla `personaspaises`
--

CREATE TABLE IF NOT EXISTS `personaspaises` (
  `id` int(11) NOT NULL DEFAULT '0',
  `nombre` varchar(15) DEFAULT NULL,
  `apellido` varchar(15) DEFAULT NULL,
  `edad` tinyint(4) DEFAULT NULL,
  `nomPais` varchar(15) DEFAULT NULL,
  `tamaño` varchar(15) DEFAULT NULL
) ENGINE=InnoDB DEFAULT CHARSET=latin1;

--
-- Volcado de datos para la tabla `personaspaises`
--

INSERT INTO `personaspaises` (`id`, `nombre`, `apellido`, `edad`, `nomPais`, `tamaño`) VALUES
(1, 'Frank', 'Malfoy', 16, 'Chile', 'Grande'),
(2, 'Alis', 'Rodriguez', 30, 'Costa Rica', 'Pequeño'),
(3, 'Karen', 'Juarez', 22, 'Chile', 'Grande'),
(4, 'Andrea', 'Fernandez', 21, 'Mexico', 'Mediano'),
(5, 'Alesa', 'Benede', 13, 'Venezuela', 'Mediano'),
(6, 'Henry', 'Gonzalez', 21, 'Costa Rica', 'Pequeño'),
(7, 'Daniel', 'Hidalgo', 16, 'Chile', 'Grande'),
(8, 'Roy', 'Castro', 20, 'Venezuela', 'Mediano'),
(9, 'Sabrina', 'de la Torre', 18, 'Costa Rica', 'Pequeño');

--
-- Índices para tablas volcadas
--

--
-- Indices de la tabla `pais`
--
ALTER TABLE `pais`
 ADD PRIMARY KEY (`Id`);

--
-- Indices de la tabla `persona`
--
ALTER TABLE `persona`
 ADD PRIMARY KEY (`Id`), ADD KEY `Pais` (`Pais`);

--
-- Indices de la tabla `personaspaises`
--
ALTER TABLE `personaspaises`
 ADD PRIMARY KEY (`id`);

--
-- Restricciones para tablas volcadas
--

--
-- Filtros para la tabla `persona`
--
ALTER TABLE `persona`
ADD CONSTRAINT `persona_ibfk_1` FOREIGN KEY (`Pais`) REFERENCES `pais` (`Id`);

--
-- Filtros para la tabla `personaspaises`
--
ALTER TABLE `personaspaises`
ADD CONSTRAINT `personaspaises_ibfk_1` FOREIGN KEY (`id`) REFERENCES `persona` (`Id`);
--
-- Base de datos: `biblioteca`
--

-- --------------------------------------------------------

--
-- Estructura de tabla para la tabla `autores`
--

CREATE TABLE IF NOT EXISTS `autores` (
  `idAutor` int(8) NOT NULL DEFAULT '0',
  `nomAutor` varchar(50) DEFAULT NULL
) ENGINE=InnoDB DEFAULT CHARSET=latin1;

--
-- Volcado de datos para la tabla `autores`
--

INSERT INTO `autores` (`idAutor`, `nomAutor`) VALUES
(1, 'Daniel'),
(2, 'David');

-- --------------------------------------------------------

--
-- Estructura de tabla para la tabla `libros`
--

CREATE TABLE IF NOT EXISTS `libros` (
  `ISBN` varchar(50) NOT NULL DEFAULT '',
  `titulo` varchar(50) DEFAULT NULL,
  `idAutor` int(8) DEFAULT NULL
) ENGINE=InnoDB DEFAULT CHARSET=latin1;

--
-- Volcado de datos para la tabla `libros`
--

INSERT INTO `libros` (`ISBN`, `titulo`, `idAutor`) VALUES
('x5223', 'Guia de juego Kerbal Space Program', 1),
('x5224', 'Montaditos un tratado sencillo', 2);

--
-- Índices para tablas volcadas
--

--
-- Indices de la tabla `autores`
--
ALTER TABLE `autores`
 ADD PRIMARY KEY (`idAutor`);

--
-- Indices de la tabla `libros`
--
ALTER TABLE `libros`
 ADD PRIMARY KEY (`ISBN`), ADD KEY `idAutor` (`idAutor`);

--
-- Restricciones para tablas volcadas
--

--
-- Filtros para la tabla `libros`
--
ALTER TABLE `libros`
ADD CONSTRAINT `libros_ibfk_1` FOREIGN KEY (`idAutor`) REFERENCES `autores` (`idAutor`);
--
-- Base de datos: `cdcol`
--

-- --------------------------------------------------------

--
-- Estructura de tabla para la tabla `cds`
--

CREATE TABLE IF NOT EXISTS `cds` (
  `titel` varchar(200) COLLATE latin1_general_ci DEFAULT NULL,
  `interpret` varchar(200) COLLATE latin1_general_ci DEFAULT NULL,
  `jahr` int(11) DEFAULT NULL,
`id` bigint(20) unsigned NOT NULL
) ENGINE=MyISAM AUTO_INCREMENT=7 DEFAULT CHARSET=latin1 COLLATE=latin1_general_ci;

--
-- Volcado de datos para la tabla `cds`
--

INSERT INTO `cds` (`titel`, `interpret`, `jahr`, `id`) VALUES
('Beauty', 'Ryuichi Sakamoto', 1990, 1),
('Goodbye Country (Hello Nightclub)', 'Groove Armada', 2001, 4),
('Glee', 'Bran Van 3000', 1997, 5);

--
-- Índices para tablas volcadas
--

--
-- Indices de la tabla `cds`
--
ALTER TABLE `cds`
 ADD PRIMARY KEY (`id`);

--
-- AUTO_INCREMENT de las tablas volcadas
--

--
-- AUTO_INCREMENT de la tabla `cds`
--
ALTER TABLE `cds`
MODIFY `id` bigint(20) unsigned NOT NULL AUTO_INCREMENT,AUTO_INCREMENT=7;--
-- Base de datos: `empresa`
--

-- --------------------------------------------------------

--
-- Estructura de tabla para la tabla `departamentos`
--

CREATE TABLE IF NOT EXISTS `departamentos` (
  `dept_no` decimal(2,0) NOT NULL,
  `dnombre` varchar(15) DEFAULT NULL,
  `loc` varchar(15) DEFAULT NULL
) ENGINE=InnoDB DEFAULT CHARSET=latin1;

--
-- Volcado de datos para la tabla `departamentos`
--

INSERT INTO `departamentos` (`dept_no`, `dnombre`, `loc`) VALUES
('10', 'CONTABILIDAD', 'SEVILLA'),
('20', 'c', 's'),
('30', 'VENTAS', 'BARCELONA'),
('40', 'PRODUCCION', 'BILBAO');

-- --------------------------------------------------------

--
-- Estructura de tabla para la tabla `empleados`
--

CREATE TABLE IF NOT EXISTS `empleados` (
  `emp_no` decimal(4,0) NOT NULL,
  `apellido` varchar(10) DEFAULT NULL,
  `oficio` varchar(10) DEFAULT NULL,
  `dir` decimal(10,0) DEFAULT NULL,
  `fecha_alt` date DEFAULT NULL,
  `salario` float(6,2) DEFAULT NULL,
  `comision` float(6,2) DEFAULT NULL,
  `dept_no` decimal(2,0) DEFAULT NULL
) ENGINE=InnoDB DEFAULT CHARSET=latin1;

--
-- Volcado de datos para la tabla `empleados`
--

INSERT INTO `empleados` (`emp_no`, `apellido`, `oficio`, `dir`, `fecha_alt`, `salario`, `comision`, `dept_no`) VALUES
('7369', 'SANCHEZ', 'EMPLEADO', '7902', '1990-12-17', 1240.00, NULL, '20'),
('7499', 'ARROYO', 'VENDEDOR', '7698', '1990-02-20', 1500.00, 390.00, '30'),
('7521', 'SALA', 'VENDEDOR', '7698', '1991-02-22', 1625.00, 650.00, '30'),
('7566', 'JIMENEZ', 'DIRECTOR', '7839', '1991-04-02', 3100.00, NULL, '20'),
('7654', 'MARTIN', 'VENDEDOR', '7698', '1991-09-29', 1600.00, 1020.00, '30'),
('7698', 'NEGRO', 'DIRECTOR', '7839', '1991-05-01', 3005.00, NULL, '30'),
('7782', 'CEREZO', 'DIRECTOR', '7839', '1991-06-09', 2885.00, NULL, '10'),
('7788', 'GIL', 'ANALISTA', '7566', '1991-11-09', 3200.00, NULL, '20'),
('7839', 'REY', 'PRESIDENTE', NULL, '1991-11-17', 4100.00, NULL, '10'),
('7844', 'TOVAR', 'VENDEDOR', '7698', '1991-09-08', 1350.00, 0.00, '30'),
('7876', 'ALONSO', 'EMPLEADO', '7788', '1991-09-23', 1630.00, NULL, '20'),
('7900', 'JIMENO', 'EMPLEADO', '7698', '1991-12-03', 1335.00, NULL, '30'),
('7901', 'LOPEZ', 'ANALISTA', '7782', '1993-02-23', 1000.00, 1000.00, '10'),
('7902', 'FERNANDEZ', 'ANALISTA', '7566', '1991-12-03', 3200.00, NULL, '20'),
('7934', 'MUNOZ', 'EMPLEADO', '7782', '1992-01-23', 1690.00, NULL, '10');

--
-- Índices para tablas volcadas
--

--
-- Indices de la tabla `departamentos`
--
ALTER TABLE `departamentos`
 ADD PRIMARY KEY (`dept_no`);

--
-- Indices de la tabla `empleados`
--
ALTER TABLE `empleados`
 ADD PRIMARY KEY (`emp_no`), ADD KEY `FK_EMPLEADOS_DEPARTAMENTOS` (`dept_no`);

--
-- Restricciones para tablas volcadas
--

--
-- Filtros para la tabla `empleados`
--
ALTER TABLE `empleados`
ADD CONSTRAINT `FK_EMPLEADOS_DEPARTAMENTOS` FOREIGN KEY (`dept_no`) REFERENCES `departamentos` (`dept_no`);
--
-- Base de datos: `instituto`
--

-- --------------------------------------------------------

--
-- Estructura de tabla para la tabla `alumnos`
--

CREATE TABLE IF NOT EXISTS `alumnos` (
  `MAT` varchar(10) NOT NULL,
  `APEL_NOM` varchar(30) DEFAULT NULL,
  `POBLACION` varchar(15) DEFAULT NULL,
  `TELEFONO` varchar(10) DEFAULT NULL
) ENGINE=InnoDB DEFAULT CHARSET=latin1;

--
-- Volcado de datos para la tabla `alumnos`
--

INSERT INTO `alumnos` (`MAT`, `APEL_NOM`, `POBLACION`, `TELEFONO`) VALUES
('25889878C', 'Martinez  Lopez , Manuel', 'SEVILLA', '987755465'),
('45665448K', 'Jimenez Choren, Mª Isabel', 'CORUÑA', '686987785'),
('45665884R', 'Ortiz Sanchez, Mª Jose', 'VIGO', '623154687'),
('45687998X', 'Gutierrez Gomez, Elias', 'SANTIAGO', '614658779'),
('53259877Q', 'Diaz Fernandez, Pablo', 'MADRID', '684455664'),
('67897546S', 'Rodriguez Alonso, Juan', 'BARCELONA', '651154465'),
('68798545B', 'Fernandez Maria, Justo', 'MADRID', '987756654');

-- --------------------------------------------------------

--
-- Estructura de tabla para la tabla `asignaturas`
--

CREATE TABLE IF NOT EXISTS `asignaturas` (
  `COD` tinyint(2) NOT NULL,
  `NOMBRE` varchar(25) DEFAULT NULL
) ENGINE=InnoDB DEFAULT CHARSET=latin1;

--
-- Volcado de datos para la tabla `asignaturas`
--

INSERT INTO `asignaturas` (`COD`, `NOMBRE`) VALUES
(1, 'FOL'),
(2, 'Sistemas Operativos'),
(3, 'Lenguaje de Marcas'),
(4, 'Programacion'),
(5, 'Entornos de Desarrollo'),
(6, 'Bases de datos');

-- --------------------------------------------------------

--
-- Estructura de tabla para la tabla `notas`
--

CREATE TABLE IF NOT EXISTS `notas` (
  `MAT` varchar(10) NOT NULL,
  `COD` tinyint(2) NOT NULL DEFAULT '0',
  `NOTA1` int(2) DEFAULT NULL,
  `NOTA2` int(2) DEFAULT NULL,
  `NOTA3` int(2) DEFAULT NULL
) ENGINE=InnoDB DEFAULT CHARSET=latin1;

--
-- Volcado de datos para la tabla `notas`
--

INSERT INTO `notas` (`MAT`, `COD`, `NOTA1`, `NOTA2`, `NOTA3`) VALUES
('25889878C', 2, 6, 4, 7),
('25889878C', 5, 5, 9, 3),
('45665884R', 1, 8, 8, 7),
('45665884R', 2, 8, 6, 6),
('45665884R', 3, 3, 4, 2),
('45687998X', 1, 6, 9, 6),
('45687998X', 6, 4, 5, 3),
('53259877Q', 4, 6, 6, 6),
('53259877Q', 5, 5, 7, 6);

-- --------------------------------------------------------

--
-- Estructura de tabla para la tabla `notasfinales`
--

CREATE TABLE IF NOT EXISTS `notasfinales` (
  `mat` varchar(10) NOT NULL DEFAULT '',
  `cod` tinyint(2) NOT NULL DEFAULT '0',
  `notaMedia` float DEFAULT NULL
) ENGINE=InnoDB DEFAULT CHARSET=latin1;

--
-- Volcado de datos para la tabla `notasfinales`
--

INSERT INTO `notasfinales` (`mat`, `cod`, `notaMedia`) VALUES
('25889878C', 2, 5),
('25889878C', 5, 5),
('45665884R', 1, 7),
('45665884R', 2, 6),
('45665884R', 3, 3),
('45687998X', 1, 7),
('45687998X', 6, 4),
('53259877Q', 4, 6),
('53259877Q', 5, 6);

--
-- Índices para tablas volcadas
--

--
-- Indices de la tabla `alumnos`
--
ALTER TABLE `alumnos`
 ADD PRIMARY KEY (`MAT`);

--
-- Indices de la tabla `asignaturas`
--
ALTER TABLE `asignaturas`
 ADD PRIMARY KEY (`COD`);

--
-- Indices de la tabla `notas`
--
ALTER TABLE `notas`
 ADD PRIMARY KEY (`MAT`,`COD`), ADD KEY `COD` (`COD`);

--
-- Indices de la tabla `notasfinales`
--
ALTER TABLE `notasfinales`
 ADD PRIMARY KEY (`mat`,`cod`), ADD KEY `cod` (`cod`);

--
-- Restricciones para tablas volcadas
--

--
-- Filtros para la tabla `notas`
--
ALTER TABLE `notas`
ADD CONSTRAINT `notas_ibfk_1` FOREIGN KEY (`MAT`) REFERENCES `alumnos` (`MAT`),
ADD CONSTRAINT `notas_ibfk_2` FOREIGN KEY (`COD`) REFERENCES `asignaturas` (`COD`);

--
-- Filtros para la tabla `notasfinales`
--
ALTER TABLE `notasfinales`
ADD CONSTRAINT `notasfinales_ibfk_1` FOREIGN KEY (`mat`) REFERENCES `alumnos` (`MAT`),
ADD CONSTRAINT `notasfinales_ibfk_2` FOREIGN KEY (`cod`) REFERENCES `asignaturas` (`COD`);
--
-- Base de datos: `miprueba`
--

-- --------------------------------------------------------

--
-- Estructura de tabla para la tabla `datos`
--

CREATE TABLE IF NOT EXISTS `datos` (
  `descripcion` varchar(100) NOT NULL DEFAULT ''
) ENGINE=InnoDB DEFAULT CHARSET=latin1;

--
-- Volcado de datos para la tabla `datos`
--

INSERT INTO `datos` (`descripcion`) VALUES
('Esto es la segunda prueba'),
('Esto es una prueba');

--
-- Índices para tablas volcadas
--

--
-- Indices de la tabla `datos`
--
ALTER TABLE `datos`
 ADD PRIMARY KEY (`descripcion`);
--
-- Base de datos: `phpmyadmin`
--

-- --------------------------------------------------------

--
-- Estructura de tabla para la tabla `pma_bookmark`
--

CREATE TABLE IF NOT EXISTS `pma_bookmark` (
`id` int(11) NOT NULL,
  `dbase` varchar(255) COLLATE utf8_bin NOT NULL DEFAULT '',
  `user` varchar(255) COLLATE utf8_bin NOT NULL DEFAULT '',
  `label` varchar(255) CHARACTER SET utf8 NOT NULL DEFAULT '',
  `query` text COLLATE utf8_bin NOT NULL
) ENGINE=MyISAM DEFAULT CHARSET=utf8 COLLATE=utf8_bin COMMENT='Bookmarks';

-- --------------------------------------------------------

--
-- Estructura de tabla para la tabla `pma_column_info`
--

CREATE TABLE IF NOT EXISTS `pma_column_info` (
`id` int(5) unsigned NOT NULL,
  `db_name` varchar(64) COLLATE utf8_bin NOT NULL DEFAULT '',
  `table_name` varchar(64) COLLATE utf8_bin NOT NULL DEFAULT '',
  `column_name` varchar(64) COLLATE utf8_bin NOT NULL DEFAULT '',
  `comment` varchar(255) CHARACTER SET utf8 NOT NULL DEFAULT '',
  `mimetype` varchar(255) CHARACTER SET utf8 NOT NULL DEFAULT '',
  `transformation` varchar(255) COLLATE utf8_bin NOT NULL DEFAULT '',
  `transformation_options` varchar(255) COLLATE utf8_bin NOT NULL DEFAULT ''
) ENGINE=MyISAM AUTO_INCREMENT=7 DEFAULT CHARSET=utf8 COLLATE=utf8_bin COMMENT='Column information for phpMyAdmin';

--
-- Volcado de datos para la tabla `pma_column_info`
--

INSERT INTO `pma_column_info` (`id`, `db_name`, `table_name`, `column_name`, `comment`, `mimetype`, `transformation`, `transformation_options`) VALUES
(1, 'tienda', 'Articulos', 'ClArt', '', '', '_', ''),
(2, 'tienda', 'Articulos', 'Nombre', '', '', '_', ''),
(3, 'tienda', 'Articulos', 'Precio', '', '', '_', ''),
(4, 'tienda', 'Articulos', 'ClFab', '', '', '_', ''),
(5, 'tienda', 'Fabricantes', 'ClFab', '', '', '_', ''),
(6, 'tienda', 'Fabricantes', 'Nombre', '', '', '_', '');

-- --------------------------------------------------------

--
-- Estructura de tabla para la tabla `pma_designer_coords`
--

CREATE TABLE IF NOT EXISTS `pma_designer_coords` (
  `db_name` varchar(64) COLLATE utf8_bin NOT NULL DEFAULT '',
  `table_name` varchar(64) COLLATE utf8_bin NOT NULL DEFAULT '',
  `x` int(11) DEFAULT NULL,
  `y` int(11) DEFAULT NULL,
  `v` tinyint(4) DEFAULT NULL,
  `h` tinyint(4) DEFAULT NULL
) ENGINE=MyISAM DEFAULT CHARSET=utf8 COLLATE=utf8_bin COMMENT='Table coordinates for Designer';

-- --------------------------------------------------------

--
-- Estructura de tabla para la tabla `pma_history`
--

CREATE TABLE IF NOT EXISTS `pma_history` (
`id` bigint(20) unsigned NOT NULL,
  `username` varchar(64) COLLATE utf8_bin NOT NULL DEFAULT '',
  `db` varchar(64) COLLATE utf8_bin NOT NULL DEFAULT '',
  `table` varchar(64) COLLATE utf8_bin NOT NULL DEFAULT '',
  `timevalue` timestamp NOT NULL DEFAULT CURRENT_TIMESTAMP ON UPDATE CURRENT_TIMESTAMP,
  `sqlquery` text COLLATE utf8_bin NOT NULL
) ENGINE=MyISAM DEFAULT CHARSET=utf8 COLLATE=utf8_bin COMMENT='SQL history for phpMyAdmin';

-- --------------------------------------------------------

--
-- Estructura de tabla para la tabla `pma_navigationhiding`
--

CREATE TABLE IF NOT EXISTS `pma_navigationhiding` (
  `username` varchar(64) COLLATE utf8_bin NOT NULL,
  `item_name` varchar(64) COLLATE utf8_bin NOT NULL,
  `item_type` varchar(64) COLLATE utf8_bin NOT NULL,
  `db_name` varchar(64) COLLATE utf8_bin NOT NULL,
  `table_name` varchar(64) COLLATE utf8_bin NOT NULL
) ENGINE=InnoDB DEFAULT CHARSET=utf8 COLLATE=utf8_bin COMMENT='Hidden items of navigation tree';

-- --------------------------------------------------------

--
-- Estructura de tabla para la tabla `pma_pdf_pages`
--

CREATE TABLE IF NOT EXISTS `pma_pdf_pages` (
  `db_name` varchar(64) COLLATE utf8_bin NOT NULL DEFAULT '',
`page_nr` int(10) unsigned NOT NULL,
  `page_descr` varchar(50) CHARACTER SET utf8 NOT NULL DEFAULT ''
) ENGINE=MyISAM DEFAULT CHARSET=utf8 COLLATE=utf8_bin COMMENT='PDF relation pages for phpMyAdmin';

-- --------------------------------------------------------

--
-- Estructura de tabla para la tabla `pma_recent`
--

CREATE TABLE IF NOT EXISTS `pma_recent` (
  `username` varchar(64) COLLATE utf8_bin NOT NULL,
  `tables` text COLLATE utf8_bin NOT NULL
) ENGINE=MyISAM DEFAULT CHARSET=utf8 COLLATE=utf8_bin COMMENT='Recently accessed tables';

--
-- Volcado de datos para la tabla `pma_recent`
--

INSERT INTO `pma_recent` (`username`, `tables`) VALUES
('root', '[{"db":"pokemon","table":"pokemonataques"},{"db":"pokemon","table":"ataques"},{"db":"tienda","table":"fabricantes"},{"db":"tienda","table":"articulos"},{"db":"tienda","table":"Fabricantes"},{"db":"tienda","table":"Articulos"},{"db":"instituto","table":"alumnos"},{"db":"phpmyadmin","table":"pma_column_info"},{"db":"phpmyadmin","table":"pma_designer_coords"},{"db":"phpmyadmin","table":"pma_history"}]');

-- --------------------------------------------------------

--
-- Estructura de tabla para la tabla `pma_relation`
--

CREATE TABLE IF NOT EXISTS `pma_relation` (
  `master_db` varchar(64) COLLATE utf8_bin NOT NULL DEFAULT '',
  `master_table` varchar(64) COLLATE utf8_bin NOT NULL DEFAULT '',
  `master_field` varchar(64) COLLATE utf8_bin NOT NULL DEFAULT '',
  `foreign_db` varchar(64) COLLATE utf8_bin NOT NULL DEFAULT '',
  `foreign_table` varchar(64) COLLATE utf8_bin NOT NULL DEFAULT '',
  `foreign_field` varchar(64) COLLATE utf8_bin NOT NULL DEFAULT ''
) ENGINE=MyISAM DEFAULT CHARSET=utf8 COLLATE=utf8_bin COMMENT='Relation table';

--
-- Volcado de datos para la tabla `pma_relation`
--

INSERT INTO `pma_relation` (`master_db`, `master_table`, `master_field`, `foreign_db`, `foreign_table`, `foreign_field`) VALUES
('tienda', 'articulos', 'ClFab', 'tienda', 'fabricantes', 'ClFab');

-- --------------------------------------------------------

--
-- Estructura de tabla para la tabla `pma_savedsearches`
--

CREATE TABLE IF NOT EXISTS `pma_savedsearches` (
`id` int(5) unsigned NOT NULL,
  `username` varchar(64) COLLATE utf8_bin NOT NULL DEFAULT '',
  `db_name` varchar(64) COLLATE utf8_bin NOT NULL DEFAULT '',
  `search_name` varchar(64) COLLATE utf8_bin NOT NULL DEFAULT '',
  `search_data` text COLLATE utf8_bin NOT NULL
) ENGINE=InnoDB DEFAULT CHARSET=utf8 COLLATE=utf8_bin COMMENT='Saved searches';

-- --------------------------------------------------------

--
-- Estructura de tabla para la tabla `pma_table_coords`
--

CREATE TABLE IF NOT EXISTS `pma_table_coords` (
  `db_name` varchar(64) COLLATE utf8_bin NOT NULL DEFAULT '',
  `table_name` varchar(64) COLLATE utf8_bin NOT NULL DEFAULT '',
  `pdf_page_number` int(11) NOT NULL DEFAULT '0',
  `x` float unsigned NOT NULL DEFAULT '0',
  `y` float unsigned NOT NULL DEFAULT '0'
) ENGINE=MyISAM DEFAULT CHARSET=utf8 COLLATE=utf8_bin COMMENT='Table coordinates for phpMyAdmin PDF output';

-- --------------------------------------------------------

--
-- Estructura de tabla para la tabla `pma_table_info`
--

CREATE TABLE IF NOT EXISTS `pma_table_info` (
  `db_name` varchar(64) COLLATE utf8_bin NOT NULL DEFAULT '',
  `table_name` varchar(64) COLLATE utf8_bin NOT NULL DEFAULT '',
  `display_field` varchar(64) COLLATE utf8_bin NOT NULL DEFAULT ''
) ENGINE=MyISAM DEFAULT CHARSET=utf8 COLLATE=utf8_bin COMMENT='Table information for phpMyAdmin';

-- --------------------------------------------------------

--
-- Estructura de tabla para la tabla `pma_table_uiprefs`
--

CREATE TABLE IF NOT EXISTS `pma_table_uiprefs` (
  `username` varchar(64) COLLATE utf8_bin NOT NULL,
  `db_name` varchar(64) COLLATE utf8_bin NOT NULL,
  `table_name` varchar(64) COLLATE utf8_bin NOT NULL,
  `prefs` text COLLATE utf8_bin NOT NULL,
  `last_update` timestamp NOT NULL DEFAULT CURRENT_TIMESTAMP ON UPDATE CURRENT_TIMESTAMP
) ENGINE=MyISAM DEFAULT CHARSET=utf8 COLLATE=utf8_bin COMMENT='Tables'' UI preferences';

-- --------------------------------------------------------

--
-- Estructura de tabla para la tabla `pma_tracking`
--

CREATE TABLE IF NOT EXISTS `pma_tracking` (
  `db_name` varchar(64) COLLATE utf8_bin NOT NULL,
  `table_name` varchar(64) COLLATE utf8_bin NOT NULL,
  `version` int(10) unsigned NOT NULL,
  `date_created` datetime NOT NULL,
  `date_updated` datetime NOT NULL,
  `schema_snapshot` text COLLATE utf8_bin NOT NULL,
  `schema_sql` text COLLATE utf8_bin,
  `data_sql` longtext COLLATE utf8_bin,
  `tracking` set('UPDATE','REPLACE','INSERT','DELETE','TRUNCATE','CREATE DATABASE','ALTER DATABASE','DROP DATABASE','CREATE TABLE','ALTER TABLE','RENAME TABLE','DROP TABLE','CREATE INDEX','DROP INDEX','CREATE VIEW','ALTER VIEW','DROP VIEW') COLLATE utf8_bin DEFAULT NULL,
  `tracking_active` int(1) unsigned NOT NULL DEFAULT '1'
) ENGINE=MyISAM DEFAULT CHARSET=utf8 COLLATE=utf8_bin ROW_FORMAT=COMPACT COMMENT='Database changes tracking for phpMyAdmin';

-- --------------------------------------------------------

--
-- Estructura de tabla para la tabla `pma_userconfig`
--

CREATE TABLE IF NOT EXISTS `pma_userconfig` (
  `username` varchar(64) COLLATE utf8_bin NOT NULL,
  `timevalue` timestamp NOT NULL DEFAULT CURRENT_TIMESTAMP ON UPDATE CURRENT_TIMESTAMP,
  `config_data` text COLLATE utf8_bin NOT NULL
) ENGINE=MyISAM DEFAULT CHARSET=utf8 COLLATE=utf8_bin COMMENT='User preferences storage for phpMyAdmin';

--
-- Volcado de datos para la tabla `pma_userconfig`
--

INSERT INTO `pma_userconfig` (`username`, `timevalue`, `config_data`) VALUES
('root', '2019-03-25 14:38:42', '{"lang":"es","collation_connection":"utf8mb4_general_ci"}');

-- --------------------------------------------------------

--
-- Estructura de tabla para la tabla `pma_usergroups`
--

CREATE TABLE IF NOT EXISTS `pma_usergroups` (
  `usergroup` varchar(64) COLLATE utf8_bin NOT NULL,
  `tab` varchar(64) COLLATE utf8_bin NOT NULL,
  `allowed` enum('Y','N') COLLATE utf8_bin NOT NULL DEFAULT 'N'
) ENGINE=InnoDB DEFAULT CHARSET=utf8 COLLATE=utf8_bin COMMENT='User groups with configured menu items';

-- --------------------------------------------------------

--
-- Estructura de tabla para la tabla `pma_users`
--

CREATE TABLE IF NOT EXISTS `pma_users` (
  `username` varchar(64) COLLATE utf8_bin NOT NULL,
  `usergroup` varchar(64) COLLATE utf8_bin NOT NULL
) ENGINE=InnoDB DEFAULT CHARSET=utf8 COLLATE=utf8_bin COMMENT='Users and their assignments to user groups';

--
-- Índices para tablas volcadas
--

--
-- Indices de la tabla `pma_bookmark`
--
ALTER TABLE `pma_bookmark`
 ADD PRIMARY KEY (`id`);

--
-- Indices de la tabla `pma_column_info`
--
ALTER TABLE `pma_column_info`
 ADD PRIMARY KEY (`id`), ADD UNIQUE KEY `db_name` (`db_name`,`table_name`,`column_name`);

--
-- Indices de la tabla `pma_designer_coords`
--
ALTER TABLE `pma_designer_coords`
 ADD PRIMARY KEY (`db_name`,`table_name`);

--
-- Indices de la tabla `pma_history`
--
ALTER TABLE `pma_history`
 ADD PRIMARY KEY (`id`), ADD KEY `username` (`username`,`db`,`table`,`timevalue`);

--
-- Indices de la tabla `pma_navigationhiding`
--
ALTER TABLE `pma_navigationhiding`
 ADD PRIMARY KEY (`username`,`item_name`,`item_type`,`db_name`,`table_name`);

--
-- Indices de la tabla `pma_pdf_pages`
--
ALTER TABLE `pma_pdf_pages`
 ADD PRIMARY KEY (`page_nr`), ADD KEY `db_name` (`db_name`);

--
-- Indices de la tabla `pma_recent`
--
ALTER TABLE `pma_recent`
 ADD PRIMARY KEY (`username`);

--
-- Indices de la tabla `pma_relation`
--
ALTER TABLE `pma_relation`
 ADD PRIMARY KEY (`master_db`,`master_table`,`master_field`), ADD KEY `foreign_field` (`foreign_db`,`foreign_table`);

--
-- Indices de la tabla `pma_savedsearches`
--
ALTER TABLE `pma_savedsearches`
 ADD PRIMARY KEY (`id`), ADD UNIQUE KEY `u_savedsearches_username_dbname` (`username`,`db_name`,`search_name`);

--
-- Indices de la tabla `pma_table_coords`
--
ALTER TABLE `pma_table_coords`
 ADD PRIMARY KEY (`db_name`,`table_name`,`pdf_page_number`);

--
-- Indices de la tabla `pma_table_info`
--
ALTER TABLE `pma_table_info`
 ADD PRIMARY KEY (`db_name`,`table_name`);

--
-- Indices de la tabla `pma_table_uiprefs`
--
ALTER TABLE `pma_table_uiprefs`
 ADD PRIMARY KEY (`username`,`db_name`,`table_name`);

--
-- Indices de la tabla `pma_tracking`
--
ALTER TABLE `pma_tracking`
 ADD PRIMARY KEY (`db_name`,`table_name`,`version`);

--
-- Indices de la tabla `pma_userconfig`
--
ALTER TABLE `pma_userconfig`
 ADD PRIMARY KEY (`username`);

--
-- Indices de la tabla `pma_usergroups`
--
ALTER TABLE `pma_usergroups`
 ADD PRIMARY KEY (`usergroup`,`tab`,`allowed`);

--
-- Indices de la tabla `pma_users`
--
ALTER TABLE `pma_users`
 ADD PRIMARY KEY (`username`,`usergroup`);

--
-- AUTO_INCREMENT de las tablas volcadas
--

--
-- AUTO_INCREMENT de la tabla `pma_bookmark`
--
ALTER TABLE `pma_bookmark`
MODIFY `id` int(11) NOT NULL AUTO_INCREMENT;
--
-- AUTO_INCREMENT de la tabla `pma_column_info`
--
ALTER TABLE `pma_column_info`
MODIFY `id` int(5) unsigned NOT NULL AUTO_INCREMENT,AUTO_INCREMENT=7;
--
-- AUTO_INCREMENT de la tabla `pma_history`
--
ALTER TABLE `pma_history`
MODIFY `id` bigint(20) unsigned NOT NULL AUTO_INCREMENT;
--
-- AUTO_INCREMENT de la tabla `pma_pdf_pages`
--
ALTER TABLE `pma_pdf_pages`
MODIFY `page_nr` int(10) unsigned NOT NULL AUTO_INCREMENT;
--
-- AUTO_INCREMENT de la tabla `pma_savedsearches`
--
ALTER TABLE `pma_savedsearches`
MODIFY `id` int(5) unsigned NOT NULL AUTO_INCREMENT;--
-- Base de datos: `pokemon`
--

-- --------------------------------------------------------

--
-- Estructura de tabla para la tabla `ataques`
--

CREATE TABLE IF NOT EXISTS `ataques` (
  `clave` int(4) NOT NULL DEFAULT '0',
  `tipo` varchar(30) DEFAULT NULL,
  `nombre` varchar(30) DEFAULT NULL,
  `impactar` int(2) DEFAULT NULL,
  `daño` int(2) DEFAULT NULL,
  `requisitos` int(2) DEFAULT NULL,
  `notas` varchar(100) DEFAULT NULL
) ENGINE=InnoDB DEFAULT CHARSET=latin1;

--
-- Volcado de datos para la tabla `ataques`
--

INSERT INTO `ataques` (`clave`, `tipo`, `nombre`, `impactar`, `daño`, `requisitos`, `notas`) VALUES
(1, 'agua', 'Burbuja', 2, 2, 2, ''),
(2, 'agua', 'Hidrobomba', 5, 8, 7, ''),
(3, 'agua', 'Pistola agua', 3, 3, 3, ''),
(4, 'agua', 'Rayo burbuja', 3, 4, 5, ''),
(5, 'agua', 'Refugio', 0, 0, 2, '+1 a la defensa.'),
(6, 'bicho', 'Chupavidas', 4, 4, 5, 'Recupera la mitad del daño.'),
(7, 'bicho', 'Disparo demora', 3, 0, 2, '-1 velocidad del rival.'),
(8, 'bicho', 'Doble ataque', 3, 2, 3, 'Puede impactar 2 veces por turno. Si sale un 6 al impactar envenena.'),
(9, 'bicho', 'Pin Misil', 2, 2, 2, ''),
(10, 'eléctrico', 'Impactrueno', 2, 2, 2, 'Si sale un 6 al impactar paraliza.'),
(11, 'eléctrico', 'Onda trueno', 3, 0, 3, 'paraliza al rival.'),
(12, 'eléctrico', 'Pueño trueno', 3, 4, 5, 'Si sale un 6 al impactar paraliza.'),
(13, 'eléctrico', 'Rayo', 4, 5, 6, 'Si sale un 6 al impactar paraliza.'),
(14, 'eléctrico', 'Trueno', 5, 8, 7, 'Si sale un 6 al impactar paraliza.'),
(15, 'fantasma', 'Lengüetazo', 3, 2, 2, 'Si sale un 5 o + al impactar paraliza.'),
(16, 'fantasma', 'Rayo Confuso', 3, 0, 3, 'Confunde al rival.'),
(17, 'fantasma', 'Tinieblas', 1, 0, 3, 'Daño = a nivel. Afecta a normal y psíquico.'),
(18, 'fuego', 'Ascuas', 2, 2, 2, 'Si sale un 6 al impactar quema.'),
(19, 'fuego', 'Giro fuego', 3, 3, 3, 'Si sale un 6 al impactar quema.'),
(20, 'fuego', 'Lanzallamas', 3, 4, 5, 'Si sale un 6 al impactar quema.'),
(21, 'fuego', 'Llamarada', 5, 8, 7, 'Si sale un 6 al impactar quema.'),
(22, 'fuego', 'Puño fuego', 3, 4, 5, 'Si sale un 6 al impactar quema.'),
(23, 'hielo', 'Niebla', 0, 0, 2, 'Niebla restaura todos los cambios pos y neg en las stats de pokemon en combate.'),
(24, 'hielo', 'Puño hielo', 3, 4, 5, ''),
(25, 'hielo', 'Rayo aurora', 3, 3, 3, ''),
(26, 'hielo', 'Rayo hielo', 3, 4, 5, 'Si sale un 6 al impactar y se hace crítico, congela.'),
(27, 'hielo', 'Ventisca', 5, 8, 7, 'Si sale un 6 al impactar y se hace crítico, congela.'),
(28, 'lucha', 'Doble patada', 3, 2, 2, 'Puede impactar 2 veces.'),
(29, 'lucha', 'Movimiento sísmico', 1, 0, 2, 'Daño = a nivel, afecta a fantasma'),
(30, 'lucha', 'Patada baja', 4, 3, 3, 'Si ataca primero y sale un 6 al impactar, el rival retrocede.'),
(31, 'lucha', 'Patada salto alta', 5, 8, 7, ''),
(32, 'lucha', 'Sumisión', 4, 4, 5, 'Si ataca primero y sale un 6 al impactar, el rival retrocede.'),
(33, 'normal', 'Arañazo', 2, 2, 0, ''),
(34, 'normal', 'Ataque arena', 3, 0, 0, '+1 a la dificultad del rival para impactar.'),
(35, 'normal', 'Ataque rápido', 2, 2, 2, 'Si se decide utilizar este ataque se ataca primero.'),
(36, 'normal', 'Autodestrucción', 1, 15, 3, 'Atacante debilitado tras su uso,solo para: voltorb + ev, geodude + ev, koffing +ev.'),
(37, 'normal', 'Cabezazo', 4, 9, 6, 'Ataque de 2 turnos, el primero se prepara el segundo ataca.'),
(38, 'normal', 'Canto', 4, 0, 3, 'Duerme al rival, solo para: clefairy + ev, Jigglypuff + ev, Chansey y Lapras.'),
(39, 'normal', 'Cornada', 3, 4, 5, ''),
(40, 'normal', 'Corte', 3, 3, 3, ''),
(41, 'normal', 'Cuchillada', 3, 4, 5, '+1 al ataque solo durante este ataque, no se acumula.'),
(42, 'normal', 'Danza espada', 0, 0, 2, '+2 al daño acumulable.'),
(43, 'normal', 'Derribo', 4, 7, 5, 'El atacante recibe su nivel en daño al hacer el ataque.'),
(44, 'normal', 'Doble filo', 3, 8, 7, 'El atacante recibe su nivel en daño al hacer el ataque.'),
(45, 'normal', 'Foco Energia', 0, 0, 3, '+1 al ataque acumulable.'),
(46, 'normal', 'Golpe cuerpo', 3, 4, 6, 'Si sale un 6, paraliza.'),
(47, 'normal', 'Hipercolmillo', 4, 4, 5, 'Si ataca primero y en impactar sale un 6, el rival retrocede.'),
(48, 'normal', 'Hiperrayo', 4, 10, 7, 'Ataque de 2 turnos, el primero realiza el ataque y al segundo se recupera.'),
(49, 'normal', 'Chirrido', 4, 0, 3, '-1 defensa al rival.'),
(50, 'normal', 'Mordisco', 3, 3, 3, 'Si ataca primero y en impactar sale un 6, el rival retrocede'),
(51, 'normal', 'Perforador', 6, 99, 6, 'No afecta a pokemon con velocidad superior al atacante'),
(52, 'normal', 'Placaje', 2, 2, 0, ''),
(53, 'normal', 'Rapidez', 0, 3, 3, 'Afecta a Excavar y a Vuelo'),
(54, 'normal', 'Recuperación', 0, 0, 5, ' Recupera la mitad de sus ps redondeando hacia arriba'),
(55, 'normal', 'Rizo defensa', 0, 0, 3, '+1 a la defensa'),
(56, 'normal', 'Salpicadura', 0, 0, 0, 'No ocurre nada'),
(57, 'normal', 'Supersónico', 4, 0, 3, 'Confunde al rival'),
(58, 'normal', 'Tornado', 2, 2, 0, ''),
(59, 'normal', 'Transformación', 0, 0, 0, ' El pokémon pasa a ser una copia del enemigo.'),
(60, 'planta', 'Látigo cepa', 2, 2, 2, ''),
(61, 'planta', 'Hoja afilada', 3, 3, 3, ''),
(62, 'planta', 'Rayo solar', 3, 8, 7, ' Ataque de 2 turnos, el primero se prepara y al segundo se realiza el ataque.'),
(63, 'planta', 'Megaagotar', 3, 3, 5, ' Recupera la mitad del daño realizado.'),
(64, 'planta', 'Somnífero', 4, 0, 3, 'Duerme al rival'),
(65, 'planta', 'Paralizador', 3, 0, 3, 'Paraliza al rival'),
(66, 'psíquico', 'Psicorrayo', 3, 4, 5, 'Si sale un 6, confunde al rival.'),
(67, 'psíquico', 'Come sueños', 3, 8, 6, ' Solo se puede realizar el ataque si el rival está dormido. Recupera la mitad del daño causado.'),
(68, 'psíquico', 'Confusión', 3, 3, 3, 'Si sale un 6, confunde al rival.'),
(69, 'psíquico', 'Hipnosis', 4, 0, 3, 'Duerme al al rival.'),
(70, 'psíquico', 'Descanso', 0, 0, 4, 'Recuperas toda la vida, pero duermes durante 2 turnos.'),
(71, 'psíquico', 'Psíquico', 3, 6, 7, 'Si sale 6 en impacto y se realiza ataque crítico, baja en 1 la defensa del rival.'),
(72, 'psíquico', 'Teletransporte', 0, 0, 2, 'Huyes del combate apareciendo en la última ciudad visitada'),
(73, 'roca', 'Avalancha', 3, 3, 3, ''),
(74, 'roca', 'Lanzarrocas', 3, 4, 5, ''),
(75, 'tierra', 'Excavar', 3, 5, 5, '2 turnos, el primero excava, es invulnerable menos por terremoto (doble de daño) y el segundo ataca.'),
(76, 'tierra', 'Fisura', 6, 99, 6, ' Golpe fulminante, pero no afecta a Pokémon cuya velocidad sea superior a la del usuario.'),
(77, 'tierra', 'Terremoto', 3, 8, 8, ''),
(78, 'veneno', 'Picotazo venenoso', 2, 1, 2, 'Con 5 o + en el impacto, envenena al rival'),
(79, 'veneno', 'Tóxico', 4, 0, 3, 'Envenena al rival'),
(80, 'veneno', 'Polución', 3, 2, 3, 'Con 5 o + en el impacto, envenena al rival'),
(81, 'veneno', 'Ácido', 3, 3, 4, 'Si sale 6 en impacto y se realiza ataque crítico, baja en 1 la defensa del rival.'),
(82, 'volador', 'Ataque ala', 3, 3, 3, ''),
(83, 'volador', 'Picotazo', 2, 2, 2, ''),
(84, 'volador', 'Vuelo', 3, 4, 5, 'En 2 turnos, el 1º vuela, se vuelve invulnerable menos por transformación y rapidez y el 2º ataca.'),
(85, 'volador', 'Pico taladro', 3, 4, 5, ''),
(86, 'volador', 'Ataque aéreo', 4, 10, 7, 'Ataque de 2 turnos, el primero lo prepara y al segundo realiza el ataque.'),
(87, 'dragón', 'Furia dragón', 3, 7, 3, 'Siempre quita 7 independientemente de modificadores.');

-- --------------------------------------------------------

--
-- Estructura de tabla para la tabla `pokedex`
--

CREATE TABLE IF NOT EXISTS `pokedex` (
  `clave` int(4) NOT NULL DEFAULT '0',
  `numero` int(3) DEFAULT NULL,
  `nombre` varchar(30) DEFAULT NULL,
  `nivel` int(2) DEFAULT NULL,
  `ps` int(2) DEFAULT NULL,
  `ataque` int(2) DEFAULT NULL,
  `defensa` int(2) DEFAULT NULL,
  `velocidad` int(2) DEFAULT NULL,
  `tipo1` varchar(30) DEFAULT NULL,
  `tipo2` varchar(30) DEFAULT NULL,
  `notas` varchar(100) DEFAULT NULL
) ENGINE=InnoDB DEFAULT CHARSET=latin1;

--
-- Volcado de datos para la tabla `pokedex`
--

INSERT INTO `pokedex` (`clave`, `numero`, `nombre`, `nivel`, `ps`, `ataque`, `defensa`, `velocidad`, `tipo1`, `tipo2`, `notas`) VALUES
(1, 1, 'Bulbasaur', 1, 10, 3, 4, 1, 'planta', 'veneno', ''),
(2, 1, 'Bulbasaur', 2, 12, 3, 4, 1, 'planta', 'veneno', ''),
(3, 2, 'Ivysaur', 3, 15, 4, 5, 2, 'planta', 'veneno', ''),
(4, 2, 'Ivysaur', 4, 17, 4, 5, 3, 'planta', 'veneno', ''),
(5, 3, 'Venusaur', 5, 20, 5, 5, 4, 'planta', 'veneno', ''),
(6, 3, 'Venusaur', 6, 23, 5, 6, 4, 'planta', 'veneno', ''),
(7, 3, 'Venusaur', 7, 26, 6, 6, 4, 'planta', 'veneno', ''),
(8, 3, 'Venusaur', 8, 30, 6, 6, 5, 'planta', 'veneno', ''),
(9, 3, 'Venusaur', 9, 34, 6, 7, 5, 'planta', 'veneno', ''),
(10, 3, 'Venusaur', 10, 35, 6, 8, 5, 'planta', 'veneno', ''),
(11, 4, 'Charmander', 1, 9, 4, 3, 2, 'fuego', '', ''),
(12, 4, 'Charmander', 2, 12, 4, 3, 3, 'fuego', '', ''),
(13, 5, 'Charmeleon', 3, 15, 4, 3, 3, 'fuego', '', ''),
(14, 5, 'Charmeleon', 4, 18, 5, 4, 3, 'fuego', '', ''),
(15, 6, 'Charizard', 5, 21, 5, 5, 3, 'fuego', 'volador', ''),
(16, 6, 'Charizard', 6, 24, 6, 5, 3, 'fuego', 'volador', ''),
(17, 6, 'Charizard', 7, 28, 6, 5, 4, 'fuego', 'volador', ''),
(18, 6, 'Charizard', 8, 30, 7, 6, 5, 'fuego', 'volador', ''),
(19, 6, 'Charizard', 9, 33, 7, 6, 6, 'fuego', 'volador', ''),
(20, 6, 'Charizard', 10, 36, 8, 6, 7, 'fuego', 'volador', ''),
(21, 7, 'Squirtle', 1, 10, 3, 4, 2, 'agua', '', ''),
(22, 7, 'Squirtle', 2, 12, 4, 4, 2, 'agua', '', ''),
(23, 8, 'Wartortle', 3, 15, 4, 5, 3, 'agua', '', ''),
(24, 8, 'Wartortle', 4, 18, 4, 5, 4, 'agua', '', ''),
(25, 9, 'Blastoise', 5, 21, 4, 5, 5, 'agua', '', ''),
(26, 9, 'Blastoise', 6, 24, 5, 5, 5, 'agua', '', ''),
(27, 9, 'Blastoise', 7, 27, 5, 6, 5, 'agua', '', ''),
(28, 9, 'Blastoise', 8, 30, 6, 6, 5, 'agua', '', ''),
(29, 9, 'Blastoise', 9, 33, 6, 7, 5, 'agua', '', ''),
(30, 9, 'Blastoise', 10, 36, 7, 8, 5, 'agua', '', ''),
(31, 10, 'Caterpie', 1, 7, 2, 2, 2, 'bicho', '', ''),
(32, 11, 'Metapod', 2, 10, 2, 3, 3, 'bicho', '', ''),
(33, 12, 'Butterfree', 3, 13, 3, 3, 4, 'bicho', 'volador', ''),
(34, 12, 'Butterfree', 4, 15, 4, 3, 4, 'bicho', 'volador', ''),
(35, 12, 'Butterfree', 5, 17, 4, 3, 5, 'bicho', 'volador', ''),
(36, 12, 'Butterfree', 6, 19, 5, 3, 5, 'bicho', 'volador', ''),
(37, 12, 'Butterfree', 7, 21, 5, 4, 5, 'bicho', 'volador', ''),
(38, 12, 'Butterfree', 8, 23, 6, 4, 5, 'bicho', 'volador', ''),
(39, 12, 'Butterfree', 9, 25, 6, 4, 6, 'bicho', 'volador', ''),
(40, 12, 'Butterfree', 10, 27, 6, 5, 7, 'bicho', 'volador', ''),
(41, 13, 'Weedle', 1, 7, 2, 2, 2, 'bicho', 'veneno', ''),
(42, 14, 'Kakuna', 2, 10, 2, 3, 3, 'bicho', 'veneno', ''),
(43, 15, 'Beedrill', 3, 13, 3, 3, 3, 'bicho', 'veneno', ''),
(44, 15, 'Beedrill', 4, 15, 4, 3, 3, 'bicho', 'veneno', ''),
(45, 15, 'Beedrill', 5, 17, 4, 3, 4, 'bicho', 'veneno', ''),
(46, 15, 'Beedrill', 6, 19, 5, 3, 4, 'bicho', 'veneno', ''),
(47, 15, 'Beedrill', 7, 21, 5, 3, 5, 'bicho', 'veneno', ''),
(48, 15, 'Beedrill', 8, 23, 6, 3, 6, 'bicho', 'veneno', ''),
(49, 15, 'Beedrill', 9, 25, 6, 4, 6, 'bicho', 'veneno', ''),
(50, 15, 'Beedrill', 10, 27, 6, 4, 7, 'bicho', 'veneno', ''),
(51, 16, 'Pidgey', 1, 8, 3, 2, 2, 'normal', 'volador', ''),
(52, 16, 'Pidgey', 2, 10, 3, 2, 3, 'normal', 'volador', ''),
(53, 17, 'Pidgeotto', 3, 13, 3, 3, 4, 'normal', 'volador', ''),
(54, 17, 'Pidgeotto', 4, 15, 4, 3, 4, 'normal', 'volador', ''),
(55, 18, 'Pidgeot', 5, 17, 4, 3, 4, 'normal', 'volador', ''),
(56, 18, 'Pidgeot', 6, 19, 4, 4, 4, 'normal', 'volador', ''),
(57, 18, 'Pidgeot', 7, 21, 5, 4, 4, 'normal', 'volador', ''),
(58, 18, 'Pidgeot', 8, 22, 5, 4, 5, 'normal', 'volador', ''),
(59, 18, 'Pidgeot', 9, 24, 6, 4, 6, 'normal', 'volador', ''),
(60, 18, 'Pidgeot', 10, 26, 7, 4, 7, 'normal', 'volador', ''),
(61, 19, 'Rattata', 1, 6, 2, 2, 3, 'normal', '', ''),
(62, 19, 'Rattata', 2, 8, 3, 2, 3, 'normal', '', ''),
(63, 20, 'Raticate', 3, 11, 4, 2, 3, 'normal', '', ''),
(64, 20, 'Raticate', 4, 13, 4, 3, 3, 'normal', '', ''),
(65, 20, 'Raticate', 5, 14, 4, 4, 3, 'normal', '', ''),
(66, 20, 'Raticate', 6, 16, 4, 4, 4, 'normal', '', ''),
(67, 20, 'Raticate', 7, 18, 5, 4, 4, 'normal', '', ''),
(68, 20, 'Raticate', 8, 19, 5, 4, 5, 'normal', '', ''),
(69, 20, 'Raticate', 9, 21, 6, 4, 5, 'normal', '', ''),
(70, 20, 'Raticate', 10, 23, 6, 4, 6, 'normal', '', ''),
(71, 21, 'Spearow', 1, 8, 3, 2, 2, 'normal', 'volador', ''),
(72, 21, 'Spearow', 2, 10, 3, 2, 3, 'normal', 'volador', ''),
(73, 22, 'Fearow', 3, 13, 4, 2, 4, 'normal', 'volador', ''),
(74, 22, 'Fearow', 3, 15, 5, 3, 4, 'normal', 'volador', ''),
(75, 22, 'Fearow', 3, 17, 5, 4, 4, 'normal', 'volador', ''),
(76, 22, 'Fearow', 3, 19, 6, 4, 4, 'normal', 'volador', ''),
(77, 22, 'Fearow', 7, 21, 6, 4, 5, 'normal', 'volador', ''),
(78, 22, 'Fearow', 8, 23, 6, 5, 6, 'normal', 'volador', ''),
(79, 22, 'Fearow', 9, 25, 7, 5, 6, 'normal', 'volador', ''),
(80, 22, 'Fearow', 10, 27, 7, 5, 7, 'normal', 'volador', ''),
(81, 23, 'Ekans', 1, 9, 3, 2, 2, 'veneno', '', ''),
(82, 23, 'Ekans', 2, 11, 3, 2, 3, 'veneno', '', ''),
(83, 24, 'Arbok', 3, 14, 4, 2, 3, 'veneno', '', ''),
(84, 24, 'Arbok', 4, 16, 4, 2, 4, 'veneno', '', ''),
(85, 24, 'Arbok', 5, 18, 4, 3, 4, 'veneno', '', ''),
(86, 24, 'Arbok', 6, 20, 5, 3, 4, 'veneno', '', ''),
(87, 24, 'Arbok', 7, 23, 5, 3, 5, 'veneno', '', ''),
(88, 24, 'Arbok', 8, 25, 5, 4, 5, 'veneno', '', ''),
(89, 24, 'Arbok', 9, 26, 6, 4, 5, 'veneno', '', ''),
(90, 24, 'Arbok', 10, 28, 6, 4, 6, 'veneno', '', ''),
(91, 25, 'Pickachu', 1, 8, 2, 1, 4, 'eléctrico', '', ''),
(92, 25, 'Pickachu', 2, 10, 3, 1, 4, 'eléctrico', '', ''),
(93, 25, 'Pickachu', 3, 12, 3, 2, 4, 'eléctrico', '', 'Necesita piedra trueno para pasar de nivel y evolucionar'),
(94, 26, 'Raichu', 4, 14, 4, 2, 4, 'eléctrico', '', ''),
(95, 26, 'Raichu', 5, 16, 4, 2, 5, 'eléctrico', '', ''),
(96, 26, 'Raichu', 6, 17, 4, 3, 5, 'eléctrico', '', ''),
(97, 26, 'Raichu', 7, 19, 4, 3, 6, 'eléctrico', '', ''),
(98, 26, 'Raichu', 8, 21, 5, 3, 6, 'eléctrico', '', ''),
(99, 26, 'Raichu', 9, 23, 5, 3, 7, 'eléctrico', '', ''),
(100, 26, 'Raichu', 10, 25, 6, 3, 7, 'eléctrico', '', ''),
(101, 27, 'Sandshrew', 1, 10, 3, 2, 1, 'tierra', '', ''),
(102, 27, 'Sandshrew', 2, 11, 3, 3, 1, 'tierra', '', ''),
(103, 28, 'Sandslash', 3, 14, 3, 3, 1, 'tierra', '', ''),
(104, 28, 'Sandslash', 4, 16, 4, 3, 2, 'tierra', '', ''),
(105, 28, 'Sandslash', 5, 18, 4, 3, 3, 'tierra', '', ''),
(106, 28, 'Sandslash', 6, 20, 4, 4, 3, 'tierra', '', ''),
(107, 28, 'Sandslash', 7, 22, 5, 4, 3, 'tierra', '', ''),
(108, 28, 'Sandslash', 8, 24, 5, 5, 3, 'tierra', '', ''),
(109, 28, 'Sandslash', 9, 26, 6, 6, 4, 'tierra', '', ''),
(110, 28, 'Sandslash', 10, 28, 7, 7, 4, 'tierra', '', ''),
(111, 29, 'Nidoran F', 1, 10, 3, 3, 1, 'veneno', '', ''),
(112, 29, 'Nidoran F', 2, 12, 3, 4, 2, 'veneno', '', ''),
(113, 30, 'Nidorina', 3, 15, 3, 4, 3, 'veneno', '', ''),
(114, 30, 'Nidorina', 4, 17, 4, 4, 3, 'veneno', '', ''),
(115, 30, 'Nidorina', 5, 19, 5, 4, 3, 'veneno', '', 'Necesita piedra lunar para pasar de nivel y evolucionar.'),
(116, 31, 'Nidoqueen', 6, 22, 6, 5, 4, 'veneno', 'tierra', ''),
(117, 31, 'Nidoqueen', 7, 25, 6, 6, 4, 'veneno', 'tierra', ''),
(118, 31, 'Nidoqueen', 8, 28, 6, 7, 4, 'veneno', 'tierra', ''),
(119, 31, 'Nidoqueen', 9, 30, 6, 7, 5, 'veneno', 'tierra', ''),
(120, 31, 'Nidoqueen', 10, 33, 6, 7, 6, 'veneno', 'tierra', ''),
(121, 32, 'NidoranM', 1, 10, 3, 3, 2, 'veneno', '', ''),
(122, 32, 'NidoranM', 2, 12, 4, 3, 2, 'veneno', '', ''),
(123, 33, 'Nidorino', 3, 14, 5, 3, 2, 'veneno', '', ''),
(124, 33, 'Nidorino', 4, 16, 5, 4, 2, 'veneno', '', ''),
(125, 33, 'Nidorino', 5, 18, 5, 4, 3, 'veneno', '', 'Necesita piedra lunar para pasar de nivel y evolucionar.'),
(126, 34, 'Nidoking', 6, 20, 6, 4, 4, 'veneno', 'tierra', ''),
(127, 34, 'Nidoking', 7, 22, 7, 4, 4, 'veneno', 'tierra', ''),
(128, 34, 'Nidoking', 8, 24, 7, 4, 5, 'veneno', 'tierra', ''),
(129, 34, 'Nidoking', 9, 26, 8, 4, 6, 'veneno', 'tierra', ''),
(130, 34, 'Nidoking', 10, 28, 8, 5, 6, 'veneno', 'tierra', ''),
(131, 35, 'Clefairy', 1, 10, 2, 3, 2, 'hada', '', ''),
(132, 35, 'Clefairy', 2, 13, 2, 4, 2, 'hada', '', ''),
(133, 35, 'Clefairy', 3, 16, 2, 4, 3, 'hada', '', 'Necesita piedra lunar para pasar de nivel y evolucionar.'),
(134, 36, 'Clefable', 4, 19, 3, 5, 4, 'hada', '', ''),
(135, 36, 'Clefable', 5, 23, 3, 6, 4, 'hada', '', ''),
(136, 36, 'Clefable', 6, 26, 4, 6, 4, 'hada', '', ''),
(137, 36, 'Clefable', 7, 29, 5, 6, 4, 'hada', '', ''),
(138, 36, 'Clefable', 8, 32, 5, 6, 5, 'hada', '', ''),
(139, 36, 'Clefable', 9, 35, 5, 7, 5, 'hada', '', ''),
(140, 36, 'Clefable', 10, 39, 5, 7, 6, 'hada', '', ''),
(141, 37, 'Vulpix', 1, 10, 2, 3, 3, 'fuego', '', ''),
(142, 37, 'Vulpix', 2, 12, 2, 4, 3, 'fuego', '', ''),
(143, 37, 'Vulpix', 3, 15, 2, 4, 4, 'fuego', '', 'Necesita piedra fuego para pasar de nivel y evolucionar.'),
(144, 38, 'Ninetales', 4, 17, 3, 5, 4, 'fuego', '', ''),
(145, 38, 'Ninetales', 5, 19, 3, 5, 5, 'fuego', '', ''),
(146, 38, 'Ninetales', 6, 22, 4, 5, 5, 'fuego', '', ''),
(147, 38, 'Ninetales', 7, 25, 4, 6, 5, 'fuego', '', ''),
(148, 38, 'Ninetales', 8, 26, 4, 6, 6, 'fuego', '', ''),
(149, 38, 'Ninetales', 9, 28, 5, 6, 6, 'fuego', '', ''),
(150, 38, 'Ninetales', 10, 30, 6, 7, 7, 'fuego', '', ''),
(151, 39, 'Jigglypuff', 1, 15, 2, 2, 2, 'normal', 'hada', ''),
(152, 39, 'Jigglypuff', 2, 20, 3, 2, 2, 'normal', 'hada', ''),
(153, 39, 'Jigglypuff', 3, 25, 3, 3, 2, 'normal', 'hada', 'Necesita piedra lunar para pasar de nivel y evolucionar.'),
(154, 40, 'Wigglytuff', 4, 28, 3, 3, 3, 'normal', 'hada', ''),
(155, 40, 'Wigglytuff', 5, 31, 4, 3, 3, 'normal', 'hada', ''),
(156, 40, 'Wigglytuff', 6, 35, 4, 4, 4, 'normal', 'hada', ''),
(157, 40, 'Wigglytuff', 7, 38, 5, 4, 4, 'normal', 'hada', ''),
(158, 40, 'Wigglytuff', 8, 41, 5, 5, 4, 'normal', 'hada', ''),
(159, 40, 'Wigglytuff', 9, 46, 5, 5, 5, 'normal', 'hada', ''),
(160, 40, 'Wigglytuff', 10, 50, 6, 3, 3, 'normal', 'hada', ''),
(161, 41, 'Zubat', 1, 8, 2, 2, 3, 'veneno', 'volador', ''),
(162, 41, 'Zubat', 2, 10, 2, 3, 3, 'veneno', 'volador', ''),
(163, 42, 'Golbat', 3, 12, 3, 3, 4, 'veneno', 'volador', ''),
(164, 42, 'Golbat', 4, 15, 3, 3, 5, 'veneno', 'volador', ''),
(165, 42, 'Golbat', 5, 17, 3, 4, 5, 'veneno', 'volador', ''),
(166, 42, 'Golbat', 6, 19, 5, 4, 4, 'veneno', 'volador', ''),
(167, 42, 'Golbat', 7, 21, 5, 5, 5, 'veneno', 'volador', ''),
(168, 42, 'Golbat', 8, 22, 5, 5, 6, 'veneno', 'volador', ''),
(169, 42, 'Golbat', 9, 24, 6, 5, 6, 'veneno', 'volador', ''),
(170, 42, 'Golbat', 10, 26, 6, 6, 7, 'veneno', 'volador', ''),
(171, 43, 'Oddish', 1, 10, 3, 3, 1, 'planta', 'veneno', ''),
(172, 43, 'Oddish', 2, 13, 3, 3, 2, 'planta', 'veneno', ''),
(173, 44, 'Gloom', 3, 16, 4, 3, 2, 'planta', 'veneno', ''),
(174, 44, 'Gloom', 4, 19, 4, 4, 2, 'planta', 'veneno', ''),
(175, 44, 'Gloom', 5, 22, 5, 4, 2, 'planta', 'veneno', 'Necesita piedra hoja para pasar de nivel y evolucionar'),
(176, 45, 'Vileplume', 6, 25, 5, 5, 3, 'planta', 'veneno', ''),
(177, 45, 'Vileplume', 7, 28, 6, 5, 3, 'planta', 'veneno', ''),
(178, 45, 'Vileplume', 8, 31, 6, 5, 4, 'planta', 'veneno', ''),
(179, 45, 'Vileplume', 9, 33, 7, 6, 4, 'planta', 'veneno', ''),
(180, 45, 'Vileplume', 10, 35, 7, 7, 4, 'planta', 'veneno', ''),
(181, 46, 'Paras', 1, 10, 3, 3, 1, 'bicho', 'planta', ''),
(182, 46, 'Paras', 2, 13, 4, 3, 1, 'bicho', 'planta', ''),
(183, 46, 'Parasect', 3, 16, 4, 3, 2, 'bicho', 'planta', ''),
(184, 46, 'Parasect', 4, 18, 4, 4, 2, 'bicho', 'planta', ''),
(185, 46, 'Parasect', 5, 20, 4, 5, 2, 'bicho', 'planta', ''),
(186, 47, 'Parasect', 6, 22, 5, 5, 3, 'bicho', 'planta', ''),
(187, 47, 'Parasect', 7, 24, 6, 5, 3, 'bicho', 'planta', ''),
(188, 47, 'Parasect', 8, 27, 6, 6, 3, 'bicho', 'planta', ''),
(189, 47, 'Parasect', 9, 30, 7, 6, 3, 'bicho', 'planta', ''),
(190, 47, 'Parasect', 10, 32, 7, 6, 4, 'bicho', 'planta', ''),
(191, 48, 'Venonat', 1, 10, 3, 1, 3, 'bicho', 'veneno', ''),
(192, 48, 'Venonat', 2, 13, 3, 1, 4, 'bicho', 'veneno', ''),
(193, 48, 'Venonat', 3, 16, 3, 2, 4, 'bicho', 'veneno', ''),
(194, 49, 'Venomoth', 4, 19, 3, 2, 5, 'bicho', 'veneno', ''),
(195, 49, 'Venomoth', 5, 22, 3, 2, 6, 'bicho', 'veneno', ''),
(196, 49, 'Venomoth', 6, 24, 4, 3, 6, 'bicho', 'veneno', ''),
(197, 49, 'Venomoth', 7, 26, 5, 3, 6, 'bicho', 'veneno', ''),
(198, 49, 'Venomoth', 8, 28, 6, 4, 7, 'bicho', 'veneno', ''),
(199, 49, 'Venomoth', 9, 31, 6, 5, 7, 'bicho', 'veneno', ''),
(200, 49, 'Venomoth', 10, 34, 7, 5, 7, 'bicho', 'veneno', ''),
(201, 50, 'Diglett', 1, 7, 3, 1, 3, 'tierra', '', ''),
(202, 50, 'Diglett', 2, 9, 4, 1, 3, 'tierra', '', ''),
(203, 50, 'Diglett', 3, 12, 4, 2, 3, 'tierra', '', ''),
(204, 51, 'Dugtrio', 4, 15, 4, 2, 4, 'tierra', '', ''),
(205, 51, 'Dugtrio', 5, 17, 5, 3, 5, 'tierra', '', ''),
(206, 51, 'Dugtrio', 6, 19, 5, 3, 6, 'tierra', '', ''),
(207, 51, 'Dugtrio', 7, 21, 5, 4, 7, 'tierra', '', ''),
(208, 51, 'Dugtrio', 8, 23, 6, 4, 7, 'tierra', '', ''),
(209, 51, 'Dugtrio', 9, 25, 6, 4, 8, 'tierra', '', ''),
(210, 51, 'Dugtrio', 10, 27, 7, 4, 8, 'tierra', '', ''),
(211, 52, 'Meowth', 1, 10, 2, 1, 3, 'normal', '', ''),
(212, 52, 'Meowth', 2, 13, 2, 2, 4, 'normal', '', ''),
(213, 52, 'Meowth', 3, 16, 3, 3, 4, 'normal', '', ''),
(214, 53, 'Persian', 4, 19, 4, 4, 4, 'normal', '', ''),
(215, 53, 'Persian', 5, 21, 4, 5, 4, 'normal', '', ''),
(216, 53, 'Persian', 6, 25, 4, 5, 5, 'normal', '', ''),
(217, 53, 'Persian', 7, 26, 4, 5, 6, 'normal', '', ''),
(218, 53, 'Persian', 8, 28, 5, 5, 6, 'normal', '', ''),
(219, 53, 'Persian', 9, 30, 5, 5, 7, 'normal', '', ''),
(220, 53, 'Persian', 10, 33, 6, 5, 8, 'normal', '', ''),
(221, 54, 'Psyduck', 1, 10, 3, 3, 2, 'agua', '', ''),
(222, 54, 'Psyduck', 2, 13, 3, 4, 3, 'agua', '', ''),
(223, 54, 'Psyduck', 3, 16, 4, 4, 3, 'agua', '', ''),
(224, 55, 'Golduck', 4, 19, 5, 4, 4, 'agua', '', ''),
(225, 55, 'Golduck', 5, 22, 5, 5, 4, 'agua', '', ''),
(226, 55, 'Golduck', 6, 25, 5, 5, 5, 'agua', '', ''),
(227, 55, 'Golduck', 7, 28, 6, 5, 5, 'agua', '', ''),
(228, 55, 'Golduck', 8, 30, 6, 6, 5, 'agua', '', ''),
(229, 55, 'Golduck', 9, 33, 6, 6, 6, 'agua', '', ''),
(230, 55, 'Golduck', 10, 36, 7, 6, 6, 'agua', '', ''),
(231, 56, 'Mankey', 1, 10, 4, 1, 2, 'lucha', '', ''),
(232, 56, 'Mankey', 2, 12, 4, 1, 3, 'lucha', '', ''),
(233, 56, 'Mankey', 3, 13, 4, 1, 4, 'lucha', '', ''),
(234, 57, 'Primeape', 4, 16, 5, 2, 4, 'lucha', '', ''),
(235, 57, 'Primeape', 5, 19, 5, 3, 4, 'lucha', '', ''),
(236, 57, 'Primeape', 6, 21, 5, 4, 4, 'lucha', '', ''),
(237, 57, 'Primeape', 7, 24, 5, 5, 5, 'lucha', '', ''),
(238, 57, 'Primeape', 8, 27, 6, 5, 5, 'lucha', '', ''),
(239, 57, 'Primeape', 9, 30, 6, 5, 6, 'lucha', '', ''),
(240, 57, 'Primeape', 10, 33, 7, 5, 7, 'lucha', '', ''),
(241, 58, 'Growlithe', 1, 12, 3, 2, 3, 'fuego', '', ''),
(242, 58, 'Growlithe', 2, 15, 3, 2, 4, 'fuego', '', ''),
(243, 58, 'Growlithe', 3, 18, 4, 2, 4, 'fuego', '', 'Necesita piedra fuego para pasar de nivel y evolucionar.'),
(244, 59, 'Arcanine', 4, 21, 5, 3, 5, 'fuego', '', ''),
(245, 59, 'Arcanine', 5, 24, 5, 4, 5, 'fuego', '', ''),
(246, 59, 'Arcanine', 6, 27, 6, 4, 5, 'fuego', '', ''),
(247, 59, 'Arcanine', 7, 30, 6, 4, 6, 'fuego', '', ''),
(248, 59, 'Arcanine', 8, 33, 7, 5, 6, 'fuego', '', ''),
(249, 59, 'Arcanine', 9, 36, 7, 6, 6, 'fuego', '', ''),
(250, 59, 'Arcanine', 10, 38, 8, 6, 7, 'fuego', '', ''),
(251, 60, 'Poliwag', 1, 13, 3, 3, 2, 'agua', '', ''),
(252, 60, 'Poliwag', 2, 17, 4, 3, 2, 'agua', '', ''),
(253, 61, 'Poliwhirl', 3, 20, 4, 4, 2, 'agua', '', ''),
(254, 61, 'Poliwhirl', 4, 23, 4, 4, 3, 'agua', '', ''),
(255, 61, 'Poliwhirl', 5, 26, 5, 5, 3, 'agua', '', 'Necesita piedra agua para pasar de nivel y evolucionar.'),
(256, 62, 'Poliwrath', 6, 29, 5, 5, 4, 'agua', 'lucha', ''),
(257, 62, 'Poliwrath', 7, 32, 6, 5, 4, 'agua', 'lucha', ''),
(258, 62, 'Poliwrath', 8, 34, 6, 6, 5, 'agua', 'lucha', ''),
(259, 62, 'Poliwrath', 9, 36, 6, 7, 6, 'agua', 'lucha', ''),
(260, 62, 'Poliwrath', 10, 38, 7, 8, 6, 'agua', 'lucha', ''),
(261, 63, 'Abra', 1, 8, 4, 2, 3, 'psíquico', '', ''),
(262, 63, 'Abra', 2, 10, 4, 3, 4, 'psíquico', '', ''),
(263, 64, 'Kadabra', 3, 13, 4, 4, 4, 'psíquico', '', ''),
(264, 64, 'Kadabra', 4, 15, 5, 4, 4, 'psíquico', '', ' Solo puede pasar de nivel y evolucionar con intercambio.'),
(265, 65, 'Alakazam', 5, 19, 5, 4, 5, 'psíquico', '', ''),
(266, 65, 'Alakazam', 6, 21, 5, 5, 5, 'psíquico', '', ''),
(267, 65, 'Alakazam', 7, 24, 6, 6, 5, 'psíquico', '', ''),
(268, 65, 'Alakazam', 8, 27, 7, 6, 6, 'psíquico', '', ''),
(269, 65, 'Alakazam', 9, 29, 8, 6, 7, 'psíquico', '', ''),
(270, 65, 'Alakazam', 10, 31, 9, 6, 7, 'psíquico', '', ''),
(271, 66, 'Machop', 1, 10, 3, 3, 2, 'lucha', '', ''),
(272, 66, 'Machop', 2, 14, 4, 4, 2, 'lucha', '', ''),
(273, 66, 'Machop', 3, 18, 5, 4, 3, 'lucha', '', ''),
(274, 67, 'Machoke', 4, 22, 5, 5, 4, 'lucha', '', ''),
(275, 67, 'Machoke', 5, 25, 6, 5, 5, 'lucha', '', ' Solo puede pasar de nivel y evolucionar con intercambio.'),
(276, 68, 'Machamp', 6, 27, 6, 6, 5, 'lucha', '', ''),
(277, 68, 'Machamp', 7, 29, 6, 6, 6, 'lucha', '', ''),
(278, 68, 'Machamp', 8, 32, 7, 6, 6, 'lucha', '', ''),
(279, 68, 'Machamp', 9, 35, 7, 7, 6, 'lucha', '', ''),
(280, 68, 'Machamp', 10, 38, 8, 7, 6, 'lucha', '', ''),
(281, 69, 'Bellsprout', 1, 9, 3, 2, 2, 'planta', 'veneno', ''),
(282, 69, 'Bellsprout', 2, 11, 3, 2, 3, 'planta', 'veneno', ''),
(283, 70, 'Weepinbell', 3, 13, 4, 2, 3, 'planta', 'veneno', ''),
(284, 70, 'Weepinbell', 4, 17, 5, 2, 3, 'planta', 'veneno', ''),
(285, 70, 'Weepinbell', 5, 20, 6, 2, 3, 'planta', 'veneno', 'Necesita piedra hoja para pasar de nivel y evolucionar.'),
(286, 71, 'Victreebel', 6, 23, 6, 3, 3, 'planta', 'veneno', ''),
(287, 71, 'Victreebel', 7, 27, 6, 3, 4, 'planta', 'veneno', ''),
(288, 71, 'Victreebel', 8, 30, 6, 4, 5, 'planta', 'veneno', ''),
(289, 71, 'Victreebel', 9, 34, 6, 5, 5, 'planta', 'veneno', ''),
(290, 71, 'Victreebel', 10, 36, 7, 5, 6, 'planta', 'veneno', ''),
(291, 72, 'Tentacool', 1, 10, 3, 4, 3, 'agua', 'veneno', ''),
(292, 72, 'Tentacool', 2, 11, 4, 4, 3, 'agua', 'veneno', ''),
(293, 72, 'Tentacool', 3, 13, 4, 4, 4, 'agua', 'veneno', ''),
(294, 73, 'Tentacruel', 4, 15, 5, 4, 5, 'agua', 'veneno', ''),
(295, 73, 'Tentacruel', 5, 18, 5, 5, 5, 'agua', 'veneno', ''),
(296, 73, 'Tentacruel', 6, 21, 5, 5, 6, 'agua', 'veneno', ''),
(297, 73, 'Tentacruel', 7, 25, 5, 6, 6, 'agua', 'veneno', ''),
(298, 73, 'Tentacruel', 8, 29, 6, 6, 6, 'agua', 'veneno', ''),
(299, 73, 'Tentacruel', 9, 33, 6, 7, 7, 'agua', 'veneno', ''),
(300, 73, 'Tentacruel', 10, 36, 6, 8, 7, 'agua', 'veneno', ''),
(301, 74, 'Geodude', 1, 10, 3, 4, 2, 'roca', 'tierra', ''),
(302, 74, 'Geodude', 2, 12, 3, 4, 3, 'roca', 'tierra', ''),
(303, 75, 'Graveler', 3, 15, 4, 5, 3, 'roca', 'tierra', ''),
(304, 75, 'Graveler', 4, 18, 4, 5, 4, 'roca', 'tierra', ''),
(305, 75, 'Graveler', 5, 22, 5, 5, 4, 'roca', 'tierra', 'Solo puede pasar de nivel y evolucionar con intercambio.'),
(306, 76, 'Golem', 6, 25, 5, 6, 5, 'roca', 'tierra', ''),
(307, 76, 'Golem', 7, 28, 6, 6, 5, 'roca', 'tierra', ''),
(308, 76, 'Golem', 8, 31, 6, 7, 5, 'roca', 'tierra', ''),
(309, 76, 'Golem', 9, 31, 6, 8, 5, 'roca', 'tierra', ''),
(310, 76, 'Golem', 10, 36, 7, 9, 5, 'roca', 'tierra', ''),
(311, 77, 'Ponyta', 1, 10, 4, 2, 3, 'fuego', '', ''),
(312, 77, 'Ponyta', 2, 12, 4, 2, 4, 'fuego', '', ''),
(313, 77, 'Ponyta', 3, 14, 4, 3, 4, 'fuego', '', ''),
(314, 77, 'Ponyta', 4, 17, 5, 3, 5, 'fuego', '', ''),
(315, 78, 'Rapidash', 5, 19, 5, 4, 5, 'fuego', '', ''),
(316, 78, 'Rapidash', 6, 21, 5, 4, 6, 'fuego', '', ''),
(317, 78, 'Rapidash', 7, 24, 6, 4, 6, 'fuego', '', ''),
(318, 78, 'Rapidash', 8, 27, 6, 5, 6, 'fuego', '', ''),
(319, 78, 'Rapidash', 9, 30, 6, 5, 7, 'fuego', '', ''),
(320, 78, 'Rapidash', 10, 33, 7, 6, 7, 'fuego', '', ''),
(321, 79, 'Slowpoke', 1, 10, 2, 4, 1, 'agua', 'psíquico', ''),
(322, 79, 'Slowpoke', 2, 14, 3, 4, 2, 'agua', 'psíquico', ''),
(323, 79, 'Slowpoke', 3, 18, 4, 4, 3, 'agua', 'psíquico', ''),
(324, 79, 'Slowpoke', 4, 21, 4, 5, 3, 'agua', 'psíquico', ''),
(325, 80, 'Slowbro', 5, 23, 4, 5, 4, 'agua', 'psíquico', ''),
(326, 80, 'Slowbro', 6, 26, 4, 6, 4, 'agua', 'psíquico', ''),
(327, 80, 'Slowbro', 7, 28, 4, 6, 4, 'agua', 'psíquico', ''),
(328, 80, 'Slowbro', 8, 31, 5, 6, 4, 'agua', 'psíquico', ''),
(329, 80, 'Slowbro', 9, 35, 6, 7, 5, 'agua', 'psíquico', ''),
(330, 80, 'Slowbro', 10, 39, 6, 8, 5, 'agua', 'psíquico', ''),
(331, 81, 'Magnemite', 1, 8, 3, 3, 2, 'eléctrico', '', ''),
(332, 81, 'Magnemite', 2, 10, 4, 3, 2, 'eléctrico', '', ''),
(333, 81, 'Magnemite', 3, 12, 4, 3, 3, 'eléctrico', '', ''),
(334, 82, 'Magneton', 4, 15, 5, 4, 4, 'eléctrico', '', ''),
(335, 82, 'Magneton', 5, 17, 6, 5, 5, 'eléctrico', '', ''),
(336, 82, 'Magneton', 6, 19, 6, 5, 6, 'eléctrico', '', ''),
(337, 82, 'Magneton', 7, 21, 6, 6, 6, 'eléctrico', '', ''),
(338, 82, 'Magneton', 8, 24, 6, 7, 6, 'eléctrico', '', ''),
(339, 82, 'Magneton', 9, 27, 7, 7, 6, 'eléctrico', '', ''),
(340, 82, 'Magneton', 11, 30, 8, 7, 6, 'eléctrico', '', ''),
(341, 83, 'Farfetch´d', 1, 10, 3, 2, 2, 'normal', 'volador', ''),
(342, 83, 'Farfetch´d', 2, 13, 3, 3, 2, 'normal', 'volador', ''),
(343, 83, 'Farfetch´d', 3, 15, 4, 3, 2, 'normal', 'volador', ''),
(344, 83, 'Farfetch´d', 4, 17, 4, 3, 3, 'normal', 'volador', ''),
(345, 83, 'Farfetch´d', 5, 19, 4, 4, 4, 'normal', 'volador', ''),
(346, 83, 'Farfetch´d', 6, 21, 5, 4, 4, 'normal', 'volador', ''),
(347, 83, 'Farfetch´d', 7, 23, 5, 4, 5, 'normal', 'volador', ''),
(348, 83, 'Farfetch´d', 8, 25, 5, 5, 5, 'normal', 'volador', ''),
(349, 83, 'Farfetch´d', 9, 27, 6, 5, 5, 'normal', 'volador', ''),
(350, 83, 'Farfetch´d', 10, 30, 7, 5, 5, 'normal', 'volador', ''),
(351, 84, 'Doduo', 1, 10, 3, 1, 2, 'normal', 'volador', ''),
(352, 84, 'Doduo', 2, 11, 3, 2, 3, 'normal', 'volador', ''),
(353, 84, 'Doduo', 3, 12, 4, 2, 3, 'normal', 'volador', ''),
(354, 85, 'Dodrio', 4, 14, 5, 3, 4, 'normal', 'volador', ''),
(355, 85, 'Dodrio', 5, 16, 5, 4, 5, 'normal', 'volador', ''),
(356, 85, 'Dodrio', 6, 18, 5, 5, 5, 'normal', 'volador', ''),
(357, 85, 'Dodrio', 7, 23, 6, 5, 5, 'normal', 'volador', ''),
(358, 85, 'Dodrio', 8, 26, 6, 5, 6, 'normal', 'volador', ''),
(359, 85, 'Dodrio', 9, 29, 6, 5, 7, 'normal', 'volador', ''),
(360, 85, 'Dodrio', 10, 32, 7, 5, 7, 'normal', 'volador', ''),
(361, 86, 'Seel', 1, 12, 2, 3, 3, 'agua', '', ''),
(362, 86, 'Seel', 2, 16, 2, 4, 3, 'agua', '', ''),
(363, 86, 'Seel', 3, 19, 3, 4, 4, 'agua', '', ''),
(364, 87, 'Dewgong', 4, 21, 3, 5, 4, 'agua', 'hielo', ''),
(365, 87, 'Dewgong', 5, 24, 4, 5, 4, 'agua', 'hielo', ''),
(366, 87, 'Dewgong', 6, 27, 4, 5, 6, 'agua', 'hielo', ''),
(367, 87, 'Dewgong', 7, 30, 5, 5, 5, 'agua', 'hielo', ''),
(368, 87, 'Dewgong', 8, 32, 5, 6, 5, 'agua', 'hielo', ''),
(369, 87, 'Dewgong', 9, 35, 5, 6, 6, 'agua', 'hielo', ''),
(370, 87, 'Dewgong', 10, 38, 5, 7, 6, 'agua', 'hielo', ''),
(371, 88, 'Grimer', 1, 10, 3, 3, 2, 'veneno', '', ''),
(372, 88, 'Grimer', 2, 14, 4, 4, 3, 'veneno', '', ''),
(373, 88, 'Grimer', 3, 18, 5, 4, 3, 'veneno', '', ''),
(374, 88, 'Grimer', 4, 21, 5, 4, 4, 'veneno', '', ''),
(375, 89, 'Muk', 5, 25, 5, 5, 4, 'veneno', '', ''),
(376, 89, 'Muk', 6, 29, 6, 5, 4, 'veneno', '', ''),
(377, 89, 'Muk', 7, 31, 6, 6, 4, 'veneno', '', ''),
(378, 89, 'Muk', 8, 35, 7, 6, 4, 'veneno', '', ''),
(379, 89, 'Muk', 9, 38, 7, 6, 5, 'veneno', '', ''),
(380, 89, 'Muk', 10, 41, 7, 7, 5, 'veneno', '', ''),
(381, 90, 'Shellder', 1, 9, 2, 3, 2, 'agua', '', ''),
(382, 90, 'Shellder', 2, 11, 3, 3, 3, 'agua', '', ''),
(383, 90, 'Shellder', 3, 13, 4, 4, 4, 'agua', '', ''),
(384, 91, 'Cloyster', 4, 15, 4, 5, 4, 'agua', 'hielo', ''),
(385, 91, 'Cloyster', 5, 17, 5, 6, 4, 'agua', 'hielo', ''),
(386, 91, 'Cloyster', 6, 19, 5, 7, 4, 'agua', 'hielo', ''),
(387, 91, 'Cloyster', 7, 21, 6, 8, 4, 'agua', 'hielo', ''),
(388, 91, 'Cloyster', 8, 25, 6, 9, 4, 'agua', 'hielo', ''),
(389, 91, 'Cloyster', 9, 28, 6, 10, 5, 'agua', 'hielo', ''),
(390, 91, 'Cloyster', 10, 30, 7, 10, 5, 'agua', 'hielo', ''),
(391, 92, 'Gastly', 1, 10, 3, 2, 3, 'fantasma', 'veneno', ''),
(392, 92, 'Gastly', 2, 12, 4, 3, 4, 'fantasma', 'veneno', ''),
(393, 93, 'Haunter', 3, 14, 4, 3, 5, 'fantasma', 'veneno', ''),
(394, 93, 'Haunter', 4, 16, 5, 3, 5, 'fantasma', 'veneno', ''),
(395, 93, 'Haunter', 5, 18, 5, 4, 5, 'fantasma', 'veneno', ' Solo puede pasar de nivel y evolucionar con intercambio.'),
(396, 94, 'Gengar', 6, 20, 6, 5, 6, 'fantasma', 'veneno', ''),
(397, 94, 'Gengar', 7, 23, 6, 5, 7, 'fantasma', 'veneno', ''),
(398, 94, 'Gengar', 8, 26, 7, 5, 7, 'fantasma', 'veneno', ''),
(399, 94, 'Gengar', 9, 29, 7, 5, 8, 'fantasma', 'veneno', ''),
(400, 94, 'Gengar', 10, 32, 8, 5, 8, 'fantasma', 'veneno', ''),
(401, 95, 'Onix', 1, 10, 3, 4, 2, 'roca', 'tierra', ''),
(402, 95, 'Onix', 2, 11, 4, 5, 3, 'roca', 'tierra', ''),
(403, 95, 'Onix', 3, 13, 4, 5, 3, 'roca', 'tierra', ''),
(404, 95, 'Onix', 4, 15, 4, 6, 4, 'roca', 'tierra', ''),
(405, 95, 'Onix', 5, 17, 5, 6, 4, 'roca', 'tierra', ''),
(406, 95, 'Onix', 6, 19, 5, 6, 5, 'roca', 'tierra', ''),
(407, 95, 'Onix', 7, 21, 5, 6, 6, 'roca', 'tierra', ''),
(408, 95, 'Onix', 8, 23, 6, 6, 6, 'roca', 'tierra', ''),
(409, 95, 'Onix', 9, 25, 6, 7, 6, 'roca', 'tierra', ''),
(410, 95, 'Onix', 10, 27, 6, 8, 6, 'roca', 'tierra', ''),
(411, 96, 'Drowzee', 1, 11, 2, 4, 3, 'psíquico', '', ''),
(412, 96, 'Drowzee', 2, 14, 2, 4, 4, 'psíquico', '', ''),
(413, 96, 'Drowzee', 3, 17, 3, 4, 4, 'psíquico', '', ''),
(414, 97, 'Hypno', 4, 20, 3, 5, 4, 'psíquico', '', ''),
(415, 97, 'Hypno', 5, 23, 4, 5, 4, 'psíquico', '', ''),
(416, 97, 'Hypno', 6, 25, 5, 5, 4, 'psíquico', '', ''),
(417, 97, 'Hypno', 7, 28, 5, 6, 4, 'psíquico', '', ''),
(418, 97, 'Hypno', 8, 31, 5, 6, 5, 'psíquico', '', ''),
(419, 97, 'Hypno', 9, 34, 6, 6, 5, 'psíquico', '', ''),
(420, 97, 'Hypno', 10, 37, 6, 7, 5, 'psíquico', '', ''),
(421, 98, 'Crabby', 1, 10, 3, 2, 2, 'agua', '', ''),
(422, 98, 'Crabby', 2, 13, 3, 3, 3, 'agua', '', ''),
(423, 98, 'Crabby', 3, 15, 3, 4, 4, 'agua', '', ''),
(424, 99, 'Kingler', 4, 18, 3, 4, 5, 'agua', '', ''),
(425, 99, 'Kingler', 5, 21, 4, 5, 5, 'agua', '', ''),
(426, 99, 'Kingler', 6, 23, 5, 6, 5, 'agua', '', ''),
(427, 99, 'Kingler', 7, 25, 6, 6, 5, 'agua', '', ''),
(428, 99, 'Kingler', 8, 26, 7, 7, 5, 'agua', '', ''),
(429, 99, 'Kingler', 9, 28, 8, 7, 5, 'agua', '', ''),
(430, 99, 'Kingler', 10, 31, 9, 7, 5, 'agua', '', ''),
(431, 100, 'Voltorb', 1, 10, 2, 3, 4, 'eléctrico', '', ''),
(432, 100, 'Voltorb', 2, 13, 3, 4, 4, 'eléctrico', '', ''),
(433, 100, 'Voltorb', 3, 16, 3, 5, 4, 'eléctrico', '', ''),
(434, 101, 'Electrode', 4, 19, 4, 5, 5, 'eléctrico', '', ''),
(435, 101, 'Electrode', 5, 21, 5, 5, 6, 'eléctrico', '', ''),
(436, 101, 'Electrode', 6, 23, 5, 5, 7, 'eléctrico', '', ''),
(437, 101, 'Electrode', 7, 25, 6, 5, 7, 'eléctrico', '', ''),
(438, 101, 'Electrode', 8, 27, 6, 5, 8, 'eléctrico', '', ''),
(439, 101, 'Electrode', 9, 29, 6, 5, 9, 'eléctrico', '', ''),
(440, 101, 'Electrode', 10, 32, 6, 5, 10, 'eléctrico', '', ''),
(441, 102, 'Exeggcute', 1, 11, 4, 3, 3, 'planta', 'psíquico', ''),
(442, 102, 'Exeggcute', 2, 14, 5, 3, 3, 'planta', 'psíquico', ''),
(443, 102, 'Exeggcute', 3, 18, 5, 4, 3, 'planta', 'psíquico', ''),
(444, 103, 'Exeggutor', 4, 21, 5, 4, 4, 'planta', 'psíquico', 'Necesita piedra hoja para pasar de nivel y evolucionar.'),
(445, 103, 'Exeggutor', 5, 24, 5, 5, 4, 'planta', 'psíquico', ''),
(446, 103, 'Exeggutor', 6, 27, 6, 5, 4, 'planta', 'psíquico', ''),
(447, 103, 'Exeggutor', 7, 30, 6, 6, 4, 'planta', 'psíquico', ''),
(448, 103, 'Exeggutor', 8, 33, 6, 7, 5, 'planta', 'psíquico', ''),
(449, 103, 'Exeggutor', 9, 36, 7, 7, 5, 'planta', 'psíquico', ''),
(450, 103, 'Exeggutor', 10, 39, 8, 7, 5, 'planta', 'psíquico', ''),
(451, 104, 'Cubone', 1, 8, 3, 4, 2, 'tierra', '', ''),
(452, 104, 'Cubone', 2, 10, 3, 4, 3, 'tierra', '', ''),
(453, 104, 'Cubone', 3, 12, 4, 4, 4, 'tierra', '', ''),
(454, 105, 'Marowak', 4, 15, 5, 4, 4, 'tierra', '', ''),
(455, 105, 'Marowak', 5, 18, 5, 5, 4, 'tierra', '', ''),
(456, 105, 'Marowak', 6, 21, 5, 5, 5, 'tierra', '', ''),
(457, 105, 'Marowak', 7, 24, 5, 6, 5, 'tierra', '', ''),
(458, 105, 'Marowak', 8, 26, 6, 6, 5, 'tierra', '', ''),
(459, 105, 'Marowak', 9, 29, 6, 7, 5, 'tierra', '', ''),
(460, 105, 'Marowak', 10, 32, 6, 8, 5, 'tierra', '', ''),
(461, 106, 'Hitmonlee', 1, 9, 4, 3, 3, 'lucha', '', ''),
(462, 106, 'Hitmonlee', 2, 11, 4, 2, 3, 'lucha', '', ''),
(463, 106, 'Hitmonlee', 3, 13, 4, 3, 4, 'lucha', '', ''),
(464, 106, 'Hitmonlee', 4, 15, 5, 4, 5, 'lucha', '', ''),
(465, 106, 'Hitmonlee', 5, 18, 6, 4, 5, 'lucha', '', ''),
(466, 106, 'Hitmonlee', 6, 21, 7, 4, 5, 'lucha', '', ''),
(467, 106, 'Hitmonlee', 7, 23, 7, 4, 6, 'lucha', '', ''),
(468, 106, 'Hitmonlee', 8, 25, 8, 4, 6, 'lucha', '', ''),
(469, 106, 'Hitmonlee', 9, 27, 8, 4, 7, 'lucha', '', ''),
(470, 106, 'Hitmonlee', 10, 30, 8, 5, 7, 'lucha', '', ''),
(471, 107, 'Hitmonchan', 1, 10, 3, 4, 2, 'lucha', '', ''),
(472, 107, 'Hitmonchan', 2, 13, 4, 5, 3, 'lucha', '', ''),
(473, 107, 'Hitmonchan', 3, 15, 4, 5, 4, 'lucha', '', ''),
(474, 107, 'Hitmonchan', 4, 17, 4, 5, 5, 'lucha', '', ''),
(475, 107, 'Hitmonchan', 5, 20, 5, 5, 5, 'lucha', '', ''),
(476, 107, 'Hitmonchan', 6, 22, 5, 6, 6, 'lucha', '', ''),
(477, 107, 'Hitmonchan', 7, 24, 5, 7, 6, 'lucha', '', ''),
(478, 107, 'Hitmonchan', 8, 26, 5, 7, 6, 'lucha', '', ''),
(479, 107, 'Hitmonchan', 9, 28, 5, 8, 6, 'lucha', '', ''),
(480, 107, 'Hitmonchan', 10, 30, 6, 8, 6, 'lucha', '', ''),
(481, 108, 'Lickitung', 1, 14, 2, 3, 1, 'normal', '', ''),
(482, 108, 'Lickitung', 2, 16, 2, 3, 2, 'normal', '', ''),
(483, 108, 'Lickitung', 3, 20, 3, 3, 2, 'normal', '', ''),
(484, 108, 'Lickitung', 4, 23, 3, 4, 2, 'normal', '', ''),
(485, 108, 'Lickitung', 5, 26, 4, 4, 2, 'normal', '', ''),
(486, 108, 'Lickitung', 6, 29, 4, 4, 3, 'normal', '', ''),
(487, 108, 'Lickitung', 7, 31, 4, 5, 4, 'normal', '', ''),
(488, 108, 'Lickitung', 8, 34, 5, 5, 4, 'normal', '', ''),
(489, 108, 'Lickitung', 9, 36, 5, 6, 4, 'normal', '', ''),
(490, 108, 'Lickitung', 10, 38, 6, 6, 4, 'normal', '', ''),
(491, 109, 'Koffing', 1, 8, 3, 4, 3, 'veneno', '', ''),
(492, 109, 'Koffing', 2, 10, 3, 5, 3, 'veneno', '', ''),
(493, 109, 'Koffing', 3, 12, 3, 5, 4, 'veneno', '', ''),
(494, 110, 'Weezing', 4, 15, 4, 5, 4, 'veneno', '', ''),
(495, 110, 'Weezing', 5, 18, 4, 5, 5, 'veneno', '', ''),
(496, 110, 'Weezing', 6, 21, 5, 5, 5, 'veneno', '', ''),
(497, 110, 'Weezing', 7, 24, 6, 5, 5, 'veneno', '', ''),
(498, 110, 'Weezing', 8, 27, 6, 6, 5, 'veneno', '', ''),
(499, 110, 'Weezing', 9, 30, 6, 7, 5, 'veneno', '', ''),
(500, 110, 'Weezing', 10, 33, 6, 8, 5, 'veneno', '', ''),
(501, 111, 'Rhyhorn', 1, 14, 4, 3, 2, 'tierra', 'roca', ''),
(502, 111, 'Rhyhorn', 2, 17, 4, 4, 2, 'tierra', 'roca', ''),
(503, 111, 'Rhyhorn', 3, 20, 5, 5, 3, 'tierra', 'roca', ''),
(504, 111, 'Rhyhorn', 4, 23, 6, 5, 3, 'tierra', 'roca', ''),
(505, 112, 'Rhydon', 5, 26, 6, 5, 4, 'tierra', 'roca', ''),
(506, 112, 'Rhydon', 6, 30, 7, 5, 4, 'tierra', 'roca', ''),
(507, 112, 'Rhydon', 7, 33, 7, 5, 5, 'tierra', 'roca', ''),
(508, 112, 'Rhydon', 8, 36, 7, 6, 5, 'tierra', 'roca', ''),
(509, 112, 'Rhydon', 9, 39, 8, 6, 5, 'tierra', 'roca', ''),
(510, 112, 'Rhydon', 10, 41, 8, 7, 5, 'tierra', 'roca', ''),
(511, 113, 'Chansey', 1, 25, 1, 3, 2, 'normal', '', ''),
(512, 113, 'Chansey', 2, 30, 1, 3, 3, 'normal', '', ''),
(513, 113, 'Chansey', 3, 35, 2, 3, 3, 'normal', '', ''),
(514, 113, 'Chansey', 4, 40, 3, 3, 3, 'normal', '', ''),
(515, 113, 'Chansey', 5, 45, 3, 3, 4, 'normal', '', ''),
(516, 113, 'Chansey', 6, 50, 4, 3, 5, 'normal', '', ''),
(517, 113, 'Chansey', 7, 55, 4, 4, 5, 'normal', '', ''),
(518, 113, 'Chansey', 8, 60, 4, 5, 5, 'normal', '', ''),
(519, 113, 'Chansey', 9, 65, 4, 6, 5, 'normal', '', ''),
(520, 113, 'Chansey', 10, 70, 4, 7, 5, 'normal', '', ''),
(521, 114, 'Tangela', 1, 13, 3, 4, 3, 'planta', '', ''),
(522, 114, 'Tangela', 2, 17, 3, 5, 3, 'planta', '', ''),
(523, 114, 'Tangela', 3, 19, 4, 5, 3, 'planta', '', ''),
(524, 114, 'Tangela', 4, 21, 5, 5, 3, 'planta', '', ''),
(525, 114, 'Tangela', 5, 23, 5, 5, 4, 'planta', '', ''),
(526, 114, 'Tangela', 6, 25, 6, 5, 4, 'planta', '', ''),
(527, 114, 'Tangela', 7, 27, 5, 7, 4, 'planta', '', ''),
(528, 114, 'Tangela', 8, 29, 6, 7, 4, 'planta', '', ''),
(529, 114, 'Tangela', 9, 31, 6, 7, 5, 'planta', '', ''),
(530, 114, 'Tangela', 10, 33, 6, 8, 5, 'planta', '', ''),
(531, 115, 'Kangaskhan', 1, 16, 4, 4, 4, 'normal', '', ''),
(532, 115, 'Kangaskhan', 2, 18, 4, 4, 5, 'normal', '', ''),
(533, 115, 'Kangaskhan', 3, 20, 4, 5, 5, 'normal', '', ''),
(534, 115, 'Kangaskhan', 4, 23, 5, 5, 5, 'normal', '', ''),
(535, 115, 'Kangaskhan', 5, 26, 6, 5, 5, 'normal', '', ''),
(536, 115, 'Kangaskhan', 6, 29, 6, 6, 5, 'normal', '', ''),
(537, 115, 'Kangaskhan', 7, 32, 7, 6, 5, 'normal', '', ''),
(538, 115, 'Kangaskhan', 8, 35, 7, 6, 6, 'normal', '', ''),
(539, 115, 'Kangaskhan', 9, 38, 7, 6, 7, 'normal', '', ''),
(540, 115, 'Kangaskhan', 10, 41, 7, 7, 7, 'normal', '', ''),
(541, 116, 'Horsea', 1, 12, 3, 3, 2, 'agua', '', ''),
(542, 116, 'Horsea', 2, 14, 4, 4, 4, 'agua', '', ''),
(543, 116, 'Horsea', 3, 16, 5, 4, 4, 'agua', '', ''),
(544, 117, 'Seadra', 4, 18, 5, 4, 5, 'agua', '', ''),
(545, 117, 'Seadra', 5, 20, 5, 5, 5, 'agua', '', ''),
(546, 117, 'Seadra', 6, 22, 6, 5, 5, 'agua', '', ''),
(547, 117, 'Seadra', 7, 24, 6, 6, 5, 'agua', '', ''),
(548, 117, 'Seadra', 8, 26, 6, 6, 6, 'agua', '', ''),
(549, 117, 'Seadra', 9, 29, 7, 6, 6, 'agua', '', ''),
(550, 117, 'Seadra', 10, 31, 7, 7, 6, 'agua', '', ''),
(551, 118, 'Goldeen', 1, 12, 3, 3, 2, 'agua', '', ''),
(552, 118, 'Goldeen', 2, 16, 4, 3, 2, 'agua', '', ''),
(553, 118, 'Goldeen', 3, 18, 4, 3, 3, 'agua', '', ''),
(554, 119, 'Seaking', 4, 21, 4, 3, 4, 'agua', '', ''),
(555, 119, 'Seaking', 5, 25, 5, 3, 4, 'agua', '', ''),
(556, 119, 'Seaking', 6, 28, 5, 4, 4, 'agua', '', ''),
(557, 119, 'Seaking', 7, 30, 5, 5, 5, 'agua', '', ''),
(558, 119, 'Seaking', 8, 33, 5, 6, 5, 'agua', '', ''),
(559, 119, 'Seaking', 9, 36, 6, 6, 5, 'agua', '', ''),
(560, 119, 'Seaking', 10, 36, 7, 6, 5, 'agua', '', ''),
(561, 120, 'Staryu', 1, 10, 3, 3, 4, 'agua', '', ''),
(562, 120, 'Staryu', 2, 12, 3, 4, 5, 'agua', '', ''),
(563, 120, 'Staryu', 3, 14, 4, 4, 5, 'agua', '', 'Necesita piedra agua para pasar de nivel y evolucionar.'),
(564, 121, 'Starmie', 4, 16, 4, 4, 6, 'agua', 'psíquico', ''),
(565, 121, 'Starmie', 5, 18, 4, 5, 6, 'agua', 'psíquico', ''),
(566, 121, 'Starmie', 6, 20, 5, 5, 6, 'agua', 'psíquico', ''),
(567, 121, 'Starmie', 7, 23, 5, 6, 6, 'agua', 'psíquico', ''),
(568, 121, 'Starmie', 8, 26, 6, 6, 6, 'agua', 'psíquico', ''),
(569, 121, 'Starmie', 9, 29, 6, 6, 7, 'agua', 'psíquico', ''),
(570, 121, 'Starmie', 10, 32, 7, 6, 8, 'agua', 'psíquico', ''),
(571, 122, 'Mr.Mime', 1, 10, 3, 4, 3, 'psíquico', '', ''),
(572, 122, 'Mr.Mime', 2, 12, 4, 4, 3, 'psíquico', '', ''),
(573, 122, 'Mr.Mime', 3, 14, 4, 5, 4, 'psíquico', '', ''),
(574, 122, 'Mr.Mime', 4, 16, 4, 5, 5, 'psíquico', '', ''),
(575, 122, 'Mr.Mime', 5, 18, 4, 5, 6, 'psíquico', '', ''),
(576, 122, 'Mr.Mime', 6, 20, 4, 6, 6, 'psíquico', '', ''),
(577, 122, 'Mr.Mime', 7, 22, 4, 7, 6, 'psíquico', '', ''),
(578, 122, 'Mr.Mime', 8, 24, 5, 7, 6, 'psíquico', '', ''),
(579, 122, 'Mr.Mime', 9, 26, 5, 8, 6, 'psíquico', '', ''),
(580, 122, 'Mr.Mime', 10, 28, 5, 8, 7, 'psíquico', '', ''),
(581, 123, 'Scyther', 1, 12, 4, 3, 4, 'bicho', 'volador', ''),
(582, 123, 'Scyther', 2, 15, 5, 4, 4, 'bicho', 'volador', ''),
(583, 123, 'Scyther', 3, 17, 5, 4, 5, 'bicho', 'volador', ''),
(584, 123, 'Scyther', 4, 20, 5, 5, 5, 'bicho', 'volador', ''),
(585, 123, 'Scyther', 5, 22, 6, 5, 5, 'bicho', 'volador', ''),
(586, 123, 'Scyther', 6, 25, 6, 5, 6, 'bicho', 'volador', ''),
(587, 123, 'Scyther', 7, 27, 6, 6, 6, 'bicho', 'volador', ''),
(588, 123, 'Scyther', 8, 29, 7, 6, 6, 'bicho', 'volador', ''),
(589, 123, 'Scyther', 9, 31, 7, 6, 7, 'bicho', 'volador', ''),
(590, 123, 'Scyther', 10, 34, 8, 6, 7, 'bicho', 'volador', ''),
(591, 124, 'Jynx', 1, 7, 4, 3, 3, 'hielo', 'psíquico', ''),
(592, 124, 'Jynx', 2, 10, 4, 4, 4, 'hielo', 'psíquico', ''),
(593, 124, 'Jynx', 3, 13, 4, 4, 5, 'hielo', 'psíquico', ''),
(594, 124, 'Jynx', 4, 15, 4, 5, 5, 'hielo', 'psíquico', ''),
(595, 124, 'Jynx', 5, 18, 5, 6, 6, 'hielo', 'psíquico', ''),
(596, 124, 'Jynx', 6, 21, 6, 6, 6, 'hielo', 'psíquico', ''),
(597, 124, 'Jynx', 7, 24, 7, 6, 6, 'hielo', 'psíquico', ''),
(598, 124, 'Jynx', 8, 27, 7, 7, 6, 'hielo', 'psíquico', ''),
(599, 124, 'Jynx', 9, 30, 7, 7, 7, 'hielo', 'psíquico', ''),
(600, 124, 'Jynx', 10, 33, 8, 7, 7, 'hielo', 'psíquico', ''),
(601, 125, 'Electabuzz', 1, 7, 3, 3, 4, 'eléctrico', '', ''),
(602, 125, 'Electabuzz', 2, 10, 3, 4, 5, 'eléctrico', '', ''),
(603, 125, 'Electabuzz', 3, 13, 4, 4, 5, 'eléctrico', '', ''),
(604, 125, 'Electabuzz', 4, 17, 4, 5, 5, 'eléctrico', '', ''),
(605, 125, 'Electabuzz', 5, 19, 4, 6, 5, 'eléctrico', '', ''),
(606, 125, 'Electabuzz', 6, 22, 5, 6, 5, 'eléctrico', '', ''),
(607, 125, 'Electabuzz', 7, 24, 5, 6, 6, 'eléctrico', '', ''),
(608, 125, 'Electabuzz', 8, 27, 5, 6, 7, 'eléctrico', '', ''),
(609, 125, 'Electabuzz', 9, 30, 6, 6, 7, 'eléctrico', '', ''),
(610, 125, 'Electabuzz', 10, 33, 7, 6, 7, 'eléctrico', '', ''),
(611, 126, 'Magmar', 1, 10, 4, 4, 3, 'fuego', '', ''),
(612, 126, 'Magmar', 2, 12, 5, 4, 4, 'fuego', '', ''),
(613, 126, 'Magmar', 3, 15, 5, 5, 4, 'fuego', '', ''),
(614, 126, 'Magmar', 4, 17, 5, 5, 5, 'fuego', '', ''),
(615, 126, 'Magmar', 5, 19, 6, 5, 5, 'fuego', '', ''),
(616, 126, 'Magmar', 6, 21, 6, 6, 5, 'fuego', '', ''),
(617, 126, 'Magmar', 7, 24, 6, 6, 6, 'fuego', '', ''),
(618, 126, 'Magmar', 8, 27, 6, 6, 7, 'fuego', '', ''),
(619, 126, 'Magmar', 9, 30, 6, 7, 7, 'fuego', '', ''),
(620, 126, 'Magmar', 10, 33, 7, 7, 7, 'fuego', '', ''),
(621, 127, 'Pinsir', 1, 9, 4, 3, 3, 'bicho', '', ''),
(622, 127, 'Pinsir', 2, 11, 4, 4, 4, 'bicho', '', ''),
(623, 127, 'Pinsir', 3, 13, 5, 5, 4, 'bicho', '', ''),
(624, 127, 'Pinsir', 4, 16, 6, 6, 4, 'bicho', '', ''),
(625, 127, 'Pinsir', 5, 19, 7, 6, 4, 'bicho', '', ''),
(626, 127, 'Pinsir', 6, 21, 7, 6, 5, 'bicho', '', ''),
(627, 127, 'Pinsir', 7, 24, 7, 6, 6, 'bicho', '', ''),
(628, 127, 'Pinsir', 8, 27, 7, 6, 7, 'bicho', '', ''),
(629, 127, 'Pinsir', 9, 30, 7, 7, 7, 'bicho', '', ''),
(630, 127, 'Pinsir', 10, 33, 8, 7, 7, 'bicho', '', ''),
(631, 128, 'Tauros', 1, 12, 3, 2, 5, 'normal', '', ''),
(632, 128, 'Tauros', 2, 15, 3, 3, 5, 'normal', '', ''),
(633, 128, 'Tauros', 3, 18, 4, 4, 5, 'normal', '', ''),
(634, 128, 'Tauros', 4, 20, 5, 4, 5, 'normal', '', ''),
(635, 128, 'Tauros', 5, 22, 5, 5, 5, 'normal', '', ''),
(636, 128, 'Tauros', 6, 24, 5, 5, 6, 'normal', '', ''),
(637, 128, 'Tauros', 7, 27, 6, 5, 6, 'normal', '', ''),
(638, 128, 'Tauros', 8, 30, 6, 5, 7, 'normal', '', ''),
(639, 128, 'Tauros', 9, 33, 6, 5, 8, 'normal', '', ''),
(640, 128, 'Tauros', 10, 35, 7, 5, 8, 'normal', '', ''),
(641, 129, 'Magikarp', 1, 10, 2, 1, 1, 'agua', '', ''),
(642, 129, 'Magikarp', 2, 15, 3, 1, 1, 'agua', '', ''),
(643, 130, 'Gyarados', 3, 21, 4, 3, 3, 'agua', 'volador', ''),
(644, 130, 'Gyarados', 4, 23, 5, 4, 3, 'agua', 'volador', ''),
(645, 130, 'Gyarados', 5, 25, 6, 4, 3, 'agua', 'volador', ''),
(646, 130, 'Gyarados', 6, 27, 7, 5, 3, 'agua', 'volador', ''),
(647, 130, 'Gyarados', 7, 30, 7, 6, 4, 'agua', 'volador', ''),
(648, 130, 'Gyarados', 8, 33, 8, 6, 4, 'agua', 'volador', ''),
(649, 130, 'Gyarados', 9, 36, 8, 6, 5, 'agua', 'volador', ''),
(650, 130, 'Gyarados', 10, 39, 9, 7, 6, 'agua', 'volador', ''),
(651, 131, 'Lapras', 1, 22, 2, 3, 3, 'agua', 'hielo', ''),
(652, 131, 'Lapras', 2, 24, 3, 3, 3, 'agua', 'hielo', ''),
(653, 131, 'Lapras', 3, 26, 4, 4, 4, 'agua', 'hielo', ''),
(654, 131, 'Lapras', 4, 30, 4, 5, 4, 'agua', 'hielo', ''),
(655, 131, 'Lapras', 5, 33, 5, 5, 4, 'agua', 'hielo', ''),
(656, 131, 'Lapras', 6, 35, 5, 5, 5, 'agua', 'hielo', ''),
(657, 131, 'Lapras', 7, 38, 5, 5, 6, 'agua', 'hielo', ''),
(658, 131, 'Lapras', 8, 40, 5, 6, 6, 'agua', 'hielo', ''),
(659, 131, 'Lapras', 9, 43, 6, 6, 6, 'agua', 'hielo', ''),
(660, 131, 'Lapras', 10, 46, 6, 7, 6, 'agua', 'hielo', ''),
(661, 132, 'Ditto', 1, 9, 2, 2, 3, 'normal', '', ''),
(662, 132, 'Ditto', 2, 10, 3, 3, 3, 'normal', '', ''),
(663, 132, 'Ditto', 3, 12, 4, 3, 3, 'normal', '', ''),
(664, 132, 'Ditto', 4, 14, 4, 4, 3, 'normal', '', ''),
(665, 132, 'Ditto', 5, 15, 4, 4, 4, 'normal', '', ''),
(666, 132, 'Ditto', 6, 18, 4, 5, 4, 'normal', '', ''),
(667, 132, 'Ditto', 7, 21, 5, 5, 4, 'normal', '', ''),
(668, 132, 'Ditto', 8, 24, 5, 5, 4, 'normal', '', ''),
(669, 132, 'Ditto', 9, 27, 5, 5, 5, 'normal', '', ''),
(670, 132, 'Ditto', 10, 30, 6, 6, 6, 'normal', '', ''),
(671, 133, 'Eevee', 1, 10, 2, 3, 2, 'normal', '', ''),
(672, 133, 'Eevee', 2, 12, 3, 3, 2, 'normal', '', ''),
(673, 133, 'Eevee', 3, 15, 3, 3, 3, 'normal', '', ''),
(674, 134, 'Vaporeon', 4, 24, 5, 5, 5, 'agua', '', ''),
(675, 134, 'Vaporeon', 5, 27, 6, 5, 5, 'agua', '', ''),
(676, 134, 'Vaporeon', 6, 31, 6, 6, 5, 'agua', '', ''),
(677, 134, 'Vaporeon', 7, 36, 6, 6, 6, 'agua', '', ''),
(678, 134, 'Vaporeon', 8, 40, 7, 6, 6, 'agua', '', ''),
(679, 134, 'Vaporeon', 9, 44, 7, 7, 6, 'agua', '', ''),
(680, 134, 'Vaporeon', 10, 46, 8, 7, 6, 'agua', '', ''),
(681, 135, 'Jolteon', 4, 16, 5, 4, 6, 'eléctrico', '', ''),
(682, 135, 'Jolteon', 5, 18, 6, 4, 6, 'eléctrico', '', ''),
(683, 135, 'Jolteon', 6, 20, 6, 4, 7, 'eléctrico', '', ''),
(684, 135, 'Jolteon', 7, 24, 6, 5, 7, 'eléctrico', '', ''),
(685, 135, 'Jolteon', 8, 27, 6, 6, 8, 'eléctrico', '', ''),
(686, 135, 'Jolteon', 9, 30, 7, 6, 8, 'eléctrico', '', ''),
(687, 135, 'Jolteon', 10, 33, 7, 6, 9, 'eléctrico', '', ''),
(688, 136, 'Flareon', 4, 16, 5, 4, 4, 'fuego', '', ''),
(689, 136, 'Flareon', 5, 18, 5, 5, 4, 'fuego', '', ''),
(690, 136, 'Flareon', 6, 20, 6, 6, 5, 'fuego', '', ''),
(691, 136, 'Flareon', 7, 24, 6, 7, 6, 'fuego', '', ''),
(692, 136, 'Flareon', 8, 27, 7, 7, 6, 'fuego', '', ''),
(693, 136, 'Flareon', 9, 30, 7, 8, 6, 'fuego', '', ''),
(694, 136, 'Flareon', 10, 33, 8, 8, 6, 'fuego', '', ''),
(695, 137, 'Porygon', 1, 12, 4, 3, 3, 'normal', '', ''),
(696, 137, 'Porygon', 2, 15, 5, 3, 3, 'normal', '', ''),
(697, 137, 'Porygon', 3, 18, 5, 4, 3, 'normal', '', ''),
(698, 137, 'Porygon', 4, 21, 5, 4, 4, 'normal', '', ''),
(699, 137, 'Porygon', 5, 23, 6, 4, 4, 'normal', '', ''),
(700, 137, 'Porygon', 6, 25, 6, 4, 5, 'normal', '', ''),
(701, 137, 'Porygon', 7, 27, 6, 5, 5, 'normal', '', ''),
(702, 137, 'Porygon', 8, 29, 7, 5, 5, 'normal', '', ''),
(703, 137, 'Porygon', 9, 31, 7, 6, 5, 'normal', '', ''),
(704, 137, 'Porygon', 10, 33, 7, 6, 6, 'normal', '', ''),
(705, 138, 'Omanyte', 1, 12, 4, 4, 4, 'roca', 'agua', ''),
(706, 138, 'Omanyte', 2, 15, 5, 4, 4, 'roca', 'agua', ''),
(707, 138, 'Omanyte', 3, 18, 5, 4, 5, 'roca', 'agua', ''),
(708, 138, 'Omanyte', 4, 21, 6, 4, 5, 'roca', 'agua', ''),
(709, 139, 'Omastar', 5, 23, 6, 4, 6, 'roca', 'agua', ''),
(710, 139, 'Omastar', 6, 25, 6, 5, 6, 'roca', 'agua', ''),
(711, 139, 'Omastar', 7, 27, 6, 6, 6, 'roca', 'agua', ''),
(712, 139, 'Omastar', 8, 31, 6, 7, 6, 'roca', 'agua', ''),
(713, 139, 'Omastar', 9, 33, 7, 7, 6, 'roca', 'agua', ''),
(714, 139, 'Omastar', 10, 34, 7, 8, 6, 'roca', 'agua', ''),
(715, 140, 'Kabuto', 1, 12, 4, 3, 2, 'roca', 'agua', ''),
(716, 140, 'Kabuto', 2, 15, 4, 3, 3, 'roca', 'agua', ''),
(717, 140, 'Kabuto', 3, 18, 4, 4, 4, 'roca', 'agua', ''),
(718, 140, 'Kabuto', 4, 20, 5, 4, 4, 'roca', 'agua', ''),
(719, 140, 'Kabuto', 5, 22, 6, 4, 4, 'roca', 'agua', ''),
(720, 141, 'Kabutops', 6, 24, 7, 4, 4, 'roca', 'agua', ''),
(721, 141, 'Kabutops', 7, 26, 7, 5, 4, 'roca', 'agua', ''),
(722, 141, 'Kabutops', 8, 28, 7, 5, 5, 'roca', 'agua', ''),
(723, 141, 'Kabutops', 9, 30, 7, 6, 5, 'roca', 'agua', ''),
(724, 141, 'Kabutops', 10, 32, 7, 6, 6, 'roca', 'agua', ''),
(725, 142, 'Aerodactyl', 1, 16, 3, 3, 4, 'roca', 'volador', ''),
(726, 142, 'Aerodactyl', 2, 18, 4, 3, 5, 'roca', 'volador', ''),
(727, 142, 'Aerodactyl', 3, 20, 4, 4, 6, 'roca', 'volador', ''),
(728, 142, 'Aerodactyl', 4, 22, 4, 5, 6, 'roca', 'volador', ''),
(729, 142, 'Aerodactyl', 5, 25, 5, 5, 6, 'roca', 'volador', ''),
(730, 142, 'Aerodactyl', 6, 27, 5, 5, 7, 'roca', 'volador', ''),
(731, 142, 'Aerodactyl', 7, 30, 6, 5, 7, 'roca', 'volador', ''),
(732, 142, 'Aerodactyl', 8, 32, 7, 5, 7, 'roca', 'volador', ''),
(733, 142, 'Aerodactyl', 9, 34, 7, 5, 8, 'roca', 'volador', ''),
(734, 142, 'Aerodactyl', 10, 36, 7, 5, 9, 'roca', 'volador', ''),
(735, 143, 'Snorlax', 1, 20, 4, 4, 2, 'normal', '', ''),
(736, 143, 'Snorlax', 2, 23, 4, 4, 3, 'normal', '', ''),
(737, 143, 'Snorlax', 3, 25, 5, 4, 3, 'normal', '', ''),
(738, 143, 'Snorlax', 4, 29, 5, 4, 4, 'normal', '', ''),
(739, 143, 'Snorlax', 5, 33, 5, 5, 4, 'normal', '', ''),
(740, 143, 'Snorlax', 6, 37, 6, 5, 4, 'normal', '', ''),
(741, 143, 'Snorlax', 7, 40, 7, 5, 4, 'normal', '', ''),
(742, 143, 'Snorlax', 8, 44, 7, 6, 4, 'normal', '', ''),
(743, 143, 'Snorlax', 9, 48, 8, 6, 4, 'normal', '', ''),
(744, 143, 'Snorlax', 10, 52, 8, 7, 4, 'normal', '', ''),
(745, 144, 'Articuno', 8, 34, 6, 8, 7, 'hielo', 'volador', ''),
(746, 144, 'Articuno', 9, 36, 7, 8, 7, 'hielo', 'volador', ''),
(747, 144, 'Articuno', 10, 38, 7, 9, 7, 'hielo', 'volador', ''),
(748, 145, 'Zapdos', 8, 34, 8, 6, 7, 'eléctrico', 'volador', ''),
(749, 145, 'Zapdos', 9, 36, 8, 7, 7, 'eléctrico', 'volador', ''),
(750, 145, 'Zapdos', 10, 34, 8, 7, 8, 'eléctrico', 'volador', ''),
(751, 146, 'Moltres', 8, 34, 8, 6, 7, 'fuego', 'volador', ''),
(752, 146, 'Moltres', 9, 36, 8, 6, 7, 'fuego', 'volador', ''),
(753, 146, 'Moltres', 10, 38, 9, 7, 7, 'fuego', 'volador', ''),
(754, 147, 'Dratini', 1, 16, 3, 2, 2, 'dragón', '', ''),
(755, 147, 'Dratini', 2, 18, 3, 2, 3, 'dragón', '', ''),
(756, 147, 'Dratini', 3, 20, 3, 3, 3, 'dragón', '', ''),
(757, 148, 'Dragonair', 4, 23, 4, 4, 4, 'dragón', '', ''),
(758, 148, 'Dragonair', 5, 25, 5, 4, 4, 'dragón', '', ''),
(759, 149, 'Dragonite', 6, 30, 7, 6, 6, 'dragón', 'volador', ''),
(760, 149, 'Dragonite', 7, 32, 7, 7, 6, 'dragón', 'volador', ''),
(761, 149, 'Dragonite', 8, 34, 8, 7, 6, 'dragón', 'volador', ''),
(762, 149, 'Dragonite', 9, 36, 9, 7, 6, 'dragón', 'volador', ''),
(763, 149, 'Dragonite', 10, 38, 9, 7, 7, 'dragón', 'volador', ''),
(764, 150, 'Mewtwo', 8, 37, 8, 7, 8, 'psíquico', '', ''),
(765, 150, 'Mewtwo', 9, 39, 9, 7, 8, 'psíquico', '', ''),
(766, 150, 'Mewtwo', 10, 41, 10, 7, 9, 'psíquico', '', ''),
(767, 151, 'Mew', 8, 36, 7, 7, 7, 'psíquico', '', ''),
(768, 151, 'Mew', 9, 38, 8, 8, 8, 'psíquico', '', ''),
(769, 151, 'Mew', 10, 40, 9, 9, 9, 'psíquico', '', '');

-- --------------------------------------------------------

--
-- Estructura de tabla para la tabla `pokemonataques`
--

CREATE TABLE IF NOT EXISTS `pokemonataques` (
  `clavePoke` int(4) NOT NULL DEFAULT '0',
  `claveAtaq` int(4) NOT NULL DEFAULT '0'
) ENGINE=InnoDB DEFAULT CHARSET=latin1;

--
-- Volcado de datos para la tabla `pokemonataques`
--

INSERT INTO `pokemonataques` (`clavePoke`, `claveAtaq`) VALUES
(21, 1),
(22, 1),
(23, 1),
(24, 1),
(25, 1),
(26, 1),
(27, 1),
(28, 1),
(29, 1),
(30, 1),
(221, 1),
(222, 1),
(223, 1),
(224, 1),
(225, 1),
(226, 1),
(227, 1),
(228, 1),
(229, 1),
(230, 1),
(251, 1),
(252, 1),
(253, 1),
(254, 1),
(255, 1),
(256, 1),
(257, 1),
(258, 1),
(259, 1),
(260, 1),
(291, 1),
(292, 1),
(293, 1),
(294, 1),
(295, 1),
(296, 1),
(297, 1),
(298, 1),
(299, 1),
(300, 1),
(321, 1),
(322, 1),
(323, 1),
(324, 1),
(325, 1),
(326, 1),
(327, 1),
(328, 1),
(329, 1),
(330, 1),
(361, 1),
(362, 1),
(363, 1),
(364, 1),
(365, 1),
(366, 1),
(367, 1),
(368, 1),
(369, 1),
(370, 1),
(21, 2),
(22, 2),
(23, 2),
(24, 2),
(25, 2),
(26, 2),
(27, 2),
(28, 2),
(29, 2),
(30, 2),
(221, 2),
(222, 2),
(223, 2),
(224, 2),
(225, 2),
(226, 2),
(227, 2),
(228, 2),
(229, 2),
(230, 2),
(251, 2),
(252, 2),
(253, 2),
(254, 2),
(255, 2),
(256, 2),
(257, 2),
(258, 2),
(259, 2),
(260, 2),
(291, 2),
(292, 2),
(293, 2),
(294, 2),
(295, 2),
(296, 2),
(297, 2),
(298, 2),
(299, 2),
(300, 2),
(321, 2),
(322, 2),
(323, 2),
(324, 2),
(325, 2),
(326, 2),
(327, 2),
(328, 2),
(329, 2),
(330, 2),
(361, 2),
(362, 2),
(363, 2),
(364, 2),
(365, 2),
(366, 2),
(367, 2),
(368, 2),
(369, 2),
(370, 2),
(21, 3),
(22, 3),
(23, 3),
(24, 3),
(25, 3),
(26, 3),
(27, 3),
(28, 3),
(29, 3),
(30, 3),
(221, 3),
(222, 3),
(223, 3),
(224, 3),
(225, 3),
(226, 3),
(227, 3),
(228, 3),
(229, 3),
(230, 3),
(251, 3),
(252, 3),
(253, 3),
(254, 3),
(255, 3),
(256, 3),
(257, 3),
(258, 3),
(259, 3),
(260, 3),
(291, 3),
(292, 3),
(293, 3),
(294, 3),
(295, 3),
(296, 3),
(297, 3),
(298, 3),
(299, 3),
(300, 3),
(321, 3),
(322, 3),
(323, 3),
(324, 3),
(325, 3),
(326, 3),
(327, 3),
(328, 3),
(329, 3),
(330, 3),
(361, 3),
(362, 3),
(363, 3),
(364, 3),
(365, 3),
(366, 3),
(367, 3),
(368, 3),
(369, 3),
(370, 3),
(21, 4),
(22, 4),
(23, 4),
(24, 4),
(25, 4),
(26, 4),
(27, 4),
(28, 4),
(29, 4),
(30, 4),
(221, 4),
(222, 4),
(223, 4),
(224, 4),
(225, 4),
(226, 4),
(227, 4),
(228, 4),
(229, 4),
(230, 4),
(251, 4),
(252, 4),
(253, 4),
(254, 4),
(255, 4),
(256, 4),
(257, 4),
(258, 4),
(259, 4),
(260, 4),
(291, 4),
(292, 4),
(293, 4),
(294, 4),
(295, 4),
(296, 4),
(297, 4),
(298, 4),
(299, 4),
(300, 4),
(321, 4),
(322, 4),
(323, 4),
(324, 4),
(325, 4),
(326, 4),
(327, 4),
(328, 4),
(329, 4),
(330, 4),
(361, 4),
(362, 4),
(363, 4),
(364, 4),
(365, 4),
(366, 4),
(367, 4),
(368, 4),
(369, 4),
(370, 4),
(21, 5),
(22, 5),
(23, 5),
(24, 5),
(25, 5),
(26, 5),
(27, 5),
(28, 5),
(29, 5),
(30, 5),
(221, 5),
(222, 5),
(223, 5),
(224, 5),
(225, 5),
(226, 5),
(227, 5),
(228, 5),
(229, 5),
(230, 5),
(251, 5),
(252, 5),
(253, 5),
(254, 5),
(255, 5),
(256, 5),
(257, 5),
(258, 5),
(259, 5),
(260, 5),
(291, 5),
(292, 5),
(293, 5),
(294, 5),
(295, 5),
(296, 5),
(297, 5),
(298, 5),
(299, 5),
(300, 5),
(321, 5),
(322, 5),
(323, 5),
(324, 5),
(325, 5),
(326, 5),
(327, 5),
(328, 5),
(329, 5),
(330, 5),
(361, 5),
(362, 5),
(363, 5),
(364, 5),
(365, 5),
(366, 5),
(367, 5),
(368, 5),
(369, 5),
(370, 5),
(31, 6),
(32, 6),
(33, 6),
(34, 6),
(35, 6),
(36, 6),
(37, 6),
(38, 6),
(39, 6),
(40, 6),
(41, 6),
(42, 6),
(43, 6),
(44, 6),
(45, 6),
(46, 6),
(47, 6),
(48, 6),
(49, 6),
(50, 6),
(181, 6),
(182, 6),
(183, 6),
(184, 6),
(185, 6),
(186, 6),
(187, 6),
(188, 6),
(189, 6),
(190, 6),
(191, 6),
(192, 6),
(193, 6),
(194, 6),
(195, 6),
(196, 6),
(197, 6),
(198, 6),
(199, 6),
(200, 6),
(31, 7),
(32, 7),
(33, 7),
(34, 7),
(35, 7),
(36, 7),
(37, 7),
(38, 7),
(39, 7),
(40, 7),
(41, 7),
(42, 7),
(43, 7),
(44, 7),
(45, 7),
(46, 7),
(47, 7),
(48, 7),
(49, 7),
(50, 7),
(181, 7),
(182, 7),
(183, 7),
(184, 7),
(185, 7),
(186, 7),
(187, 7),
(188, 7),
(189, 7),
(190, 7),
(191, 7),
(192, 7),
(193, 7),
(194, 7),
(195, 7),
(196, 7),
(197, 7),
(198, 7),
(199, 7),
(200, 7),
(31, 8),
(32, 8),
(33, 8),
(34, 8),
(35, 8),
(36, 8),
(37, 8),
(38, 8),
(39, 8),
(40, 8),
(41, 8),
(42, 8),
(43, 8),
(44, 8),
(45, 8),
(46, 8),
(47, 8),
(48, 8),
(49, 8),
(50, 8),
(181, 8),
(182, 8),
(183, 8),
(184, 8),
(185, 8),
(186, 8),
(187, 8),
(188, 8),
(189, 8),
(190, 8),
(191, 8),
(192, 8),
(193, 8),
(194, 8),
(195, 8),
(196, 8),
(197, 8),
(198, 8),
(199, 8),
(200, 8),
(31, 9),
(32, 9),
(33, 9),
(34, 9),
(35, 9),
(36, 9),
(37, 9),
(38, 9),
(39, 9),
(40, 9),
(41, 9),
(42, 9),
(43, 9),
(44, 9),
(45, 9),
(46, 9),
(47, 9),
(48, 9),
(49, 9),
(50, 9),
(181, 9),
(182, 9),
(183, 9),
(184, 9),
(185, 9),
(186, 9),
(187, 9),
(188, 9),
(189, 9),
(190, 9),
(191, 9),
(192, 9),
(193, 9),
(194, 9),
(195, 9),
(196, 9),
(197, 9),
(198, 9),
(199, 9),
(200, 9),
(81, 10),
(82, 10),
(83, 10),
(84, 10),
(85, 10),
(86, 10),
(87, 10),
(88, 10),
(89, 10),
(90, 10),
(91, 10),
(92, 10),
(93, 10),
(94, 10),
(95, 10),
(96, 10),
(97, 10),
(98, 10),
(99, 10),
(100, 10),
(331, 10),
(332, 10),
(333, 10),
(334, 10),
(335, 10),
(336, 10),
(337, 10),
(338, 10),
(339, 10),
(340, 10),
(81, 11),
(82, 11),
(83, 11),
(84, 11),
(85, 11),
(86, 11),
(87, 11),
(88, 11),
(89, 11),
(90, 11),
(91, 11),
(92, 11),
(93, 11),
(94, 11),
(95, 11),
(96, 11),
(97, 11),
(98, 11),
(99, 11),
(100, 11),
(331, 11),
(332, 11),
(333, 11),
(334, 11),
(335, 11),
(336, 11),
(337, 11),
(338, 11),
(339, 11),
(340, 11),
(81, 12),
(82, 12),
(83, 12),
(84, 12),
(85, 12),
(86, 12),
(87, 12),
(88, 12),
(89, 12),
(90, 12),
(91, 12),
(92, 12),
(93, 12),
(94, 12),
(95, 12),
(96, 12),
(97, 12),
(98, 12),
(99, 12),
(100, 12),
(81, 13),
(82, 13),
(83, 13),
(84, 13),
(85, 13),
(86, 13),
(87, 13),
(88, 13),
(89, 13),
(90, 13),
(91, 13),
(92, 13),
(93, 13),
(94, 13),
(95, 13),
(96, 13),
(97, 13),
(98, 13),
(99, 13),
(100, 13),
(331, 13),
(332, 13),
(333, 13),
(334, 13),
(335, 13),
(336, 13),
(337, 13),
(338, 13),
(339, 13),
(340, 13),
(81, 14),
(82, 14),
(83, 14),
(84, 14),
(85, 14),
(86, 14),
(87, 14),
(88, 14),
(89, 14),
(90, 14),
(91, 14),
(92, 14),
(93, 14),
(94, 14),
(95, 14),
(96, 14),
(97, 14),
(98, 14),
(99, 14),
(100, 14),
(331, 14),
(332, 14),
(333, 14),
(334, 14),
(335, 14),
(336, 14),
(337, 14),
(338, 14),
(339, 14),
(340, 14),
(11, 18),
(12, 18),
(13, 18),
(14, 18),
(15, 18),
(16, 18),
(17, 18),
(18, 18),
(19, 18),
(20, 18),
(141, 18),
(142, 18),
(143, 18),
(144, 18),
(145, 18),
(146, 18),
(147, 18),
(148, 18),
(149, 18),
(150, 18),
(241, 18),
(242, 18),
(243, 18),
(244, 18),
(245, 18),
(246, 18),
(247, 18),
(248, 18),
(249, 18),
(250, 18),
(311, 18),
(312, 18),
(313, 18),
(314, 18),
(315, 18),
(316, 18),
(317, 18),
(318, 18),
(319, 18),
(320, 18),
(11, 19),
(12, 19),
(13, 19),
(14, 19),
(15, 19),
(16, 19),
(17, 19),
(18, 19),
(19, 19),
(20, 19),
(141, 19),
(142, 19),
(143, 19),
(144, 19),
(145, 19),
(146, 19),
(147, 19),
(148, 19),
(149, 19),
(150, 19),
(241, 19),
(242, 19),
(243, 19),
(244, 19),
(245, 19),
(246, 19),
(247, 19),
(248, 19),
(249, 19),
(250, 19),
(311, 19),
(312, 19),
(313, 19),
(314, 19),
(315, 19),
(316, 19),
(317, 19),
(318, 19),
(319, 19),
(320, 19),
(11, 20),
(12, 20),
(13, 20),
(14, 20),
(15, 20),
(16, 20),
(17, 20),
(18, 20),
(19, 20),
(20, 20),
(141, 20),
(142, 20),
(143, 20),
(144, 20),
(145, 20),
(146, 20),
(147, 20),
(148, 20),
(149, 20),
(150, 20),
(241, 20),
(242, 20),
(243, 20),
(244, 20),
(245, 20),
(246, 20),
(247, 20),
(248, 20),
(249, 20),
(250, 20),
(311, 20),
(312, 20),
(313, 20),
(314, 20),
(315, 20),
(316, 20),
(317, 20),
(318, 20),
(319, 20),
(320, 20),
(11, 21),
(12, 21),
(13, 21),
(14, 21),
(15, 21),
(16, 21),
(17, 21),
(18, 21),
(19, 21),
(20, 21),
(141, 21),
(142, 21),
(143, 21),
(144, 21),
(145, 21),
(146, 21),
(147, 21),
(148, 21),
(149, 21),
(150, 21),
(241, 21),
(242, 21),
(243, 21),
(244, 21),
(245, 21),
(246, 21),
(247, 21),
(248, 21),
(249, 21),
(250, 21),
(311, 21),
(312, 21),
(313, 21),
(314, 21),
(315, 21),
(316, 21),
(317, 21),
(318, 21),
(319, 21),
(320, 21),
(11, 22),
(12, 22),
(13, 22),
(14, 22),
(15, 22),
(16, 22),
(17, 22),
(18, 22),
(19, 22),
(20, 22),
(361, 23),
(362, 23),
(363, 23),
(364, 23),
(365, 23),
(366, 23),
(367, 23),
(368, 23),
(369, 23),
(370, 23),
(256, 24),
(257, 24),
(258, 24),
(259, 24),
(260, 24),
(361, 25),
(362, 25),
(363, 25),
(364, 25),
(365, 25),
(366, 25),
(367, 25),
(368, 25),
(369, 25),
(370, 25),
(361, 26),
(362, 26),
(363, 26),
(364, 26),
(365, 26),
(366, 26),
(367, 26),
(368, 26),
(369, 26),
(370, 26),
(361, 27),
(362, 27),
(363, 27),
(364, 27),
(365, 27),
(366, 27),
(367, 27),
(368, 27),
(369, 27),
(370, 27),
(231, 28),
(232, 28),
(233, 28),
(234, 28),
(235, 28),
(236, 28),
(237, 28),
(238, 28),
(239, 28),
(240, 28),
(256, 28),
(257, 28),
(258, 28),
(259, 28),
(260, 28),
(271, 28),
(272, 28),
(273, 28),
(274, 28),
(275, 28),
(276, 28),
(277, 28),
(278, 28),
(279, 28),
(280, 28),
(231, 29),
(232, 29),
(233, 29),
(234, 29),
(235, 29),
(236, 29),
(237, 29),
(238, 29),
(239, 29),
(240, 29),
(256, 29),
(257, 29),
(258, 29),
(259, 29),
(260, 29),
(271, 29),
(272, 29),
(273, 29),
(274, 29),
(275, 29),
(276, 29),
(277, 29),
(278, 29),
(279, 29),
(280, 29),
(231, 30),
(232, 30),
(233, 30),
(234, 30),
(235, 30),
(236, 30),
(237, 30),
(238, 30),
(239, 30),
(240, 30),
(256, 30),
(257, 30),
(258, 30),
(259, 30),
(260, 30),
(271, 30),
(272, 30),
(273, 30),
(274, 30),
(275, 30),
(276, 30),
(277, 30),
(278, 30),
(279, 30),
(280, 30),
(231, 31),
(232, 31),
(233, 31),
(234, 31),
(235, 31),
(236, 31),
(237, 31),
(238, 31),
(239, 31),
(240, 31),
(256, 31),
(257, 31),
(258, 31),
(259, 31),
(260, 31),
(271, 31),
(272, 31),
(273, 31),
(274, 31),
(275, 31),
(276, 31),
(277, 31),
(278, 31),
(279, 31),
(280, 31),
(231, 32),
(232, 32),
(233, 32),
(234, 32),
(235, 32),
(236, 32),
(237, 32),
(238, 32),
(239, 32),
(240, 32),
(256, 32),
(257, 32),
(258, 32),
(259, 32),
(260, 32),
(271, 32),
(272, 32),
(273, 32),
(274, 32),
(275, 32),
(276, 32),
(277, 32),
(278, 32),
(279, 32),
(280, 32),
(1, 33),
(2, 33),
(3, 33),
(4, 33),
(5, 33),
(6, 33),
(7, 33),
(8, 33),
(9, 33),
(10, 33),
(11, 33),
(12, 33),
(13, 33),
(14, 33),
(15, 33),
(16, 33),
(17, 33),
(18, 33),
(19, 33),
(20, 33),
(21, 33),
(22, 33),
(23, 33),
(24, 33),
(25, 33),
(26, 33),
(27, 33),
(28, 33),
(29, 33),
(30, 33),
(31, 33),
(32, 33),
(33, 33),
(34, 33),
(35, 33),
(36, 33),
(37, 33),
(38, 33),
(39, 33),
(40, 33),
(41, 33),
(42, 33),
(43, 33),
(44, 33),
(45, 33),
(46, 33),
(47, 33),
(48, 33),
(49, 33),
(50, 33),
(51, 33),
(52, 33),
(53, 33),
(54, 33),
(55, 33),
(56, 33),
(57, 33),
(58, 33),
(59, 33),
(60, 33),
(61, 33),
(62, 33),
(63, 33),
(64, 33),
(65, 33),
(66, 33),
(67, 33),
(68, 33),
(69, 33),
(70, 33),
(71, 33),
(72, 33),
(73, 33),
(74, 33),
(75, 33),
(76, 33),
(77, 33),
(78, 33),
(79, 33),
(80, 33),
(81, 33),
(82, 33),
(83, 33),
(84, 33),
(85, 33),
(86, 33),
(87, 33),
(88, 33),
(89, 33),
(90, 33),
(91, 33),
(95, 33),
(96, 33),
(97, 33),
(98, 33),
(99, 33),
(100, 33),
(101, 33),
(102, 33),
(103, 33),
(104, 33),
(105, 33),
(106, 33),
(107, 33),
(108, 33),
(109, 33),
(110, 33),
(111, 33),
(112, 33),
(113, 33),
(114, 33),
(115, 33),
(116, 33),
(117, 33),
(118, 33),
(119, 33),
(120, 33),
(121, 33),
(122, 33),
(123, 33),
(124, 33),
(125, 33),
(126, 33),
(127, 33),
(128, 33),
(129, 33),
(130, 33),
(131, 33),
(132, 33),
(133, 33),
(134, 33),
(135, 33),
(136, 33),
(137, 33),
(138, 33),
(139, 33),
(140, 33),
(141, 33),
(142, 33),
(143, 33),
(144, 33),
(145, 33),
(146, 33),
(147, 33),
(148, 33),
(149, 33),
(150, 33),
(151, 33),
(1, 34),
(2, 34),
(3, 34),
(4, 34),
(5, 34),
(6, 34),
(7, 34),
(8, 34),
(9, 34),
(10, 34),
(11, 34),
(12, 34),
(13, 34),
(14, 34),
(15, 34),
(16, 34),
(17, 34),
(18, 34),
(19, 34),
(20, 34),
(21, 34),
(22, 34),
(23, 34),
(24, 34),
(25, 34),
(26, 34),
(27, 34),
(28, 34),
(29, 34),
(30, 34),
(31, 34),
(32, 34),
(33, 34),
(34, 34),
(35, 34),
(36, 34),
(37, 34),
(38, 34),
(39, 34),
(40, 34),
(41, 34),
(42, 34),
(43, 34),
(44, 34),
(45, 34),
(46, 34),
(47, 34),
(48, 34),
(49, 34),
(50, 34),
(51, 34),
(52, 34),
(53, 34),
(54, 34),
(55, 34),
(56, 34),
(57, 34),
(58, 34),
(59, 34),
(60, 34),
(61, 34),
(62, 34),
(63, 34),
(64, 34),
(65, 34),
(66, 34),
(67, 34),
(68, 34),
(69, 34),
(70, 34),
(71, 34),
(72, 34),
(73, 34),
(74, 34),
(75, 34),
(76, 34),
(77, 34),
(78, 34),
(79, 34),
(80, 34),
(81, 34),
(82, 34),
(83, 34),
(84, 34),
(85, 34),
(86, 34),
(87, 34),
(88, 34),
(89, 34),
(90, 34),
(91, 34),
(95, 34),
(96, 34),
(97, 34),
(98, 34),
(99, 34),
(100, 34),
(101, 34),
(102, 34),
(103, 34),
(104, 34),
(105, 34),
(106, 34),
(107, 34),
(108, 34),
(109, 34),
(110, 34),
(111, 34),
(112, 34),
(113, 34),
(114, 34),
(115, 34),
(116, 34),
(117, 34),
(118, 34),
(119, 34),
(120, 34),
(121, 34),
(122, 34),
(123, 34),
(124, 34),
(125, 34),
(126, 34),
(127, 34),
(128, 34),
(129, 34),
(130, 34),
(131, 34),
(132, 34),
(133, 34),
(134, 34),
(135, 34),
(136, 34),
(137, 34),
(138, 34),
(139, 34),
(140, 34),
(141, 34),
(142, 34),
(143, 34),
(144, 34),
(145, 34),
(146, 34),
(147, 34),
(148, 34),
(149, 34),
(150, 34),
(151, 34),
(1, 35),
(2, 35),
(3, 35),
(4, 35),
(5, 35),
(6, 35),
(7, 35),
(8, 35),
(9, 35),
(10, 35),
(11, 35),
(12, 35),
(13, 35),
(14, 35),
(15, 35),
(16, 35),
(17, 35),
(18, 35),
(19, 35),
(20, 35),
(21, 35),
(22, 35),
(23, 35),
(24, 35),
(25, 35),
(26, 35),
(27, 35),
(28, 35),
(29, 35),
(30, 35),
(31, 35),
(32, 35),
(33, 35),
(34, 35),
(35, 35),
(36, 35),
(37, 35),
(38, 35),
(39, 35),
(40, 35),
(41, 35),
(42, 35),
(43, 35),
(44, 35),
(45, 35),
(46, 35),
(47, 35),
(48, 35),
(49, 35),
(50, 35),
(51, 35),
(52, 35),
(53, 35),
(54, 35),
(55, 35),
(56, 35),
(57, 35),
(58, 35),
(59, 35),
(60, 35),
(61, 35),
(62, 35),
(63, 35),
(64, 35),
(65, 35),
(66, 35),
(67, 35),
(68, 35),
(69, 35),
(70, 35),
(71, 35),
(72, 35),
(73, 35),
(74, 35),
(75, 35),
(76, 35),
(77, 35),
(78, 35),
(79, 35),
(80, 35),
(81, 35),
(82, 35),
(83, 35),
(84, 35),
(85, 35),
(86, 35),
(87, 35),
(88, 35),
(89, 35),
(90, 35),
(91, 35),
(95, 35),
(96, 35),
(97, 35),
(98, 35),
(99, 35),
(100, 35),
(101, 35),
(102, 35),
(103, 35),
(104, 35),
(105, 35),
(106, 35),
(107, 35),
(108, 35),
(109, 35),
(110, 35),
(111, 35),
(112, 35),
(113, 35),
(114, 35),
(115, 35),
(116, 35),
(117, 35),
(118, 35),
(119, 35),
(120, 35),
(121, 35),
(122, 35),
(123, 35),
(124, 35),
(125, 35),
(126, 35),
(127, 35),
(128, 35),
(129, 35),
(130, 35),
(131, 35),
(132, 35),
(133, 35),
(134, 35),
(135, 35),
(136, 35),
(137, 35),
(138, 35),
(139, 35),
(140, 35),
(141, 35),
(142, 35),
(143, 35),
(144, 35),
(145, 35),
(146, 35),
(147, 35),
(148, 35),
(149, 35),
(150, 35),
(151, 35),
(1, 36),
(2, 36),
(3, 36),
(4, 36),
(5, 36),
(6, 36),
(7, 36),
(8, 36),
(9, 36),
(10, 36),
(11, 36),
(12, 36),
(13, 36),
(14, 36),
(15, 36),
(16, 36),
(17, 36),
(18, 36),
(19, 36),
(20, 36),
(21, 36),
(22, 36),
(23, 36),
(24, 36),
(25, 36),
(26, 36),
(27, 36),
(28, 36),
(29, 36),
(30, 36),
(31, 36),
(32, 36),
(33, 36),
(34, 36),
(35, 36),
(36, 36),
(37, 36),
(38, 36),
(39, 36),
(40, 36),
(41, 36),
(42, 36),
(43, 36),
(44, 36),
(45, 36),
(46, 36),
(47, 36),
(48, 36),
(49, 36),
(50, 36),
(51, 36),
(52, 36),
(53, 36),
(54, 36),
(55, 36),
(56, 36),
(57, 36),
(58, 36),
(59, 36),
(60, 36),
(61, 36),
(62, 36),
(63, 36),
(64, 36),
(65, 36),
(66, 36),
(67, 36),
(68, 36),
(69, 36),
(70, 36),
(71, 36),
(72, 36),
(73, 36),
(74, 36),
(75, 36),
(76, 36),
(77, 36),
(78, 36),
(79, 36),
(80, 36),
(81, 36),
(82, 36),
(83, 36),
(84, 36),
(85, 36),
(86, 36),
(87, 36),
(88, 36),
(89, 36),
(90, 36),
(91, 36),
(95, 36),
(96, 36),
(97, 36),
(98, 36),
(99, 36),
(100, 36),
(101, 36),
(102, 36),
(103, 36),
(104, 36),
(105, 36),
(106, 36),
(107, 36),
(108, 36),
(109, 36),
(110, 36),
(111, 36),
(112, 36),
(113, 36),
(114, 36),
(115, 36),
(116, 36),
(117, 36),
(118, 36),
(119, 36),
(120, 36),
(121, 36),
(122, 36),
(123, 36),
(124, 36),
(125, 36),
(126, 36),
(127, 36),
(128, 36),
(129, 36),
(130, 36),
(131, 36),
(132, 36),
(133, 36),
(134, 36),
(135, 36),
(136, 36),
(137, 36),
(138, 36),
(139, 36),
(140, 36),
(141, 36),
(142, 36),
(143, 36),
(144, 36),
(145, 36),
(146, 36),
(147, 36),
(148, 36),
(149, 36),
(150, 36),
(151, 36),
(1, 37),
(2, 37),
(3, 37),
(4, 37),
(5, 37),
(6, 37),
(7, 37),
(8, 37),
(9, 37),
(10, 37),
(11, 37),
(12, 37),
(13, 37),
(14, 37),
(15, 37),
(16, 37),
(17, 37),
(18, 37),
(19, 37),
(20, 37),
(21, 37),
(22, 37),
(23, 37),
(24, 37),
(25, 37),
(26, 37),
(27, 37),
(28, 37),
(29, 37),
(30, 37),
(31, 37),
(32, 37),
(33, 37),
(34, 37),
(35, 37),
(36, 37),
(37, 37),
(38, 37),
(39, 37),
(40, 37),
(41, 37),
(42, 37),
(43, 37),
(44, 37),
(45, 37),
(46, 37),
(47, 37),
(48, 37),
(49, 37),
(50, 37),
(51, 37),
(52, 37),
(53, 37),
(54, 37),
(55, 37),
(56, 37),
(57, 37),
(58, 37),
(59, 37),
(60, 37),
(61, 37),
(62, 37),
(63, 37),
(64, 37),
(65, 37),
(66, 37),
(67, 37),
(68, 37),
(69, 37),
(70, 37),
(71, 37),
(72, 37),
(73, 37),
(74, 37),
(75, 37),
(76, 37),
(77, 37),
(78, 37),
(79, 37),
(80, 37),
(81, 37),
(82, 37),
(83, 37),
(84, 37),
(85, 37),
(86, 37),
(87, 37),
(88, 37),
(89, 37),
(90, 37),
(91, 37),
(95, 37),
(96, 37),
(97, 37),
(98, 37),
(99, 37),
(100, 37),
(101, 37),
(102, 37),
(103, 37),
(104, 37),
(105, 37),
(106, 37),
(107, 37),
(108, 37),
(109, 37),
(110, 37),
(111, 37),
(112, 37),
(113, 37),
(114, 37),
(115, 37),
(116, 37),
(117, 37),
(118, 37),
(119, 37),
(120, 37),
(121, 37),
(122, 37),
(123, 37),
(124, 37),
(125, 37),
(126, 37),
(127, 37),
(128, 37),
(129, 37),
(130, 37),
(131, 37),
(132, 37),
(133, 37),
(134, 37),
(135, 37),
(136, 37),
(137, 37),
(138, 37),
(139, 37),
(140, 37),
(141, 37),
(142, 37),
(143, 37),
(144, 37),
(145, 37),
(146, 37),
(147, 37),
(148, 37),
(149, 37),
(150, 37),
(151, 37),
(1, 38),
(2, 38),
(3, 38),
(4, 38),
(5, 38),
(6, 38),
(7, 38),
(8, 38),
(9, 38),
(10, 38),
(11, 38),
(12, 38),
(13, 38),
(14, 38),
(15, 38),
(16, 38),
(17, 38),
(18, 38),
(19, 38),
(20, 38),
(21, 38),
(22, 38),
(23, 38),
(24, 38),
(25, 38),
(26, 38),
(27, 38),
(28, 38),
(29, 38),
(30, 38),
(31, 38),
(32, 38),
(33, 38),
(34, 38),
(35, 38),
(36, 38),
(37, 38),
(38, 38),
(39, 38),
(40, 38),
(41, 38),
(42, 38),
(43, 38),
(44, 38),
(45, 38),
(46, 38),
(47, 38),
(48, 38),
(49, 38),
(50, 38),
(51, 38),
(52, 38),
(53, 38),
(54, 38),
(55, 38),
(56, 38),
(57, 38),
(58, 38),
(59, 38),
(60, 38),
(61, 38),
(62, 38),
(63, 38),
(64, 38),
(65, 38),
(66, 38),
(67, 38),
(68, 38),
(69, 38),
(70, 38),
(71, 38),
(72, 38),
(73, 38),
(74, 38),
(75, 38),
(76, 38),
(77, 38),
(78, 38),
(79, 38),
(80, 38),
(81, 38),
(82, 38),
(83, 38),
(84, 38),
(85, 38),
(86, 38),
(87, 38),
(88, 38),
(89, 38),
(90, 38),
(91, 38),
(95, 38),
(96, 38),
(97, 38),
(98, 38),
(99, 38),
(100, 38),
(101, 38),
(102, 38),
(103, 38),
(104, 38),
(105, 38),
(106, 38),
(107, 38),
(108, 38),
(109, 38),
(110, 38),
(111, 38),
(112, 38),
(113, 38),
(114, 38),
(115, 38),
(116, 38),
(117, 38),
(118, 38),
(119, 38),
(120, 38),
(121, 38),
(122, 38),
(123, 38),
(124, 38),
(125, 38),
(126, 38),
(127, 38),
(128, 38),
(129, 38),
(130, 38),
(131, 38),
(132, 38),
(133, 38),
(134, 38),
(135, 38),
(136, 38),
(137, 38),
(138, 38),
(139, 38),
(140, 38),
(141, 38),
(142, 38),
(143, 38),
(144, 38),
(145, 38),
(146, 38),
(147, 38),
(148, 38),
(149, 38),
(150, 38),
(151, 38),
(1, 39),
(2, 39),
(3, 39),
(4, 39),
(5, 39),
(6, 39),
(7, 39),
(8, 39),
(9, 39),
(10, 39),
(11, 39),
(12, 39),
(13, 39),
(14, 39),
(15, 39),
(16, 39),
(17, 39),
(18, 39),
(19, 39),
(20, 39),
(21, 39),
(22, 39),
(23, 39),
(24, 39),
(25, 39),
(26, 39),
(27, 39),
(28, 39),
(29, 39),
(30, 39),
(31, 39),
(32, 39),
(33, 39),
(34, 39),
(35, 39),
(36, 39),
(37, 39),
(38, 39),
(39, 39),
(40, 39),
(41, 39),
(42, 39),
(43, 39),
(44, 39),
(45, 39),
(46, 39),
(47, 39),
(48, 39),
(49, 39),
(50, 39),
(51, 39),
(52, 39),
(53, 39),
(54, 39),
(55, 39),
(56, 39),
(57, 39),
(58, 39),
(59, 39),
(60, 39),
(61, 39),
(62, 39),
(63, 39),
(64, 39),
(65, 39),
(66, 39),
(67, 39),
(68, 39),
(69, 39),
(70, 39),
(71, 39),
(72, 39),
(73, 39),
(74, 39),
(75, 39),
(76, 39),
(77, 39),
(78, 39),
(79, 39),
(80, 39),
(81, 39),
(82, 39),
(83, 39),
(84, 39),
(85, 39),
(86, 39),
(87, 39),
(88, 39),
(89, 39),
(90, 39),
(91, 39),
(95, 39),
(96, 39),
(97, 39),
(98, 39),
(99, 39),
(100, 39),
(101, 39),
(102, 39),
(103, 39),
(104, 39),
(105, 39),
(106, 39),
(107, 39),
(108, 39),
(109, 39),
(110, 39),
(111, 39),
(112, 39),
(113, 39),
(114, 39),
(115, 39),
(116, 39),
(117, 39),
(118, 39),
(119, 39),
(120, 39),
(121, 39),
(122, 39),
(123, 39),
(124, 39),
(125, 39),
(126, 39),
(127, 39),
(128, 39),
(129, 39),
(130, 39),
(131, 39),
(132, 39),
(133, 39),
(134, 39),
(135, 39),
(136, 39),
(137, 39),
(138, 39),
(139, 39),
(140, 39),
(141, 39),
(142, 39),
(143, 39),
(144, 39),
(145, 39),
(146, 39),
(147, 39),
(148, 39),
(149, 39),
(150, 39),
(151, 39),
(1, 40),
(2, 40),
(3, 40),
(4, 40),
(5, 40),
(6, 40),
(7, 40),
(8, 40),
(9, 40),
(10, 40),
(11, 40),
(12, 40),
(13, 40),
(14, 40),
(15, 40),
(16, 40),
(17, 40),
(18, 40),
(19, 40),
(20, 40),
(21, 40),
(22, 40),
(23, 40),
(24, 40),
(25, 40),
(26, 40),
(27, 40),
(28, 40),
(29, 40),
(30, 40),
(31, 40),
(32, 40),
(33, 40),
(34, 40),
(35, 40),
(36, 40),
(37, 40),
(38, 40),
(39, 40),
(40, 40),
(41, 40),
(42, 40),
(43, 40),
(44, 40),
(45, 40),
(46, 40),
(47, 40),
(48, 40),
(49, 40),
(50, 40),
(51, 40),
(52, 40),
(53, 40),
(54, 40),
(55, 40),
(56, 40),
(57, 40),
(58, 40),
(59, 40),
(60, 40),
(61, 40),
(62, 40),
(63, 40),
(64, 40),
(65, 40),
(66, 40),
(67, 40),
(68, 40),
(69, 40),
(70, 40),
(71, 40),
(72, 40),
(73, 40),
(74, 40),
(75, 40),
(76, 40),
(77, 40),
(78, 40),
(79, 40),
(80, 40),
(81, 40),
(82, 40),
(83, 40),
(84, 40),
(85, 40),
(86, 40),
(87, 40),
(88, 40),
(89, 40),
(90, 40),
(91, 40),
(95, 40),
(96, 40),
(97, 40),
(98, 40),
(99, 40),
(100, 40),
(101, 40),
(102, 40),
(103, 40),
(104, 40),
(105, 40),
(106, 40),
(107, 40),
(108, 40),
(109, 40),
(110, 40),
(111, 40),
(112, 40),
(113, 40),
(114, 40),
(115, 40),
(116, 40),
(117, 40),
(118, 40),
(119, 40),
(120, 40),
(121, 40),
(122, 40),
(123, 40),
(124, 40),
(125, 40),
(126, 40),
(127, 40),
(128, 40),
(129, 40),
(130, 40),
(131, 40),
(132, 40),
(133, 40),
(134, 40),
(135, 40),
(136, 40),
(137, 40),
(138, 40),
(139, 40),
(140, 40),
(141, 40),
(142, 40),
(143, 40),
(144, 40),
(145, 40),
(146, 40),
(147, 40),
(148, 40),
(149, 40),
(150, 40),
(151, 40),
(1, 41),
(2, 41),
(3, 41),
(4, 41),
(5, 41),
(6, 41),
(7, 41),
(8, 41),
(9, 41),
(10, 41),
(11, 41),
(12, 41),
(13, 41),
(14, 41),
(15, 41),
(16, 41),
(17, 41),
(18, 41),
(19, 41),
(20, 41),
(21, 41),
(22, 41),
(23, 41),
(24, 41),
(25, 41),
(26, 41),
(27, 41),
(28, 41),
(29, 41),
(30, 41),
(31, 41),
(32, 41),
(33, 41),
(34, 41),
(35, 41),
(36, 41),
(37, 41),
(38, 41),
(39, 41),
(40, 41),
(41, 41),
(42, 41),
(43, 41),
(44, 41),
(45, 41),
(46, 41),
(47, 41),
(48, 41),
(49, 41),
(50, 41),
(51, 41),
(52, 41),
(53, 41),
(54, 41),
(55, 41),
(56, 41),
(57, 41),
(58, 41),
(59, 41),
(60, 41),
(61, 41),
(62, 41),
(63, 41),
(64, 41),
(65, 41),
(66, 41),
(67, 41),
(68, 41),
(69, 41),
(70, 41),
(71, 41),
(72, 41),
(73, 41),
(74, 41),
(75, 41),
(76, 41),
(77, 41),
(78, 41),
(79, 41),
(80, 41),
(81, 41),
(82, 41),
(83, 41),
(84, 41),
(85, 41),
(86, 41),
(87, 41),
(88, 41),
(89, 41),
(90, 41),
(91, 41),
(95, 41),
(96, 41),
(97, 41),
(98, 41),
(99, 41),
(100, 41),
(101, 41),
(102, 41),
(103, 41),
(104, 41),
(105, 41),
(106, 41),
(107, 41),
(108, 41),
(109, 41),
(110, 41),
(111, 41),
(112, 41),
(113, 41),
(114, 41),
(115, 41),
(116, 41),
(117, 41),
(118, 41),
(119, 41),
(120, 41),
(121, 41),
(122, 41),
(123, 41),
(124, 41),
(125, 41),
(126, 41),
(127, 41),
(128, 41),
(129, 41),
(130, 41),
(131, 41),
(132, 41),
(133, 41),
(134, 41),
(135, 41),
(136, 41),
(137, 41),
(138, 41),
(139, 41),
(140, 41),
(141, 41),
(142, 41),
(143, 41),
(144, 41),
(145, 41),
(146, 41),
(147, 41),
(148, 41),
(149, 41),
(150, 41),
(151, 41),
(1, 42),
(2, 42),
(3, 42),
(4, 42),
(5, 42),
(6, 42),
(7, 42),
(8, 42),
(9, 42),
(10, 42),
(11, 42),
(12, 42),
(13, 42),
(14, 42),
(15, 42),
(16, 42),
(17, 42),
(18, 42),
(19, 42),
(20, 42),
(21, 42),
(22, 42),
(23, 42),
(24, 42),
(25, 42),
(26, 42),
(27, 42),
(28, 42),
(29, 42),
(30, 42),
(31, 42),
(32, 42),
(33, 42),
(34, 42),
(35, 42),
(36, 42),
(37, 42),
(38, 42),
(39, 42),
(40, 42),
(41, 42),
(42, 42),
(43, 42),
(44, 42),
(45, 42),
(46, 42),
(47, 42),
(48, 42),
(49, 42),
(50, 42),
(51, 42),
(52, 42),
(53, 42),
(54, 42),
(55, 42),
(56, 42),
(57, 42),
(58, 42),
(59, 42),
(60, 42),
(61, 42),
(62, 42),
(63, 42),
(64, 42),
(65, 42),
(66, 42),
(67, 42),
(68, 42),
(69, 42),
(70, 42),
(71, 42),
(72, 42),
(73, 42),
(74, 42),
(75, 42),
(76, 42),
(77, 42),
(78, 42),
(79, 42),
(80, 42),
(81, 42),
(82, 42),
(83, 42),
(84, 42),
(85, 42),
(86, 42),
(87, 42),
(88, 42),
(89, 42),
(90, 42),
(91, 42),
(95, 42),
(96, 42),
(97, 42),
(98, 42),
(99, 42),
(100, 42),
(101, 42),
(102, 42),
(103, 42),
(104, 42),
(105, 42),
(106, 42),
(107, 42),
(108, 42),
(109, 42),
(110, 42),
(111, 42),
(112, 42),
(113, 42),
(114, 42),
(115, 42),
(116, 42),
(117, 42),
(118, 42),
(119, 42),
(120, 42),
(121, 42),
(122, 42),
(123, 42),
(124, 42),
(125, 42),
(126, 42),
(127, 42),
(128, 42),
(129, 42),
(130, 42),
(131, 42),
(132, 42),
(133, 42),
(134, 42),
(135, 42),
(136, 42),
(137, 42),
(138, 42),
(139, 42),
(140, 42),
(141, 42),
(142, 42),
(143, 42),
(144, 42),
(145, 42),
(146, 42),
(147, 42),
(148, 42),
(149, 42),
(150, 42),
(151, 42),
(1, 43),
(2, 43),
(3, 43),
(4, 43),
(5, 43),
(6, 43),
(7, 43),
(8, 43),
(9, 43),
(10, 43),
(11, 43),
(12, 43),
(13, 43),
(14, 43),
(15, 43),
(16, 43),
(17, 43),
(18, 43),
(19, 43),
(20, 43),
(21, 43),
(22, 43),
(23, 43),
(24, 43),
(25, 43),
(26, 43),
(27, 43),
(28, 43),
(29, 43),
(30, 43),
(31, 43),
(32, 43),
(33, 43),
(34, 43),
(35, 43),
(36, 43),
(37, 43),
(38, 43),
(39, 43),
(40, 43),
(41, 43),
(42, 43),
(43, 43),
(44, 43),
(45, 43),
(46, 43),
(47, 43),
(48, 43),
(49, 43),
(50, 43),
(51, 43),
(52, 43),
(53, 43),
(54, 43),
(55, 43),
(56, 43),
(57, 43),
(58, 43),
(59, 43),
(60, 43),
(61, 43),
(62, 43),
(63, 43),
(64, 43),
(65, 43),
(66, 43),
(67, 43),
(68, 43),
(69, 43),
(70, 43),
(71, 43),
(72, 43),
(73, 43),
(74, 43),
(75, 43),
(76, 43),
(77, 43),
(78, 43),
(79, 43),
(80, 43),
(81, 43),
(82, 43),
(83, 43),
(84, 43),
(85, 43),
(86, 43),
(87, 43),
(88, 43),
(89, 43),
(90, 43),
(91, 43),
(95, 43),
(96, 43),
(97, 43),
(98, 43),
(99, 43),
(100, 43),
(101, 43),
(102, 43),
(103, 43),
(104, 43),
(105, 43),
(106, 43),
(107, 43),
(108, 43),
(109, 43),
(110, 43),
(111, 43),
(112, 43),
(113, 43),
(114, 43),
(115, 43),
(116, 43),
(117, 43),
(118, 43),
(119, 43),
(120, 43),
(121, 43),
(122, 43),
(123, 43),
(124, 43),
(125, 43),
(126, 43),
(127, 43),
(128, 43),
(129, 43),
(130, 43),
(131, 43),
(132, 43),
(133, 43),
(134, 43),
(135, 43),
(136, 43),
(137, 43),
(138, 43),
(139, 43),
(140, 43),
(141, 43),
(142, 43),
(143, 43),
(144, 43),
(145, 43),
(146, 43),
(147, 43),
(148, 43),
(149, 43),
(150, 43),
(151, 43),
(1, 44),
(2, 44),
(3, 44),
(4, 44),
(5, 44),
(6, 44),
(7, 44),
(8, 44),
(9, 44),
(10, 44),
(11, 44),
(12, 44),
(13, 44),
(14, 44),
(15, 44),
(16, 44),
(17, 44),
(18, 44),
(19, 44),
(20, 44),
(21, 44),
(22, 44),
(23, 44),
(24, 44),
(25, 44),
(26, 44),
(27, 44),
(28, 44),
(29, 44),
(30, 44),
(31, 44),
(32, 44),
(33, 44),
(34, 44),
(35, 44),
(36, 44),
(37, 44),
(38, 44),
(39, 44),
(40, 44),
(41, 44),
(42, 44),
(43, 44),
(44, 44),
(45, 44),
(46, 44),
(47, 44),
(48, 44),
(49, 44),
(50, 44),
(51, 44),
(52, 44),
(53, 44),
(54, 44),
(55, 44),
(56, 44),
(57, 44),
(58, 44),
(59, 44),
(60, 44),
(61, 44),
(62, 44),
(63, 44),
(64, 44),
(65, 44),
(66, 44),
(67, 44),
(68, 44),
(69, 44),
(70, 44),
(71, 44),
(72, 44),
(73, 44),
(74, 44),
(75, 44),
(76, 44),
(77, 44),
(78, 44),
(79, 44),
(80, 44),
(81, 44),
(82, 44),
(83, 44),
(84, 44),
(85, 44),
(86, 44),
(87, 44),
(88, 44),
(89, 44),
(90, 44),
(91, 44),
(95, 44),
(96, 44),
(97, 44),
(98, 44),
(99, 44),
(100, 44),
(101, 44),
(102, 44),
(103, 44),
(104, 44),
(105, 44),
(106, 44),
(107, 44),
(108, 44),
(109, 44),
(110, 44),
(111, 44),
(112, 44),
(113, 44),
(114, 44),
(115, 44),
(116, 44),
(117, 44),
(118, 44),
(119, 44),
(120, 44),
(121, 44),
(122, 44),
(123, 44),
(124, 44),
(125, 44),
(126, 44),
(127, 44),
(128, 44),
(129, 44),
(130, 44),
(131, 44),
(132, 44),
(133, 44),
(134, 44),
(135, 44),
(136, 44),
(137, 44),
(138, 44),
(139, 44),
(140, 44),
(141, 44),
(142, 44),
(143, 44),
(144, 44),
(145, 44),
(146, 44),
(147, 44),
(148, 44),
(149, 44),
(150, 44),
(151, 44),
(1, 45),
(2, 45),
(3, 45),
(4, 45),
(5, 45),
(6, 45),
(7, 45),
(8, 45),
(9, 45),
(10, 45),
(11, 45),
(12, 45),
(13, 45),
(14, 45),
(15, 45),
(16, 45),
(17, 45),
(18, 45),
(19, 45),
(20, 45),
(21, 45),
(22, 45),
(23, 45),
(24, 45),
(25, 45),
(26, 45),
(27, 45),
(28, 45),
(29, 45),
(30, 45),
(31, 45),
(32, 45),
(33, 45),
(34, 45),
(35, 45),
(36, 45),
(37, 45),
(38, 45),
(39, 45),
(40, 45),
(41, 45),
(42, 45),
(43, 45),
(44, 45),
(45, 45),
(46, 45),
(47, 45),
(48, 45),
(49, 45),
(50, 45),
(51, 45),
(52, 45),
(53, 45),
(54, 45),
(55, 45),
(56, 45),
(57, 45),
(58, 45),
(59, 45),
(60, 45),
(61, 45),
(62, 45),
(63, 45),
(64, 45),
(65, 45),
(66, 45),
(67, 45),
(68, 45),
(69, 45),
(70, 45),
(71, 45),
(72, 45),
(73, 45),
(74, 45),
(75, 45),
(76, 45),
(77, 45),
(78, 45),
(79, 45),
(80, 45),
(81, 45),
(82, 45),
(83, 45),
(84, 45),
(85, 45),
(86, 45),
(87, 45),
(88, 45),
(89, 45),
(90, 45),
(91, 45),
(95, 45),
(96, 45),
(97, 45),
(98, 45),
(99, 45),
(100, 45),
(101, 45),
(102, 45),
(103, 45),
(104, 45),
(105, 45),
(106, 45),
(107, 45),
(108, 45),
(109, 45),
(110, 45),
(111, 45),
(112, 45),
(113, 45),
(114, 45),
(115, 45),
(116, 45),
(117, 45),
(118, 45),
(119, 45),
(120, 45),
(121, 45),
(122, 45),
(123, 45),
(124, 45),
(125, 45),
(126, 45),
(127, 45),
(128, 45),
(129, 45),
(130, 45),
(131, 45),
(132, 45),
(133, 45),
(134, 45),
(135, 45),
(136, 45),
(137, 45),
(138, 45),
(139, 45),
(140, 45),
(141, 45),
(142, 45),
(143, 45),
(144, 45),
(145, 45),
(146, 45),
(147, 45),
(148, 45),
(149, 45),
(150, 45),
(151, 45),
(1, 46),
(2, 46),
(3, 46),
(4, 46),
(5, 46),
(6, 46),
(7, 46),
(8, 46),
(9, 46),
(10, 46),
(11, 46),
(12, 46),
(13, 46),
(14, 46),
(15, 46),
(16, 46),
(17, 46),
(18, 46),
(19, 46),
(20, 46),
(21, 46),
(22, 46),
(23, 46),
(24, 46),
(25, 46),
(26, 46),
(27, 46),
(28, 46),
(29, 46),
(30, 46),
(31, 46),
(32, 46),
(33, 46),
(34, 46),
(35, 46),
(36, 46),
(37, 46),
(38, 46),
(39, 46),
(40, 46),
(41, 46),
(42, 46),
(43, 46),
(44, 46),
(45, 46),
(46, 46),
(47, 46),
(48, 46),
(49, 46),
(50, 46),
(51, 46),
(52, 46),
(53, 46),
(54, 46),
(55, 46),
(56, 46),
(57, 46),
(58, 46),
(59, 46),
(60, 46),
(61, 46),
(62, 46),
(63, 46),
(64, 46),
(65, 46),
(66, 46),
(67, 46),
(68, 46),
(69, 46),
(70, 46),
(71, 46),
(72, 46),
(73, 46),
(74, 46),
(75, 46),
(76, 46),
(77, 46),
(78, 46),
(79, 46),
(80, 46),
(81, 46),
(82, 46),
(83, 46),
(84, 46),
(85, 46),
(86, 46),
(87, 46),
(88, 46),
(89, 46),
(90, 46),
(91, 46),
(95, 46),
(96, 46),
(97, 46),
(98, 46),
(99, 46),
(100, 46),
(101, 46),
(102, 46),
(103, 46),
(104, 46),
(105, 46),
(106, 46),
(107, 46),
(108, 46),
(109, 46),
(110, 46),
(111, 46),
(112, 46),
(113, 46),
(114, 46),
(115, 46),
(116, 46),
(117, 46),
(118, 46),
(119, 46),
(120, 46),
(121, 46),
(122, 46),
(123, 46),
(124, 46),
(125, 46),
(126, 46),
(127, 46),
(128, 46),
(129, 46),
(130, 46),
(131, 46),
(132, 46),
(133, 46),
(134, 46),
(135, 46),
(136, 46),
(137, 46),
(138, 46),
(139, 46),
(140, 46),
(141, 46),
(142, 46),
(143, 46),
(144, 46),
(145, 46),
(146, 46),
(147, 46),
(148, 46),
(149, 46),
(150, 46),
(151, 46),
(1, 47),
(2, 47),
(3, 47),
(4, 47),
(5, 47),
(6, 47),
(7, 47),
(8, 47),
(9, 47),
(10, 47),
(11, 47),
(12, 47),
(13, 47),
(14, 47),
(15, 47),
(16, 47),
(17, 47),
(18, 47),
(19, 47),
(20, 47),
(21, 47),
(22, 47),
(23, 47),
(24, 47),
(25, 47),
(26, 47),
(27, 47),
(28, 47),
(29, 47),
(30, 47),
(31, 47),
(32, 47),
(33, 47),
(34, 47),
(35, 47),
(36, 47),
(37, 47),
(38, 47),
(39, 47),
(40, 47),
(41, 47),
(42, 47),
(43, 47),
(44, 47),
(45, 47),
(46, 47),
(47, 47),
(48, 47),
(49, 47),
(50, 47),
(51, 47),
(52, 47),
(53, 47),
(54, 47),
(55, 47),
(56, 47),
(57, 47),
(58, 47),
(59, 47),
(60, 47),
(61, 47),
(62, 47),
(63, 47),
(64, 47),
(65, 47),
(66, 47),
(67, 47),
(68, 47),
(69, 47),
(70, 47),
(71, 47),
(72, 47),
(73, 47),
(74, 47),
(75, 47),
(76, 47),
(77, 47),
(78, 47),
(79, 47),
(80, 47),
(81, 47),
(82, 47),
(83, 47),
(84, 47),
(85, 47),
(86, 47),
(87, 47),
(88, 47),
(89, 47),
(90, 47),
(91, 47),
(95, 47),
(96, 47),
(97, 47),
(98, 47),
(99, 47),
(100, 47),
(101, 47),
(102, 47),
(103, 47),
(104, 47),
(105, 47),
(106, 47),
(107, 47),
(108, 47),
(109, 47),
(110, 47),
(111, 47),
(112, 47),
(113, 47),
(114, 47),
(115, 47),
(116, 47),
(117, 47),
(118, 47),
(119, 47),
(120, 47),
(121, 47),
(122, 47),
(123, 47),
(124, 47),
(125, 47),
(126, 47),
(127, 47),
(128, 47),
(129, 47),
(130, 47),
(131, 47),
(132, 47),
(133, 47),
(134, 47),
(135, 47),
(136, 47),
(137, 47),
(138, 47),
(139, 47),
(140, 47),
(141, 47),
(142, 47),
(143, 47),
(144, 47),
(145, 47),
(146, 47),
(147, 47),
(148, 47),
(149, 47),
(150, 47),
(151, 47),
(1, 48),
(2, 48),
(3, 48),
(4, 48),
(5, 48),
(6, 48),
(7, 48),
(8, 48),
(9, 48),
(10, 48),
(11, 48),
(12, 48),
(13, 48),
(14, 48),
(15, 48),
(16, 48),
(17, 48),
(18, 48),
(19, 48),
(20, 48),
(21, 48),
(22, 48),
(23, 48),
(24, 48),
(25, 48),
(26, 48),
(27, 48),
(28, 48),
(29, 48),
(30, 48),
(31, 48),
(32, 48),
(33, 48),
(34, 48),
(35, 48),
(36, 48),
(37, 48),
(38, 48),
(39, 48),
(40, 48),
(41, 48),
(42, 48),
(43, 48),
(44, 48),
(45, 48),
(46, 48),
(47, 48),
(48, 48),
(49, 48),
(50, 48),
(51, 48),
(52, 48),
(53, 48),
(54, 48),
(55, 48),
(56, 48),
(57, 48),
(58, 48),
(59, 48),
(60, 48),
(61, 48),
(62, 48),
(63, 48),
(64, 48),
(65, 48),
(66, 48),
(67, 48),
(68, 48),
(69, 48),
(70, 48),
(71, 48),
(72, 48),
(73, 48),
(74, 48),
(75, 48),
(76, 48),
(77, 48),
(78, 48),
(79, 48),
(80, 48),
(81, 48),
(82, 48),
(83, 48),
(84, 48),
(85, 48),
(86, 48),
(87, 48),
(88, 48),
(89, 48),
(90, 48),
(91, 48),
(95, 48),
(96, 48),
(97, 48),
(98, 48),
(99, 48),
(100, 48),
(101, 48),
(102, 48),
(103, 48),
(104, 48),
(105, 48),
(106, 48),
(107, 48),
(108, 48),
(109, 48),
(110, 48),
(111, 48),
(112, 48),
(113, 48),
(114, 48),
(115, 48),
(116, 48),
(117, 48),
(118, 48),
(119, 48),
(120, 48),
(121, 48),
(122, 48),
(123, 48),
(124, 48),
(125, 48),
(126, 48),
(127, 48),
(128, 48),
(129, 48),
(130, 48),
(131, 48),
(132, 48),
(133, 48),
(134, 48),
(135, 48),
(136, 48),
(137, 48),
(138, 48),
(139, 48),
(140, 48),
(141, 48),
(142, 48),
(143, 48),
(144, 48),
(145, 48),
(146, 48),
(147, 48),
(148, 48),
(149, 48),
(150, 48),
(151, 48),
(1, 49),
(2, 49),
(3, 49),
(4, 49),
(5, 49),
(6, 49),
(7, 49),
(8, 49),
(9, 49),
(10, 49),
(11, 49),
(12, 49),
(13, 49),
(14, 49),
(15, 49),
(16, 49),
(17, 49),
(18, 49),
(19, 49),
(20, 49),
(21, 49),
(22, 49),
(23, 49),
(24, 49),
(25, 49),
(26, 49),
(27, 49),
(28, 49),
(29, 49),
(30, 49),
(31, 49),
(32, 49),
(33, 49),
(34, 49),
(35, 49),
(36, 49),
(37, 49),
(38, 49),
(39, 49),
(40, 49),
(41, 49),
(42, 49),
(43, 49),
(44, 49),
(45, 49),
(46, 49),
(47, 49),
(48, 49),
(49, 49),
(50, 49),
(51, 49),
(52, 49),
(53, 49),
(54, 49),
(55, 49),
(56, 49),
(57, 49),
(58, 49),
(59, 49),
(60, 49),
(61, 49),
(62, 49),
(63, 49),
(64, 49),
(65, 49),
(66, 49),
(67, 49),
(68, 49),
(69, 49),
(70, 49),
(71, 49),
(72, 49),
(73, 49),
(74, 49),
(75, 49),
(76, 49),
(77, 49),
(78, 49),
(79, 49),
(80, 49),
(81, 49),
(82, 49),
(83, 49),
(84, 49),
(85, 49),
(86, 49),
(87, 49),
(88, 49),
(89, 49),
(90, 49),
(91, 49),
(95, 49),
(96, 49),
(97, 49),
(98, 49),
(99, 49),
(100, 49),
(101, 49),
(102, 49),
(103, 49),
(104, 49),
(105, 49),
(106, 49),
(107, 49),
(108, 49),
(109, 49),
(110, 49),
(111, 49),
(112, 49),
(113, 49),
(114, 49),
(115, 49),
(116, 49),
(117, 49),
(118, 49),
(119, 49),
(120, 49),
(121, 49),
(122, 49),
(123, 49),
(124, 49),
(125, 49),
(126, 49),
(127, 49),
(128, 49),
(129, 49),
(130, 49),
(131, 49),
(132, 49),
(133, 49),
(134, 49),
(135, 49),
(136, 49),
(137, 49),
(138, 49),
(139, 49),
(140, 49),
(141, 49),
(142, 49),
(143, 49),
(144, 49),
(145, 49),
(146, 49),
(147, 49),
(148, 49),
(149, 49),
(150, 49),
(151, 49),
(1, 50),
(2, 50),
(3, 50),
(4, 50),
(5, 50),
(6, 50),
(7, 50),
(8, 50),
(9, 50),
(10, 50),
(11, 50),
(12, 50),
(13, 50),
(14, 50),
(15, 50),
(16, 50),
(17, 50),
(18, 50),
(19, 50),
(20, 50),
(21, 50),
(22, 50),
(23, 50),
(24, 50),
(25, 50),
(26, 50),
(27, 50),
(28, 50),
(29, 50),
(30, 50),
(31, 50),
(32, 50),
(33, 50),
(34, 50),
(35, 50),
(36, 50),
(37, 50),
(38, 50),
(39, 50),
(40, 50),
(41, 50),
(42, 50),
(43, 50),
(44, 50),
(45, 50),
(46, 50),
(47, 50),
(48, 50),
(49, 50),
(50, 50),
(51, 50),
(52, 50),
(53, 50),
(54, 50),
(55, 50),
(56, 50),
(57, 50),
(58, 50),
(59, 50),
(60, 50),
(61, 50),
(62, 50),
(63, 50),
(64, 50),
(65, 50),
(66, 50),
(67, 50),
(68, 50),
(69, 50),
(70, 50),
(71, 50),
(72, 50),
(73, 50),
(74, 50),
(75, 50),
(76, 50),
(77, 50),
(78, 50),
(79, 50),
(80, 50),
(81, 50),
(82, 50),
(83, 50),
(84, 50),
(85, 50),
(86, 50),
(87, 50),
(88, 50),
(89, 50),
(90, 50),
(91, 50),
(95, 50),
(96, 50),
(97, 50),
(98, 50),
(99, 50),
(100, 50),
(101, 50),
(102, 50),
(103, 50),
(104, 50),
(105, 50),
(106, 50),
(107, 50),
(108, 50),
(109, 50),
(110, 50),
(111, 50),
(112, 50),
(113, 50),
(114, 50),
(115, 50),
(116, 50),
(117, 50),
(118, 50),
(119, 50),
(120, 50),
(121, 50),
(122, 50),
(123, 50),
(124, 50),
(125, 50),
(126, 50),
(127, 50),
(128, 50),
(129, 50),
(130, 50),
(131, 50),
(132, 50),
(133, 50),
(134, 50),
(135, 50),
(136, 50),
(137, 50),
(138, 50),
(139, 50),
(140, 50),
(141, 50),
(142, 50),
(143, 50),
(144, 50),
(145, 50),
(146, 50),
(147, 50),
(148, 50),
(149, 50),
(150, 50),
(151, 50),
(1, 51),
(2, 51),
(3, 51),
(4, 51),
(5, 51),
(6, 51),
(7, 51),
(8, 51),
(9, 51),
(10, 51),
(11, 51),
(12, 51),
(13, 51),
(14, 51),
(15, 51),
(16, 51),
(17, 51),
(18, 51),
(19, 51),
(20, 51),
(21, 51),
(22, 51),
(23, 51),
(24, 51),
(25, 51),
(26, 51),
(27, 51),
(28, 51),
(29, 51),
(30, 51),
(31, 51),
(32, 51),
(33, 51),
(34, 51),
(35, 51),
(36, 51),
(37, 51),
(38, 51),
(39, 51),
(40, 51),
(41, 51),
(42, 51),
(43, 51),
(44, 51),
(45, 51),
(46, 51),
(47, 51),
(48, 51),
(49, 51),
(50, 51),
(51, 51),
(52, 51),
(53, 51),
(54, 51),
(55, 51),
(56, 51),
(57, 51),
(58, 51),
(59, 51),
(60, 51),
(61, 51),
(62, 51),
(63, 51),
(64, 51),
(65, 51),
(66, 51),
(67, 51),
(68, 51),
(69, 51),
(70, 51),
(71, 51),
(72, 51),
(73, 51),
(74, 51),
(75, 51),
(76, 51),
(77, 51),
(78, 51),
(79, 51),
(80, 51),
(81, 51),
(82, 51),
(83, 51),
(84, 51),
(85, 51),
(86, 51),
(87, 51),
(88, 51),
(89, 51),
(90, 51),
(91, 51),
(95, 51),
(96, 51),
(97, 51),
(98, 51),
(99, 51),
(100, 51),
(101, 51),
(102, 51),
(103, 51),
(104, 51),
(105, 51),
(106, 51),
(107, 51),
(108, 51),
(109, 51),
(110, 51),
(111, 51),
(112, 51),
(113, 51),
(114, 51),
(115, 51),
(116, 51),
(117, 51),
(118, 51),
(119, 51),
(120, 51),
(121, 51),
(122, 51),
(123, 51),
(124, 51),
(125, 51),
(126, 51),
(127, 51),
(128, 51),
(129, 51),
(130, 51),
(131, 51),
(132, 51),
(133, 51),
(134, 51),
(135, 51),
(136, 51),
(137, 51),
(138, 51),
(139, 51),
(140, 51),
(141, 51),
(142, 51),
(143, 51),
(144, 51),
(145, 51),
(146, 51),
(147, 51),
(148, 51),
(149, 51),
(150, 51),
(151, 51),
(1, 52),
(2, 52),
(3, 52),
(4, 52),
(5, 52),
(6, 52),
(7, 52),
(8, 52),
(9, 52),
(10, 52),
(11, 52),
(12, 52),
(13, 52),
(14, 52),
(15, 52),
(16, 52),
(17, 52),
(18, 52),
(19, 52),
(20, 52),
(21, 52),
(22, 52),
(23, 52),
(24, 52),
(25, 52),
(26, 52),
(27, 52),
(28, 52),
(29, 52),
(30, 52),
(31, 52),
(32, 52),
(33, 52),
(34, 52),
(35, 52),
(36, 52),
(37, 52),
(38, 52),
(39, 52),
(40, 52),
(41, 52),
(42, 52),
(43, 52),
(44, 52),
(45, 52),
(46, 52),
(47, 52),
(48, 52),
(49, 52),
(50, 52),
(51, 52),
(52, 52),
(53, 52),
(54, 52),
(55, 52),
(56, 52),
(57, 52),
(58, 52),
(59, 52),
(60, 52),
(61, 52),
(62, 52),
(63, 52),
(64, 52),
(65, 52),
(66, 52),
(67, 52),
(68, 52),
(69, 52),
(70, 52),
(71, 52),
(72, 52),
(73, 52),
(74, 52),
(75, 52),
(76, 52),
(77, 52),
(78, 52),
(79, 52),
(80, 52),
(81, 52),
(82, 52),
(83, 52),
(84, 52),
(85, 52),
(86, 52),
(87, 52),
(88, 52),
(89, 52),
(90, 52),
(91, 52),
(95, 52),
(96, 52),
(97, 52),
(98, 52),
(99, 52),
(100, 52),
(101, 52),
(102, 52),
(103, 52),
(104, 52),
(105, 52),
(106, 52),
(107, 52),
(108, 52),
(109, 52),
(110, 52),
(111, 52),
(112, 52),
(113, 52),
(114, 52),
(115, 52),
(116, 52),
(117, 52),
(118, 52),
(119, 52),
(120, 52),
(121, 52),
(122, 52),
(123, 52),
(124, 52),
(125, 52),
(126, 52),
(127, 52),
(128, 52),
(129, 52),
(130, 52),
(131, 52),
(132, 52),
(133, 52),
(134, 52),
(135, 52),
(136, 52),
(137, 52),
(138, 52),
(139, 52),
(140, 52),
(141, 52),
(142, 52),
(143, 52),
(144, 52),
(145, 52),
(146, 52),
(147, 52),
(148, 52),
(149, 52),
(150, 52),
(151, 52),
(1, 53),
(2, 53),
(3, 53),
(4, 53),
(5, 53),
(6, 53),
(7, 53),
(8, 53),
(9, 53),
(10, 53),
(11, 53),
(12, 53),
(13, 53),
(14, 53),
(15, 53),
(16, 53),
(17, 53),
(18, 53),
(19, 53),
(20, 53),
(21, 53),
(22, 53),
(23, 53),
(24, 53),
(25, 53),
(26, 53),
(27, 53),
(28, 53),
(29, 53),
(30, 53),
(31, 53),
(32, 53),
(33, 53),
(34, 53),
(35, 53),
(36, 53),
(37, 53),
(38, 53),
(39, 53),
(40, 53),
(41, 53),
(42, 53),
(43, 53),
(44, 53),
(45, 53),
(46, 53),
(47, 53),
(48, 53),
(49, 53),
(50, 53),
(51, 53),
(52, 53),
(53, 53),
(54, 53),
(55, 53),
(56, 53),
(57, 53),
(58, 53),
(59, 53),
(60, 53),
(61, 53),
(62, 53),
(63, 53),
(64, 53),
(65, 53),
(66, 53),
(67, 53),
(68, 53),
(69, 53),
(70, 53),
(71, 53),
(72, 53),
(73, 53),
(74, 53),
(75, 53),
(76, 53),
(77, 53),
(78, 53),
(79, 53),
(80, 53),
(81, 53),
(82, 53),
(83, 53),
(84, 53),
(85, 53),
(86, 53),
(87, 53),
(88, 53),
(89, 53),
(90, 53),
(91, 53),
(95, 53),
(96, 53),
(97, 53),
(98, 53),
(99, 53),
(100, 53),
(101, 53),
(102, 53),
(103, 53),
(104, 53),
(105, 53),
(106, 53),
(107, 53),
(108, 53),
(109, 53),
(110, 53),
(111, 53),
(112, 53),
(113, 53),
(114, 53),
(115, 53),
(116, 53),
(117, 53),
(118, 53),
(119, 53),
(120, 53),
(121, 53),
(122, 53),
(123, 53),
(124, 53),
(125, 53),
(126, 53),
(127, 53),
(128, 53),
(129, 53),
(130, 53),
(131, 53),
(132, 53),
(133, 53),
(134, 53),
(135, 53),
(136, 53),
(137, 53),
(138, 53),
(139, 53),
(140, 53),
(141, 53),
(142, 53),
(143, 53),
(144, 53),
(145, 53),
(146, 53),
(147, 53),
(148, 53),
(149, 53),
(150, 53),
(151, 53),
(1, 54),
(2, 54),
(3, 54),
(4, 54),
(5, 54),
(6, 54),
(7, 54),
(8, 54),
(9, 54),
(10, 54),
(11, 54),
(12, 54),
(13, 54),
(14, 54),
(15, 54),
(16, 54),
(17, 54),
(18, 54),
(19, 54),
(20, 54),
(21, 54),
(22, 54),
(23, 54),
(24, 54),
(25, 54),
(26, 54),
(27, 54),
(28, 54),
(29, 54),
(30, 54),
(31, 54),
(32, 54),
(33, 54),
(34, 54),
(35, 54),
(36, 54),
(37, 54),
(38, 54),
(39, 54),
(40, 54),
(41, 54),
(42, 54),
(43, 54),
(44, 54),
(45, 54),
(46, 54),
(47, 54),
(48, 54),
(49, 54),
(50, 54),
(51, 54),
(52, 54),
(53, 54),
(54, 54),
(55, 54),
(56, 54),
(57, 54),
(58, 54),
(59, 54),
(60, 54),
(61, 54),
(62, 54),
(63, 54),
(64, 54),
(65, 54),
(66, 54),
(67, 54),
(68, 54),
(69, 54),
(70, 54),
(71, 54),
(72, 54),
(73, 54),
(74, 54),
(75, 54),
(76, 54),
(77, 54),
(78, 54),
(79, 54),
(80, 54),
(81, 54),
(82, 54),
(83, 54),
(84, 54),
(85, 54),
(86, 54),
(87, 54),
(88, 54),
(89, 54),
(90, 54),
(91, 54),
(95, 54),
(96, 54),
(97, 54),
(98, 54),
(99, 54),
(100, 54),
(101, 54),
(102, 54),
(103, 54),
(104, 54),
(105, 54),
(106, 54),
(107, 54),
(108, 54),
(109, 54),
(110, 54),
(111, 54),
(112, 54),
(113, 54),
(114, 54),
(115, 54),
(116, 54),
(117, 54),
(118, 54),
(119, 54),
(120, 54),
(121, 54),
(122, 54),
(123, 54),
(124, 54),
(125, 54),
(126, 54),
(127, 54),
(128, 54),
(129, 54),
(130, 54),
(131, 54),
(132, 54),
(133, 54),
(134, 54),
(135, 54),
(136, 54),
(137, 54),
(138, 54),
(139, 54),
(140, 54),
(141, 54),
(142, 54),
(143, 54),
(144, 54),
(145, 54),
(146, 54),
(147, 54),
(148, 54),
(149, 54),
(150, 54),
(151, 54),
(1, 55),
(2, 55),
(3, 55),
(4, 55),
(5, 55),
(6, 55),
(7, 55),
(8, 55),
(9, 55),
(10, 55),
(11, 55),
(12, 55),
(13, 55),
(14, 55),
(15, 55),
(16, 55),
(17, 55),
(18, 55),
(19, 55),
(20, 55),
(21, 55),
(22, 55),
(23, 55),
(24, 55),
(25, 55),
(26, 55),
(27, 55),
(28, 55),
(29, 55),
(30, 55),
(31, 55),
(32, 55),
(33, 55),
(34, 55),
(35, 55),
(36, 55),
(37, 55),
(38, 55),
(39, 55),
(40, 55),
(41, 55),
(42, 55),
(43, 55),
(44, 55),
(45, 55),
(46, 55),
(47, 55),
(48, 55),
(49, 55),
(50, 55),
(51, 55),
(52, 55),
(53, 55),
(54, 55),
(55, 55),
(56, 55),
(57, 55),
(58, 55),
(59, 55),
(60, 55),
(61, 55),
(62, 55),
(63, 55),
(64, 55),
(65, 55),
(66, 55),
(67, 55),
(68, 55),
(69, 55),
(70, 55),
(71, 55),
(72, 55),
(73, 55),
(74, 55),
(75, 55),
(76, 55),
(77, 55),
(78, 55),
(79, 55),
(80, 55),
(81, 55),
(82, 55),
(83, 55),
(84, 55),
(85, 55),
(86, 55),
(87, 55),
(88, 55),
(89, 55),
(90, 55),
(91, 55),
(95, 55),
(96, 55),
(97, 55),
(98, 55),
(99, 55),
(100, 55),
(101, 55),
(102, 55),
(103, 55),
(104, 55),
(105, 55),
(106, 55),
(107, 55),
(108, 55),
(109, 55),
(110, 55),
(111, 55),
(112, 55),
(113, 55),
(114, 55),
(115, 55),
(116, 55),
(117, 55),
(118, 55),
(119, 55),
(120, 55),
(121, 55),
(122, 55),
(123, 55),
(124, 55),
(125, 55),
(126, 55),
(127, 55),
(128, 55),
(129, 55),
(130, 55),
(131, 55),
(132, 55),
(133, 55),
(134, 55),
(135, 55),
(136, 55),
(137, 55),
(138, 55),
(139, 55),
(140, 55),
(141, 55),
(142, 55),
(143, 55),
(144, 55),
(145, 55),
(146, 55),
(147, 55),
(148, 55),
(149, 55),
(150, 55),
(151, 55),
(1, 56),
(2, 56),
(3, 56),
(4, 56),
(5, 56),
(6, 56),
(7, 56),
(8, 56),
(9, 56),
(10, 56),
(11, 56),
(12, 56),
(13, 56),
(14, 56),
(15, 56),
(16, 56),
(17, 56),
(18, 56),
(19, 56),
(20, 56),
(21, 56),
(22, 56),
(23, 56),
(24, 56),
(25, 56),
(26, 56),
(27, 56),
(28, 56),
(29, 56),
(30, 56),
(31, 56),
(32, 56),
(33, 56),
(34, 56),
(35, 56),
(36, 56),
(37, 56),
(38, 56),
(39, 56),
(40, 56),
(41, 56),
(42, 56),
(43, 56),
(44, 56),
(45, 56),
(46, 56),
(47, 56),
(48, 56),
(49, 56),
(50, 56),
(51, 56),
(52, 56),
(53, 56),
(54, 56),
(55, 56),
(56, 56),
(57, 56),
(58, 56),
(59, 56),
(60, 56),
(61, 56),
(62, 56),
(63, 56),
(64, 56),
(65, 56),
(66, 56),
(67, 56),
(68, 56),
(69, 56),
(70, 56),
(71, 56),
(72, 56),
(73, 56),
(74, 56),
(75, 56),
(76, 56),
(77, 56),
(78, 56),
(79, 56),
(80, 56),
(81, 56),
(82, 56),
(83, 56),
(84, 56),
(85, 56),
(86, 56),
(87, 56),
(88, 56),
(89, 56),
(90, 56),
(91, 56),
(95, 56),
(96, 56),
(97, 56),
(98, 56),
(99, 56),
(100, 56),
(101, 56),
(102, 56),
(103, 56),
(104, 56),
(105, 56),
(106, 56),
(107, 56),
(108, 56),
(109, 56),
(110, 56),
(111, 56),
(112, 56),
(113, 56),
(114, 56),
(115, 56),
(116, 56),
(117, 56),
(118, 56),
(119, 56),
(120, 56),
(121, 56),
(122, 56),
(123, 56),
(124, 56),
(125, 56),
(126, 56),
(127, 56),
(128, 56),
(129, 56),
(130, 56),
(131, 56),
(132, 56),
(133, 56),
(134, 56),
(135, 56),
(136, 56),
(137, 56),
(138, 56),
(139, 56),
(140, 56),
(141, 56),
(142, 56),
(143, 56),
(144, 56),
(145, 56),
(146, 56),
(147, 56),
(148, 56),
(149, 56),
(150, 56),
(151, 56),
(1, 57),
(2, 57),
(3, 57),
(4, 57),
(5, 57),
(6, 57),
(7, 57),
(8, 57),
(9, 57),
(10, 57),
(11, 57),
(12, 57),
(13, 57),
(14, 57),
(15, 57),
(16, 57),
(17, 57),
(18, 57),
(19, 57),
(20, 57),
(21, 57),
(22, 57),
(23, 57),
(24, 57),
(25, 57),
(26, 57),
(27, 57),
(28, 57),
(29, 57),
(30, 57),
(31, 57),
(32, 57),
(33, 57),
(34, 57),
(35, 57),
(36, 57),
(37, 57),
(38, 57),
(39, 57),
(40, 57),
(41, 57),
(42, 57),
(43, 57),
(44, 57),
(45, 57),
(46, 57),
(47, 57),
(48, 57),
(49, 57),
(50, 57),
(51, 57),
(52, 57),
(53, 57),
(54, 57),
(55, 57),
(56, 57),
(57, 57),
(58, 57),
(59, 57),
(60, 57),
(61, 57),
(62, 57),
(63, 57),
(64, 57),
(65, 57),
(66, 57),
(67, 57),
(68, 57),
(69, 57),
(70, 57),
(71, 57),
(72, 57),
(73, 57),
(74, 57),
(75, 57),
(76, 57),
(77, 57),
(78, 57),
(79, 57),
(80, 57),
(81, 57),
(82, 57),
(83, 57),
(84, 57),
(85, 57),
(86, 57),
(87, 57),
(88, 57),
(89, 57),
(90, 57),
(91, 57),
(95, 57),
(96, 57),
(97, 57),
(98, 57),
(99, 57),
(100, 57),
(101, 57),
(102, 57),
(103, 57),
(104, 57),
(105, 57),
(106, 57),
(107, 57),
(108, 57),
(109, 57),
(110, 57),
(111, 57),
(112, 57),
(113, 57),
(114, 57),
(115, 57),
(116, 57),
(117, 57),
(118, 57),
(119, 57),
(120, 57),
(121, 57),
(122, 57),
(123, 57),
(124, 57),
(125, 57),
(126, 57),
(127, 57),
(128, 57),
(129, 57),
(130, 57),
(131, 57),
(132, 57),
(133, 57),
(134, 57),
(135, 57),
(136, 57),
(137, 57),
(138, 57),
(139, 57),
(140, 57),
(141, 57),
(142, 57),
(143, 57),
(144, 57),
(145, 57),
(146, 57),
(147, 57),
(148, 57),
(149, 57),
(150, 57),
(151, 57),
(1, 58),
(2, 58),
(3, 58),
(4, 58),
(5, 58),
(6, 58),
(7, 58),
(8, 58),
(9, 58),
(10, 58),
(11, 58),
(12, 58),
(13, 58),
(14, 58),
(15, 58),
(16, 58),
(17, 58),
(18, 58),
(19, 58),
(20, 58),
(21, 58),
(22, 58),
(23, 58),
(24, 58),
(25, 58),
(26, 58),
(27, 58),
(28, 58),
(29, 58),
(30, 58),
(31, 58),
(32, 58),
(33, 58),
(34, 58),
(35, 58),
(36, 58),
(37, 58),
(38, 58),
(39, 58),
(40, 58),
(41, 58),
(42, 58),
(43, 58),
(44, 58),
(45, 58),
(46, 58),
(47, 58),
(48, 58),
(49, 58),
(50, 58),
(51, 58),
(52, 58),
(53, 58),
(54, 58),
(55, 58),
(56, 58),
(57, 58),
(58, 58),
(59, 58),
(60, 58),
(61, 58),
(62, 58),
(63, 58),
(64, 58),
(65, 58),
(66, 58),
(67, 58),
(68, 58),
(69, 58),
(70, 58),
(71, 58),
(72, 58),
(73, 58),
(74, 58),
(75, 58),
(76, 58),
(77, 58),
(78, 58),
(79, 58),
(80, 58),
(81, 58),
(82, 58),
(83, 58),
(84, 58),
(85, 58),
(86, 58),
(87, 58),
(88, 58),
(89, 58),
(90, 58),
(91, 58),
(95, 58),
(96, 58),
(97, 58),
(98, 58),
(99, 58),
(100, 58),
(101, 58),
(102, 58),
(103, 58),
(104, 58),
(105, 58),
(106, 58),
(107, 58),
(108, 58),
(109, 58),
(110, 58),
(111, 58),
(112, 58),
(113, 58),
(114, 58),
(115, 58),
(116, 58),
(117, 58),
(118, 58),
(119, 58),
(120, 58),
(121, 58),
(122, 58),
(123, 58),
(124, 58),
(125, 58),
(126, 58),
(127, 58),
(128, 58),
(129, 58),
(130, 58),
(131, 58),
(132, 58),
(133, 58),
(134, 58),
(135, 58),
(136, 58),
(137, 58),
(138, 58),
(139, 58),
(140, 58),
(141, 58),
(142, 58),
(143, 58),
(144, 58),
(145, 58),
(146, 58),
(147, 58),
(148, 58),
(149, 58),
(150, 58),
(151, 58),
(1, 59),
(2, 59),
(3, 59),
(4, 59),
(5, 59),
(6, 59),
(7, 59),
(8, 59),
(9, 59),
(10, 59),
(11, 59),
(12, 59),
(13, 59),
(14, 59),
(15, 59),
(16, 59),
(17, 59),
(18, 59),
(19, 59),
(20, 59),
(21, 59),
(22, 59),
(23, 59),
(24, 59),
(25, 59),
(26, 59),
(27, 59),
(28, 59),
(29, 59),
(30, 59),
(31, 59),
(32, 59),
(33, 59),
(34, 59),
(35, 59),
(36, 59),
(37, 59),
(38, 59),
(39, 59),
(40, 59),
(41, 59),
(42, 59),
(43, 59),
(44, 59),
(45, 59),
(46, 59),
(47, 59),
(48, 59),
(49, 59),
(50, 59),
(51, 59),
(52, 59),
(53, 59),
(54, 59),
(55, 59),
(56, 59),
(57, 59),
(58, 59),
(59, 59),
(60, 59),
(61, 59),
(62, 59),
(63, 59),
(64, 59),
(65, 59),
(66, 59),
(67, 59),
(68, 59),
(69, 59),
(70, 59),
(71, 59),
(72, 59),
(73, 59),
(74, 59),
(75, 59),
(76, 59),
(77, 59),
(78, 59),
(79, 59),
(80, 59),
(81, 59),
(82, 59),
(83, 59),
(84, 59),
(85, 59),
(86, 59),
(87, 59),
(88, 59),
(89, 59),
(90, 59),
(91, 59),
(95, 59),
(96, 59),
(97, 59),
(98, 59),
(99, 59),
(100, 59),
(101, 59),
(102, 59),
(103, 59),
(104, 59),
(105, 59),
(106, 59),
(107, 59),
(108, 59),
(109, 59),
(110, 59),
(111, 59),
(112, 59),
(113, 59),
(114, 59),
(115, 59),
(116, 59),
(117, 59),
(118, 59),
(119, 59),
(120, 59),
(121, 59),
(122, 59),
(123, 59),
(124, 59),
(125, 59),
(126, 59),
(127, 59),
(128, 59),
(129, 59),
(130, 59),
(131, 59),
(132, 59),
(133, 59),
(134, 59),
(135, 59),
(136, 59),
(137, 59),
(138, 59),
(139, 59),
(140, 59),
(141, 59),
(142, 59),
(143, 59),
(144, 59),
(145, 59),
(146, 59),
(147, 59),
(148, 59),
(149, 59),
(150, 59),
(151, 59),
(1, 60),
(2, 60),
(3, 60),
(4, 60),
(5, 60),
(6, 60),
(7, 60),
(8, 60),
(9, 60),
(10, 60),
(171, 60),
(172, 60),
(173, 60),
(174, 60),
(175, 60),
(176, 60),
(177, 60),
(178, 60),
(179, 60),
(180, 60),
(181, 60),
(182, 60),
(183, 60),
(184, 60),
(185, 60),
(186, 60),
(187, 60),
(188, 60),
(189, 60),
(190, 60),
(281, 60),
(282, 60),
(283, 60),
(284, 60),
(285, 60),
(286, 60),
(287, 60),
(288, 60),
(289, 60),
(290, 60),
(1, 61),
(2, 61),
(3, 61),
(4, 61),
(5, 61),
(6, 61),
(7, 61),
(8, 61),
(9, 61),
(10, 61),
(171, 61),
(172, 61),
(173, 61),
(174, 61),
(175, 61),
(176, 61),
(177, 61),
(178, 61),
(179, 61),
(180, 61),
(281, 61),
(282, 61),
(283, 61),
(284, 61),
(285, 61),
(286, 61),
(287, 61),
(288, 61),
(289, 61),
(290, 61),
(1, 62),
(2, 62),
(3, 62),
(4, 62),
(5, 62),
(6, 62),
(7, 62),
(8, 62),
(9, 62),
(10, 62),
(171, 62),
(172, 62),
(173, 62),
(174, 62),
(175, 62),
(176, 62),
(177, 62),
(178, 62),
(179, 62),
(180, 62),
(281, 62),
(282, 62),
(283, 62),
(284, 62),
(285, 62),
(286, 62),
(287, 62),
(288, 62),
(289, 62),
(290, 62),
(1, 63),
(2, 63),
(3, 63),
(4, 63),
(5, 63),
(6, 63),
(7, 63),
(8, 63),
(9, 63),
(10, 63),
(171, 63),
(172, 63),
(173, 63),
(174, 63),
(175, 63),
(176, 63),
(177, 63),
(178, 63),
(179, 63),
(180, 63),
(181, 63),
(182, 63),
(183, 63),
(184, 63),
(185, 63),
(186, 63),
(187, 63),
(188, 63),
(189, 63),
(190, 63),
(281, 63),
(282, 63),
(283, 63),
(284, 63),
(285, 63),
(286, 63),
(287, 63),
(288, 63),
(289, 63),
(290, 63),
(1, 64),
(2, 64),
(3, 64),
(4, 64),
(5, 64),
(6, 64),
(7, 64),
(8, 64),
(9, 64),
(10, 64),
(171, 64),
(172, 64),
(173, 64),
(174, 64),
(175, 64),
(176, 64),
(177, 64),
(178, 64),
(179, 64),
(180, 64),
(181, 64),
(182, 64),
(183, 64),
(184, 64),
(185, 64),
(186, 64),
(187, 64),
(188, 64),
(189, 64),
(190, 64),
(281, 64),
(282, 64),
(283, 64),
(284, 64),
(285, 64),
(286, 64),
(287, 64),
(288, 64),
(289, 64),
(290, 64),
(2, 65),
(3, 65),
(4, 65),
(5, 65),
(6, 65),
(7, 65),
(8, 65),
(9, 65),
(10, 65),
(171, 65),
(172, 65),
(173, 65),
(174, 65),
(175, 65),
(176, 65),
(177, 65),
(178, 65),
(179, 65),
(180, 65),
(181, 65),
(182, 65),
(183, 65),
(184, 65),
(185, 65),
(186, 65),
(187, 65),
(188, 65),
(189, 65),
(190, 65),
(281, 65),
(282, 65),
(283, 65),
(284, 65),
(285, 65),
(286, 65),
(287, 65),
(288, 65),
(289, 65),
(290, 65),
(1, 66),
(261, 66),
(262, 66),
(263, 66),
(264, 66),
(265, 66),
(266, 66),
(267, 66),
(268, 66),
(269, 66),
(270, 66),
(321, 66),
(322, 66),
(323, 66),
(324, 66),
(325, 66),
(326, 66),
(327, 66),
(328, 66),
(329, 66),
(330, 66),
(261, 67),
(262, 67),
(263, 67),
(264, 67),
(265, 67),
(266, 67),
(267, 67),
(268, 67),
(269, 67),
(270, 67),
(261, 68),
(262, 68),
(263, 68),
(264, 68),
(265, 68),
(266, 68),
(267, 68),
(268, 68),
(269, 68),
(270, 68),
(321, 68),
(322, 68),
(323, 68),
(324, 68),
(325, 68),
(326, 68),
(327, 68),
(328, 68),
(329, 68),
(330, 68),
(261, 69),
(262, 69),
(263, 69),
(264, 69),
(265, 69),
(266, 69),
(267, 69),
(268, 69),
(269, 69),
(270, 69),
(261, 71),
(262, 71),
(263, 71),
(264, 71),
(265, 71),
(266, 71),
(267, 71),
(268, 71),
(269, 71),
(270, 71),
(321, 71),
(322, 71),
(323, 71),
(324, 71),
(325, 71),
(326, 71),
(327, 71),
(328, 71),
(329, 71),
(330, 71),
(261, 72),
(262, 72),
(263, 72),
(264, 72),
(265, 72),
(266, 72),
(267, 72),
(268, 72),
(269, 72),
(270, 72),
(301, 73),
(302, 73),
(303, 73),
(304, 73),
(305, 73),
(306, 73),
(307, 73),
(308, 73),
(309, 73),
(310, 73),
(301, 74),
(302, 74),
(303, 74),
(304, 74),
(305, 74),
(306, 74),
(307, 74),
(308, 74),
(309, 74),
(310, 74),
(101, 75),
(102, 75),
(103, 75),
(104, 75),
(105, 75),
(106, 75),
(107, 75),
(108, 75),
(109, 75),
(110, 75),
(116, 75),
(117, 75),
(118, 75),
(119, 75),
(120, 75),
(126, 75),
(127, 75),
(128, 75),
(129, 75),
(130, 75),
(201, 75),
(202, 75),
(203, 75),
(204, 75),
(205, 75),
(206, 75),
(207, 75),
(208, 75),
(209, 75),
(210, 75),
(301, 75),
(302, 75),
(303, 75),
(304, 75),
(305, 75),
(306, 75),
(307, 75),
(308, 75),
(309, 75),
(310, 75),
(101, 76),
(102, 76),
(103, 76),
(104, 76),
(105, 76),
(106, 76),
(107, 76),
(108, 76),
(109, 76),
(110, 76),
(116, 76),
(117, 76),
(118, 76),
(119, 76),
(120, 76),
(126, 76),
(127, 76),
(128, 76),
(129, 76),
(130, 76),
(201, 76),
(202, 76),
(203, 76),
(204, 76),
(205, 76),
(206, 76),
(207, 76),
(208, 76),
(209, 76),
(210, 76),
(301, 76),
(302, 76),
(303, 76),
(304, 76),
(305, 76),
(306, 76),
(307, 76),
(308, 76),
(309, 76),
(310, 76),
(101, 77),
(102, 77),
(103, 77),
(104, 77),
(105, 77),
(106, 77),
(107, 77),
(108, 77),
(109, 77),
(110, 77),
(116, 77),
(117, 77),
(118, 77),
(119, 77),
(120, 77),
(126, 77),
(127, 77),
(128, 77),
(129, 77),
(130, 77),
(201, 77),
(202, 77),
(203, 77),
(204, 77),
(205, 77),
(206, 77),
(207, 77),
(208, 77),
(209, 77),
(210, 77),
(301, 77),
(302, 77),
(303, 77),
(304, 77),
(305, 77),
(306, 77),
(307, 77),
(308, 77),
(309, 77),
(310, 77),
(41, 78),
(42, 78),
(43, 78),
(44, 78),
(45, 78),
(46, 78),
(47, 78),
(48, 78),
(49, 78),
(50, 78),
(81, 78),
(82, 78),
(83, 78),
(84, 78),
(85, 78),
(86, 78),
(87, 78),
(88, 78),
(89, 78),
(90, 78),
(111, 78),
(112, 78),
(113, 78),
(114, 78),
(115, 78),
(116, 78),
(117, 78),
(118, 78),
(119, 78),
(120, 78),
(121, 78),
(122, 78),
(123, 78),
(124, 78),
(125, 78),
(126, 78),
(127, 78),
(128, 78),
(129, 78),
(130, 78),
(1, 79),
(2, 79),
(3, 79),
(4, 79),
(5, 79),
(6, 79),
(7, 79),
(8, 79),
(9, 79),
(10, 79),
(81, 79),
(82, 79),
(83, 79),
(84, 79),
(85, 79),
(86, 79),
(87, 79),
(88, 79),
(89, 79),
(90, 79),
(111, 79),
(112, 79),
(113, 79),
(114, 79),
(115, 79),
(116, 79),
(117, 79),
(118, 79),
(119, 79),
(120, 79),
(121, 79),
(122, 79),
(123, 79),
(124, 79),
(125, 79),
(126, 79),
(127, 79),
(128, 79),
(129, 79),
(130, 79),
(161, 79),
(162, 79),
(163, 79),
(164, 79),
(165, 79),
(166, 79),
(167, 79),
(168, 79),
(169, 79),
(170, 79),
(171, 79),
(172, 79),
(173, 79),
(174, 79),
(175, 79),
(176, 79),
(177, 79),
(178, 79),
(179, 79),
(180, 79),
(191, 79),
(192, 79),
(193, 79),
(194, 79),
(195, 79),
(196, 79),
(197, 79),
(198, 79),
(199, 79),
(200, 79),
(281, 79),
(282, 79),
(283, 79),
(284, 79),
(285, 79),
(286, 79),
(287, 79),
(288, 79),
(289, 79),
(290, 79),
(291, 79),
(292, 79),
(293, 79),
(294, 79),
(295, 79),
(296, 79),
(297, 79),
(298, 79),
(299, 79),
(300, 79),
(371, 79),
(372, 79),
(373, 79),
(374, 79),
(375, 79),
(376, 79),
(377, 79),
(378, 79),
(379, 79),
(380, 79),
(1, 80),
(2, 80),
(3, 80),
(4, 80),
(5, 80),
(6, 80),
(7, 80),
(8, 80),
(9, 80),
(10, 80),
(81, 80),
(82, 80),
(83, 80),
(84, 80),
(85, 80),
(86, 80),
(87, 80),
(88, 80),
(89, 80),
(90, 80),
(111, 80),
(112, 80),
(113, 80),
(114, 80),
(115, 80),
(116, 80),
(117, 80),
(118, 80),
(119, 80),
(120, 80),
(121, 80),
(122, 80),
(123, 80),
(124, 80),
(125, 80),
(126, 80),
(127, 80),
(128, 80),
(129, 80),
(130, 80),
(171, 80),
(172, 80),
(173, 80),
(174, 80),
(175, 80),
(176, 80),
(177, 80),
(178, 80),
(179, 80),
(180, 80),
(191, 80),
(192, 80),
(193, 80),
(194, 80),
(195, 80),
(196, 80),
(197, 80),
(198, 80),
(199, 80),
(200, 80),
(281, 80),
(282, 80),
(283, 80),
(284, 80),
(285, 80),
(286, 80),
(287, 80),
(288, 80),
(289, 80),
(290, 80),
(291, 80),
(292, 80),
(293, 80),
(294, 80),
(295, 80),
(296, 80),
(297, 80),
(298, 80),
(299, 80),
(300, 80),
(371, 80),
(372, 80),
(373, 80),
(374, 80),
(375, 80),
(376, 80),
(377, 80),
(378, 80),
(379, 80),
(380, 80),
(1, 81),
(2, 81),
(3, 81),
(4, 81),
(5, 81),
(6, 81),
(7, 81),
(8, 81),
(9, 81),
(10, 81),
(81, 81),
(82, 81),
(83, 81),
(84, 81),
(85, 81),
(86, 81),
(87, 81),
(88, 81),
(89, 81),
(90, 81),
(111, 81),
(112, 81),
(113, 81),
(114, 81),
(115, 81),
(116, 81),
(117, 81),
(118, 81),
(119, 81),
(120, 81),
(121, 81),
(122, 81),
(123, 81),
(124, 81),
(125, 81),
(126, 81),
(127, 81),
(128, 81),
(129, 81),
(130, 81),
(161, 81),
(162, 81),
(163, 81),
(164, 81),
(165, 81),
(166, 81),
(167, 81),
(168, 81),
(169, 81),
(170, 81),
(171, 81),
(172, 81),
(173, 81),
(174, 81),
(175, 81),
(176, 81),
(177, 81),
(178, 81),
(179, 81),
(180, 81),
(191, 81),
(192, 81),
(193, 81),
(194, 81),
(195, 81),
(196, 81),
(197, 81),
(198, 81),
(199, 81),
(200, 81),
(281, 81),
(282, 81),
(283, 81),
(284, 81),
(285, 81),
(286, 81),
(287, 81),
(288, 81),
(289, 81),
(290, 81),
(291, 81),
(292, 81),
(293, 81),
(294, 81),
(295, 81),
(296, 81),
(297, 81),
(298, 81),
(299, 81),
(300, 81),
(371, 81),
(372, 81),
(373, 81),
(374, 81),
(375, 81),
(376, 81),
(377, 81),
(378, 81),
(379, 81),
(380, 81),
(51, 82),
(52, 82),
(53, 82),
(54, 82),
(55, 82),
(56, 82),
(57, 82),
(58, 82),
(59, 82),
(60, 82),
(71, 82),
(72, 82),
(73, 82),
(74, 82),
(75, 82),
(76, 82),
(77, 82),
(78, 82),
(79, 82),
(80, 82),
(161, 82),
(162, 82),
(163, 82),
(164, 82),
(165, 82),
(166, 82),
(167, 82),
(168, 82),
(169, 82),
(170, 82),
(51, 83),
(52, 83),
(53, 83),
(54, 83),
(55, 83),
(56, 83),
(57, 83),
(58, 83),
(59, 83),
(60, 83),
(71, 83),
(72, 83),
(73, 83),
(74, 83),
(75, 83),
(76, 83),
(77, 83),
(78, 83),
(79, 83),
(80, 83),
(341, 83),
(342, 83),
(343, 83),
(344, 83),
(345, 83),
(346, 83),
(347, 83),
(348, 83),
(349, 83),
(350, 83),
(351, 83),
(352, 83),
(353, 83),
(354, 83),
(355, 83),
(356, 83),
(357, 83),
(358, 83),
(359, 83),
(360, 83),
(15, 84),
(16, 84),
(17, 84),
(18, 84),
(19, 84),
(20, 84),
(51, 84),
(52, 84),
(53, 84),
(54, 84),
(55, 84),
(56, 84),
(57, 84),
(58, 84),
(59, 84),
(60, 84),
(71, 84),
(72, 84),
(73, 84),
(74, 84),
(75, 84),
(76, 84),
(77, 84),
(78, 84),
(79, 84),
(80, 84),
(161, 84),
(162, 84),
(163, 84),
(164, 84),
(165, 84),
(166, 84),
(167, 84),
(168, 84),
(169, 84),
(170, 84),
(51, 85),
(52, 85),
(53, 85),
(54, 85),
(55, 85),
(56, 85),
(57, 85),
(58, 85),
(59, 85),
(60, 85),
(71, 85),
(72, 85),
(73, 85),
(74, 85),
(75, 85),
(76, 85),
(77, 85),
(78, 85),
(79, 85),
(80, 85),
(351, 85),
(352, 85),
(353, 85),
(354, 85),
(355, 85),
(356, 85),
(357, 85),
(358, 85),
(359, 85),
(360, 85),
(15, 86),
(16, 86),
(17, 86),
(18, 86),
(19, 86),
(20, 86),
(51, 86),
(52, 86),
(53, 86),
(54, 86),
(55, 86),
(56, 86),
(57, 86),
(58, 86),
(59, 86),
(60, 86),
(71, 86),
(72, 86),
(73, 86),
(74, 86),
(75, 86),
(76, 86),
(77, 86),
(78, 86),
(79, 86),
(80, 86),
(161, 86),
(162, 86),
(163, 86),
(164, 86),
(165, 86),
(166, 86),
(167, 86),
(168, 86),
(169, 86),
(170, 86);

--
-- Índices para tablas volcadas
--

--
-- Indices de la tabla `ataques`
--
ALTER TABLE `ataques`
 ADD PRIMARY KEY (`clave`);

--
-- Indices de la tabla `pokedex`
--
ALTER TABLE `pokedex`
 ADD PRIMARY KEY (`clave`);

--
-- Indices de la tabla `pokemonataques`
--
ALTER TABLE `pokemonataques`
 ADD PRIMARY KEY (`clavePoke`,`claveAtaq`), ADD KEY `claveAtaq` (`claveAtaq`);

--
-- Restricciones para tablas volcadas
--

--
-- Filtros para la tabla `pokemonataques`
--
ALTER TABLE `pokemonataques`
ADD CONSTRAINT `pokemonataques_ibfk_1` FOREIGN KEY (`clavePoke`) REFERENCES `pokedex` (`clave`),
ADD CONSTRAINT `pokemonataques_ibfk_2` FOREIGN KEY (`claveAtaq`) REFERENCES `ataques` (`clave`);
--
-- Base de datos: `prueba`
--

-- --------------------------------------------------------

--
-- Estructura de tabla para la tabla `tabla`
--

CREATE TABLE IF NOT EXISTS `tabla` (
  `id` int(11) DEFAULT NULL,
  `nombre` varchar(30) DEFAULT NULL
) ENGINE=InnoDB DEFAULT CHARSET=latin1;

--
-- Volcado de datos para la tabla `tabla`
--

INSERT INTO `tabla` (`id`, `nombre`) VALUES
(1, 'pepe'),
(2, 'pepito'),
(3, 'Juan');
--
-- Base de datos: `test`
--
--
-- Base de datos: `tienda`
--

-- --------------------------------------------------------

--
-- Estructura de tabla para la tabla `artfab`
--

CREATE TABLE IF NOT EXISTS `artfab` (
  `nombreArt` varchar(30) COLLATE utf8_spanish_ci NOT NULL DEFAULT '',
  `nombreFab` varchar(30) COLLATE utf8_spanish_ci NOT NULL DEFAULT '',
  `precio` float(6,2) DEFAULT NULL,
  `IVA` float(6,2) DEFAULT NULL
) ENGINE=InnoDB DEFAULT CHARSET=utf8 COLLATE=utf8_spanish_ci;

-- --------------------------------------------------------

--
-- Estructura de tabla para la tabla `articulos`
--

CREATE TABLE IF NOT EXISTS `articulos` (
  `ClArt` int(11) NOT NULL,
  `Nombre` varchar(30) COLLATE utf8_spanish_ci NOT NULL,
  `Precio` int(11) NOT NULL,
  `ClFab` int(11) NOT NULL
) ENGINE=InnoDB DEFAULT CHARSET=utf8 COLLATE=utf8_spanish_ci;

--
-- Volcado de datos para la tabla `articulos`
--

INSERT INTO `articulos` (`ClArt`, `Nombre`, `Precio`, `ClFab`) VALUES
(1, 'uno', 140, 10),
(2, 'dos', 120, 20),
(3, 'tres', 130, 30),
(4, 'cuatro', 150, 40),
(5, 'cinco', 160, 10),
(6, 'seis', 170, 20);

-- --------------------------------------------------------

--
-- Estructura de tabla para la tabla `fabricantes`
--

CREATE TABLE IF NOT EXISTS `fabricantes` (
  `ClFab` int(11) NOT NULL,
  `Nombre` varchar(30) COLLATE utf8_spanish_ci NOT NULL
) ENGINE=InnoDB DEFAULT CHARSET=utf8 COLLATE=utf8_spanish_ci;

--
-- Volcado de datos para la tabla `fabricantes`
--

INSERT INTO `fabricantes` (`ClFab`, `Nombre`) VALUES
(10, 'fab10'),
(20, 'fab20'),
(30, 'fab30'),
(40, 'fab40');

--
-- Índices para tablas volcadas
--

--
-- Indices de la tabla `artfab`
--
ALTER TABLE `artfab`
 ADD PRIMARY KEY (`nombreArt`,`nombreFab`);

--
-- Indices de la tabla `articulos`
--
ALTER TABLE `articulos`
 ADD PRIMARY KEY (`ClArt`), ADD KEY `ClFab` (`ClFab`);

--
-- Indices de la tabla `fabricantes`
--
ALTER TABLE `fabricantes`
 ADD PRIMARY KEY (`ClFab`);

--
-- Restricciones para tablas volcadas
--

--
-- Filtros para la tabla `articulos`
--
ALTER TABLE `articulos`
ADD CONSTRAINT `fk_art_fab` FOREIGN KEY (`ClFab`) REFERENCES `fabricantes` (`ClFab`) ON DELETE CASCADE ON UPDATE CASCADE;
--
-- Base de datos: `webauth`
--

-- --------------------------------------------------------

--
-- Estructura de tabla para la tabla `user_pwd`
--

CREATE TABLE IF NOT EXISTS `user_pwd` (
  `name` char(30) COLLATE latin1_general_ci NOT NULL DEFAULT '',
  `pass` char(32) COLLATE latin1_general_ci NOT NULL DEFAULT ''
) ENGINE=MyISAM DEFAULT CHARSET=latin1 COLLATE=latin1_general_ci;

--
-- Volcado de datos para la tabla `user_pwd`
--

INSERT INTO `user_pwd` (`name`, `pass`) VALUES
('xampp', 'wampp');

--
-- Índices para tablas volcadas
--

--
-- Indices de la tabla `user_pwd`
--
ALTER TABLE `user_pwd`
 ADD PRIMARY KEY (`name`);

/*!40101 SET CHARACTER_SET_CLIENT=@OLD_CHARACTER_SET_CLIENT */;
/*!40101 SET CHARACTER_SET_RESULTS=@OLD_CHARACTER_SET_RESULTS */;
/*!40101 SET COLLATION_CONNECTION=@OLD_COLLATION_CONNECTION */;
